
=============
== PyTorch ==
=============

NVIDIA Release 25.02 (build 143088496)
PyTorch Version 2.7.0a0+ecf3bae
Container image Copyright (c) 2025, NVIDIA CORPORATION & AFFILIATES. All rights reserved.
Copyright (c) 2014-2024 Facebook Inc.
Copyright (c) 2011-2014 Idiap Research Institute (Ronan Collobert)
Copyright (c) 2012-2014 Deepmind Technologies    (Koray Kavukcuoglu)
Copyright (c) 2011-2012 NEC Laboratories America (Koray Kavukcuoglu)
Copyright (c) 2011-2013 NYU                      (Clement Farabet)
Copyright (c) 2006-2010 NEC Laboratories America (Ronan Collobert, Leon Bottou, Iain Melvin, Jason Weston)
Copyright (c) 2006      Idiap Research Institute (Samy Bengio)
Copyright (c) 2001-2004 Idiap Research Institute (Ronan Collobert, Samy Bengio, Johnny Mariethoz)
Copyright (c) 2015      Google Inc.
Copyright (c) 2015      Yangqing Jia
Copyright (c) 2013-2016 The Caffe contributors
All rights reserved.

Various files include modifications (c) NVIDIA CORPORATION & AFFILIATES.  All rights reserved.

This container image and its contents are governed by the NVIDIA Deep Learning Container License.
By pulling and using the container, you accept the terms and conditions of this license:
https://developer.nvidia.com/ngc/nvidia-deep-learning-container-license

Loading data
Traj  112 Time  0   612
Traj  113 Time  0   853
Traj  114 Time  0   850
Traj  115 Time  0   1054
Traj  116 Time  0   761
Traj  118 Time  0   917
Traj  119 Time  0   1022
Traj  120 Time  0   1038
Traj  121 Time  0   919
Traj  122 Time  0   859
Traj  123 Time  0   902
Traj  125 Time  0   891
Traj  126 Time  0   901
Traj  127 Time  0   884
Traj  128 Time  0   925
Traj  129 Time  0   922
Traj  130 Time  0   914
Traj  131 Time  0   893
Traj  133 Time  0   844
Traj  134 Time  0   865
Traj  135 Time  0   897
Traj  136 Time  0   1024
Traj  137 Time  0   1030
Traj  138 Time  0   922
Traj  140 Time  0   1057
2.7.0a0+ecf3bae40a.nv25.02
===============================================================================================
Layer (type:depth-idx)                        Output Shape              Param #
===============================================================================================
UNet1                                         [1, 1, 256, 512]          --
├─DoubleConv: 1-1                             [1, 64, 256, 64]          --
│    └─Sequential: 2-1                        [1, 64, 256, 64]          --
│    │    └─Conv2d: 3-1                       [1, 64, 256, 64]          23,680
│    │    └─BatchNorm2d: 3-2                  [1, 64, 256, 64]          128
│    │    └─ReLU: 3-3                         [1, 64, 256, 64]          --
│    │    └─Conv2d: 3-4                       [1, 64, 256, 64]          36,928
│    │    └─BatchNorm2d: 3-5                  [1, 64, 256, 64]          128
│    │    └─ReLU: 3-6                         [1, 64, 256, 64]          --
├─Down: 1-2                                   [1, 128, 128, 32]         --
│    └─Sequential: 2-2                        [1, 128, 128, 32]         --
│    │    └─MaxPool2d: 3-7                    [1, 64, 128, 32]          --
│    │    └─DoubleConv: 3-8                   [1, 128, 128, 32]         221,952
├─Down: 1-3                                   [1, 256, 64, 16]          --
│    └─Sequential: 2-3                        [1, 256, 64, 16]          --
│    │    └─MaxPool2d: 3-9                    [1, 128, 64, 16]          --
│    │    └─DoubleConv: 3-10                  [1, 256, 64, 16]          886,272
├─Down: 1-4                                   [1, 512, 32, 8]           --
│    └─Sequential: 2-4                        [1, 512, 32, 8]           --
│    │    └─MaxPool2d: 3-11                   [1, 256, 32, 8]           --
│    │    └─DoubleConv: 3-12                  [1, 512, 32, 8]           3,542,016
├─Down: 1-5                                   [1, 512, 16, 4]           --
│    └─Sequential: 2-5                        [1, 512, 16, 4]           --
│    │    └─MaxPool2d: 3-13                   [1, 512, 16, 4]           --
│    │    └─DoubleConv: 3-14                  [1, 512, 16, 4]           4,721,664
├─Up: 1-6                                     [1, 256, 32, 8]           --
│    └─Upsample: 2-6                          [1, 512, 32, 8]           --
│    └─DoubleConv: 2-7                        [1, 256, 32, 8]           --
│    │    └─Sequential: 3-15                  [1, 256, 32, 8]           5,900,544
├─Up: 1-7                                     [1, 128, 64, 16]          --
│    └─Upsample: 2-8                          [1, 256, 64, 16]          --
│    └─DoubleConv: 2-9                        [1, 128, 64, 16]          --
│    │    └─Sequential: 3-16                  [1, 128, 64, 16]          1,475,712
├─Up: 1-8                                     [1, 64, 128, 32]          --
│    └─Upsample: 2-10                         [1, 128, 128, 32]         --
│    └─DoubleConv: 2-11                       [1, 64, 128, 32]          --
│    │    └─Sequential: 3-17                  [1, 64, 128, 32]          369,216
├─Up: 1-9                                     [1, 64, 256, 64]          --
│    └─Upsample: 2-12                         [1, 64, 256, 64]          --
│    └─DoubleConv: 2-13                       [1, 64, 256, 64]          --
│    │    └─Sequential: 3-18                  [1, 64, 256, 64]          110,976
├─Up_nocat: 1-10                              [1, 64, 256, 128]         --
│    └─Upsample: 2-14                         [1, 64, 256, 128]         --
│    └─DoubleConv: 2-15                       [1, 64, 256, 128]         --
│    │    └─Sequential: 3-19                  [1, 64, 256, 128]         74,112
├─Up_nocat: 1-11                              [1, 64, 256, 256]         --
│    └─Upsample: 2-16                         [1, 64, 256, 256]         --
│    └─DoubleConv: 2-17                       [1, 64, 256, 256]         --
│    │    └─Sequential: 3-20                  [1, 64, 256, 256]         74,112
├─Up_nocat: 1-12                              [1, 64, 256, 512]         --
│    └─Upsample: 2-18                         [1, 64, 256, 512]         --
│    └─DoubleConv: 2-19                       [1, 64, 256, 512]         --
│    │    └─Sequential: 3-21                  [1, 64, 256, 512]         74,112
├─OutConv: 1-13                               [1, 1, 256, 512]          --
│    └─Conv2d: 2-20                           [1, 1, 256, 512]          65
├─Sigmoid: 1-14                               [1, 1, 256, 512]          --
===============================================================================================
Total params: 17,511,617
Trainable params: 17,511,617
Non-trainable params: 0
Total mult-adds (Units.GIGABYTES): 27.31
===============================================================================================
Input size (MB): 2.69
Forward/backward pass size (MB): 590.35
Params size (MB): 70.05
Estimated Total Size (MB): 663.08
===============================================================================================
==========Epoch 0==========
Train Epoch: 0 [0/3631 (0%)]	Gen Loss: 0.761233 
Train Epoch: 0 [100/3631 (3%)]	Gen Loss: 0.381412 
Train Epoch: 0 [200/3631 (6%)]	Gen Loss: 0.339972 
Train Epoch: 0 [300/3631 (8%)]	Gen Loss: 0.307048 
Train Epoch: 0 [400/3631 (11%)]	Gen Loss: 0.280808 
Train Epoch: 0 [500/3631 (14%)]	Gen Loss: 0.260227 
Train Epoch: 0 [600/3631 (17%)]	Gen Loss: 0.243986 
Train Epoch: 0 [700/3631 (19%)]	Gen Loss: 0.226147 
Train Epoch: 0 [800/3631 (22%)]	Gen Loss: 0.211178 
Train Epoch: 0 [900/3631 (25%)]	Gen Loss: 0.201791 
Train Epoch: 0 [1000/3631 (28%)]	Gen Loss: 0.191711 
Train Epoch: 0 [1100/3631 (30%)]	Gen Loss: 0.183710 
Train Epoch: 0 [1200/3631 (33%)]	Gen Loss: 0.177213 
Train Epoch: 0 [1300/3631 (36%)]	Gen Loss: 0.169048 
Train Epoch: 0 [1400/3631 (39%)]	Gen Loss: 0.163855 
Train Epoch: 0 [1500/3631 (41%)]	Gen Loss: 0.161064 
Train Epoch: 0 [1600/3631 (44%)]	Gen Loss: 0.156768 
Train Epoch: 0 [1700/3631 (47%)]	Gen Loss: 0.157241 
Train Epoch: 0 [1800/3631 (50%)]	Gen Loss: 0.147673 
Train Epoch: 0 [1900/3631 (52%)]	Gen Loss: 0.146957 
Train Epoch: 0 [2000/3631 (55%)]	Gen Loss: 0.146109 
Train Epoch: 0 [2100/3631 (58%)]	Gen Loss: 0.142267 
Train Epoch: 0 [2200/3631 (61%)]	Gen Loss: 0.140777 
Train Epoch: 0 [2300/3631 (63%)]	Gen Loss: 0.135715 
Train Epoch: 0 [2400/3631 (66%)]	Gen Loss: 0.132612 
Train Epoch: 0 [2500/3631 (69%)]	Gen Loss: 0.139079 
Train Epoch: 0 [2600/3631 (72%)]	Gen Loss: 0.133717 
Train Epoch: 0 [2700/3631 (74%)]	Gen Loss: 0.129154 
Train Epoch: 0 [2800/3631 (77%)]	Gen Loss: 0.129982 
Train Epoch: 0 [2900/3631 (80%)]	Gen Loss: 0.134919 
Train Epoch: 0 [3000/3631 (83%)]	Gen Loss: 0.128805 
Train Epoch: 0 [3100/3631 (85%)]	Gen Loss: 0.119221 
Train Epoch: 0 [3200/3631 (88%)]	Gen Loss: 0.121854 
Train Epoch: 0 [3300/3631 (91%)]	Gen Loss: 0.127883 
Train Epoch: 0 [3400/3631 (94%)]	Gen Loss: 0.127500 
Train Epoch: 0 [3500/3631 (96%)]	Gen Loss: 0.124633 
Train Epoch: 0 [3600/3631 (99%)]	Gen Loss: 0.130135 
==========Epoch 1==========
Train Epoch: 1 [0/3631 (0%)]	Gen Loss: 0.124194 
Train Epoch: 1 [100/3631 (3%)]	Gen Loss: 0.112896 
Train Epoch: 1 [200/3631 (6%)]	Gen Loss: 0.127593 
Train Epoch: 1 [300/3631 (8%)]	Gen Loss: 0.123044 
Train Epoch: 1 [400/3631 (11%)]	Gen Loss: 0.123828 
Train Epoch: 1 [500/3631 (14%)]	Gen Loss: 0.120017 
Train Epoch: 1 [600/3631 (17%)]	Gen Loss: 0.120805 
Train Epoch: 1 [700/3631 (19%)]	Gen Loss: 0.109758 
Train Epoch: 1 [800/3631 (22%)]	Gen Loss: 0.122336 
Train Epoch: 1 [900/3631 (25%)]	Gen Loss: 0.110518 
Train Epoch: 1 [1000/3631 (28%)]	Gen Loss: 0.113524 
Train Epoch: 1 [1100/3631 (30%)]	Gen Loss: 0.115361 
Train Epoch: 1 [1200/3631 (33%)]	Gen Loss: 0.117120 
Train Epoch: 1 [1300/3631 (36%)]	Gen Loss: 0.108849 
Train Epoch: 1 [1400/3631 (39%)]	Gen Loss: 0.117242 
Train Epoch: 1 [1500/3631 (41%)]	Gen Loss: 0.113536 
Train Epoch: 1 [1600/3631 (44%)]	Gen Loss: 0.115553 
Train Epoch: 1 [1700/3631 (47%)]	Gen Loss: 0.108624 
Train Epoch: 1 [1800/3631 (50%)]	Gen Loss: 0.103829 
Train Epoch: 1 [1900/3631 (52%)]	Gen Loss: 0.119906 
Train Epoch: 1 [2000/3631 (55%)]	Gen Loss: 0.111397 
Train Epoch: 1 [2100/3631 (58%)]	Gen Loss: 0.115552 
Train Epoch: 1 [2200/3631 (61%)]	Gen Loss: 0.112039 
Train Epoch: 1 [2300/3631 (63%)]	Gen Loss: 0.101304 
Train Epoch: 1 [2400/3631 (66%)]	Gen Loss: 0.106892 
Train Epoch: 1 [2500/3631 (69%)]	Gen Loss: 0.108511 
Train Epoch: 1 [2600/3631 (72%)]	Gen Loss: 0.117564 
Train Epoch: 1 [2700/3631 (74%)]	Gen Loss: 0.110762 
Train Epoch: 1 [2800/3631 (77%)]	Gen Loss: 0.107804 
Train Epoch: 1 [2900/3631 (80%)]	Gen Loss: 0.106845 
Train Epoch: 1 [3000/3631 (83%)]	Gen Loss: 0.108521 
Train Epoch: 1 [3100/3631 (85%)]	Gen Loss: 0.112760 
Train Epoch: 1 [3200/3631 (88%)]	Gen Loss: 0.111365 
Train Epoch: 1 [3300/3631 (91%)]	Gen Loss: 0.115599 
Train Epoch: 1 [3400/3631 (94%)]	Gen Loss: 0.112352 
Train Epoch: 1 [3500/3631 (96%)]	Gen Loss: 0.106041 
Train Epoch: 1 [3600/3631 (99%)]	Gen Loss: 0.107474 
==========Epoch 2==========
Train Epoch: 2 [0/3631 (0%)]	Gen Loss: 0.098812 
Train Epoch: 2 [100/3631 (3%)]	Gen Loss: 0.107801 
Train Epoch: 2 [200/3631 (6%)]	Gen Loss: 0.113955 
Train Epoch: 2 [300/3631 (8%)]	Gen Loss: 0.097890 
Train Epoch: 2 [400/3631 (11%)]	Gen Loss: 0.125346 
Train Epoch: 2 [500/3631 (14%)]	Gen Loss: 0.110859 
Train Epoch: 2 [600/3631 (17%)]	Gen Loss: 0.108076 
Train Epoch: 2 [700/3631 (19%)]	Gen Loss: 0.109472 
Train Epoch: 2 [800/3631 (22%)]	Gen Loss: 0.104843 
Train Epoch: 2 [900/3631 (25%)]	Gen Loss: 0.093849 
Train Epoch: 2 [1000/3631 (28%)]	Gen Loss: 0.106553 
Train Epoch: 2 [1100/3631 (30%)]	Gen Loss: 0.105383 
Train Epoch: 2 [1200/3631 (33%)]	Gen Loss: 0.090690 
Train Epoch: 2 [1300/3631 (36%)]	Gen Loss: 0.101563 
Train Epoch: 2 [1400/3631 (39%)]	Gen Loss: 0.092168 
Train Epoch: 2 [1500/3631 (41%)]	Gen Loss: 0.114111 
Train Epoch: 2 [1600/3631 (44%)]	Gen Loss: 0.105906 
Train Epoch: 2 [1700/3631 (47%)]	Gen Loss: 0.105138 
Train Epoch: 2 [1800/3631 (50%)]	Gen Loss: 0.096547 
Train Epoch: 2 [1900/3631 (52%)]	Gen Loss: 0.103188 
Train Epoch: 2 [2000/3631 (55%)]	Gen Loss: 0.093461 
Train Epoch: 2 [2100/3631 (58%)]	Gen Loss: 0.093771 
Train Epoch: 2 [2200/3631 (61%)]	Gen Loss: 0.089010 
Train Epoch: 2 [2300/3631 (63%)]	Gen Loss: 0.093899 
Train Epoch: 2 [2400/3631 (66%)]	Gen Loss: 0.102191 
Train Epoch: 2 [2500/3631 (69%)]	Gen Loss: 0.096054 
Train Epoch: 2 [2600/3631 (72%)]	Gen Loss: 0.107103 
Train Epoch: 2 [2700/3631 (74%)]	Gen Loss: 0.107084 
Train Epoch: 2 [2800/3631 (77%)]	Gen Loss: 0.104934 
Train Epoch: 2 [2900/3631 (80%)]	Gen Loss: 0.090952 
Train Epoch: 2 [3000/3631 (83%)]	Gen Loss: 0.107356 
Train Epoch: 2 [3100/3631 (85%)]	Gen Loss: 0.096868 
Train Epoch: 2 [3200/3631 (88%)]	Gen Loss: 0.102623 
Train Epoch: 2 [3300/3631 (91%)]	Gen Loss: 0.100378 
Train Epoch: 2 [3400/3631 (94%)]	Gen Loss: 0.093607 
Train Epoch: 2 [3500/3631 (96%)]	Gen Loss: 0.094281 
Train Epoch: 2 [3600/3631 (99%)]	Gen Loss: 0.093470 
==========Epoch 3==========
Train Epoch: 3 [0/3631 (0%)]	Gen Loss: 0.089582 
Train Epoch: 3 [100/3631 (3%)]	Gen Loss: 0.103607 
Train Epoch: 3 [200/3631 (6%)]	Gen Loss: 0.097035 
Train Epoch: 3 [300/3631 (8%)]	Gen Loss: 0.098388 
Train Epoch: 3 [400/3631 (11%)]	Gen Loss: 0.104864 
Train Epoch: 3 [500/3631 (14%)]	Gen Loss: 0.098917 
Train Epoch: 3 [600/3631 (17%)]	Gen Loss: 0.105485 
Train Epoch: 3 [700/3631 (19%)]	Gen Loss: 0.095040 
Train Epoch: 3 [800/3631 (22%)]	Gen Loss: 0.097386 
Train Epoch: 3 [900/3631 (25%)]	Gen Loss: 0.098266 
Train Epoch: 3 [1000/3631 (28%)]	Gen Loss: 0.101418 
Train Epoch: 3 [1100/3631 (30%)]	Gen Loss: 0.110184 
Train Epoch: 3 [1200/3631 (33%)]	Gen Loss: 0.094300 
Train Epoch: 3 [1300/3631 (36%)]	Gen Loss: 0.093432 
Train Epoch: 3 [1400/3631 (39%)]	Gen Loss: 0.098732 
Train Epoch: 3 [1500/3631 (41%)]	Gen Loss: 0.101014 
Train Epoch: 3 [1600/3631 (44%)]	Gen Loss: 0.096676 
Train Epoch: 3 [1700/3631 (47%)]	Gen Loss: 0.082964 
Train Epoch: 3 [1800/3631 (50%)]	Gen Loss: 0.099638 
Train Epoch: 3 [1900/3631 (52%)]	Gen Loss: 0.108682 
Train Epoch: 3 [2000/3631 (55%)]	Gen Loss: 0.076974 
Train Epoch: 3 [2100/3631 (58%)]	Gen Loss: 0.102128 
Train Epoch: 3 [2200/3631 (61%)]	Gen Loss: 0.094907 
Train Epoch: 3 [2300/3631 (63%)]	Gen Loss: 0.085980 
Train Epoch: 3 [2400/3631 (66%)]	Gen Loss: 0.105669 
Train Epoch: 3 [2500/3631 (69%)]	Gen Loss: 0.097407 
Train Epoch: 3 [2600/3631 (72%)]	Gen Loss: 0.095540 
Train Epoch: 3 [2700/3631 (74%)]	Gen Loss: 0.090784 
Train Epoch: 3 [2800/3631 (77%)]	Gen Loss: 0.083254 
Train Epoch: 3 [2900/3631 (80%)]	Gen Loss: 0.102285 
Train Epoch: 3 [3000/3631 (83%)]	Gen Loss: 0.081037 
Train Epoch: 3 [3100/3631 (85%)]	Gen Loss: 0.085960 
Train Epoch: 3 [3200/3631 (88%)]	Gen Loss: 0.086453 
Train Epoch: 3 [3300/3631 (91%)]	Gen Loss: 0.084571 
Train Epoch: 3 [3400/3631 (94%)]	Gen Loss: 0.100496 
Train Epoch: 3 [3500/3631 (96%)]	Gen Loss: 0.082074 
Train Epoch: 3 [3600/3631 (99%)]	Gen Loss: 0.090224 
==========Epoch 4==========
Train Epoch: 4 [0/3631 (0%)]	Gen Loss: 0.101190 
Train Epoch: 4 [100/3631 (3%)]	Gen Loss: 0.097501 
Train Epoch: 4 [200/3631 (6%)]	Gen Loss: 0.091585 
Train Epoch: 4 [300/3631 (8%)]	Gen Loss: 0.102452 
Train Epoch: 4 [400/3631 (11%)]	Gen Loss: 0.106514 
Train Epoch: 4 [500/3631 (14%)]	Gen Loss: 0.081401 
Train Epoch: 4 [600/3631 (17%)]	Gen Loss: 0.090730 
Train Epoch: 4 [700/3631 (19%)]	Gen Loss: 0.091231 
Train Epoch: 4 [800/3631 (22%)]	Gen Loss: 0.097688 
Train Epoch: 4 [900/3631 (25%)]	Gen Loss: 0.092195 
Train Epoch: 4 [1000/3631 (28%)]	Gen Loss: 0.090799 
Train Epoch: 4 [1100/3631 (30%)]	Gen Loss: 0.089941 
Train Epoch: 4 [1200/3631 (33%)]	Gen Loss: 0.097057 
Train Epoch: 4 [1300/3631 (36%)]	Gen Loss: 0.078504 
Train Epoch: 4 [1400/3631 (39%)]	Gen Loss: 0.089306 
Train Epoch: 4 [1500/3631 (41%)]	Gen Loss: 0.097770 
Train Epoch: 4 [1600/3631 (44%)]	Gen Loss: 0.094010 
Train Epoch: 4 [1700/3631 (47%)]	Gen Loss: 0.096313 
Train Epoch: 4 [1800/3631 (50%)]	Gen Loss: 0.083242 
Train Epoch: 4 [1900/3631 (52%)]	Gen Loss: 0.093972 
Train Epoch: 4 [2000/3631 (55%)]	Gen Loss: 0.096942 
Train Epoch: 4 [2100/3631 (58%)]	Gen Loss: 0.087743 
Train Epoch: 4 [2200/3631 (61%)]	Gen Loss: 0.100972 
Train Epoch: 4 [2300/3631 (63%)]	Gen Loss: 0.097213 
Train Epoch: 4 [2400/3631 (66%)]	Gen Loss: 0.072974 
Train Epoch: 4 [2500/3631 (69%)]	Gen Loss: 0.096243 
Train Epoch: 4 [2600/3631 (72%)]	Gen Loss: 0.087612 
Train Epoch: 4 [2700/3631 (74%)]	Gen Loss: 0.091051 
Train Epoch: 4 [2800/3631 (77%)]	Gen Loss: 0.081693 
Train Epoch: 4 [2900/3631 (80%)]	Gen Loss: 0.092348 
Train Epoch: 4 [3000/3631 (83%)]	Gen Loss: 0.087372 
Train Epoch: 4 [3100/3631 (85%)]	Gen Loss: 0.097839 
Train Epoch: 4 [3200/3631 (88%)]	Gen Loss: 0.092007 
Train Epoch: 4 [3300/3631 (91%)]	Gen Loss: 0.098052 
Train Epoch: 4 [3400/3631 (94%)]	Gen Loss: 0.088619 
Train Epoch: 4 [3500/3631 (96%)]	Gen Loss: 0.095527 
Train Epoch: 4 [3600/3631 (99%)]	Gen Loss: 0.091717 
==========Epoch 5==========
Train Epoch: 5 [0/3631 (0%)]	Gen Loss: 0.084332 
Train Epoch: 5 [100/3631 (3%)]	Gen Loss: 0.096220 
Train Epoch: 5 [200/3631 (6%)]	Gen Loss: 0.101378 
Train Epoch: 5 [300/3631 (8%)]	Gen Loss: 0.086356 
Train Epoch: 5 [400/3631 (11%)]	Gen Loss: 0.112106 
Train Epoch: 5 [500/3631 (14%)]	Gen Loss: 0.092204 
Train Epoch: 5 [600/3631 (17%)]	Gen Loss: 0.074625 
Train Epoch: 5 [700/3631 (19%)]	Gen Loss: 0.083450 
Train Epoch: 5 [800/3631 (22%)]	Gen Loss: 0.094578 
Train Epoch: 5 [900/3631 (25%)]	Gen Loss: 0.089490 
Train Epoch: 5 [1000/3631 (28%)]	Gen Loss: 0.099682 
Train Epoch: 5 [1100/3631 (30%)]	Gen Loss: 0.092410 
Train Epoch: 5 [1200/3631 (33%)]	Gen Loss: 0.086563 
Train Epoch: 5 [1300/3631 (36%)]	Gen Loss: 0.085492 
Train Epoch: 5 [1400/3631 (39%)]	Gen Loss: 0.100323 
Train Epoch: 5 [1500/3631 (41%)]	Gen Loss: 0.098853 
Train Epoch: 5 [1600/3631 (44%)]	Gen Loss: 0.098855 
Train Epoch: 5 [1700/3631 (47%)]	Gen Loss: 0.089616 
Train Epoch: 5 [1800/3631 (50%)]	Gen Loss: 0.085022 
Train Epoch: 5 [1900/3631 (52%)]	Gen Loss: 0.090047 
Train Epoch: 5 [2000/3631 (55%)]	Gen Loss: 0.086699 
Train Epoch: 5 [2100/3631 (58%)]	Gen Loss: 0.095098 
Train Epoch: 5 [2200/3631 (61%)]	Gen Loss: 0.081168 
Train Epoch: 5 [2300/3631 (63%)]	Gen Loss: 0.076475 
Train Epoch: 5 [2400/3631 (66%)]	Gen Loss: 0.087691 
Train Epoch: 5 [2500/3631 (69%)]	Gen Loss: 0.084456 
Train Epoch: 5 [2600/3631 (72%)]	Gen Loss: 0.097633 
Train Epoch: 5 [2700/3631 (74%)]	Gen Loss: 0.085523 
Train Epoch: 5 [2800/3631 (77%)]	Gen Loss: 0.096237 
Train Epoch: 5 [2900/3631 (80%)]	Gen Loss: 0.088049 
Train Epoch: 5 [3000/3631 (83%)]	Gen Loss: 0.091864 
Train Epoch: 5 [3100/3631 (85%)]	Gen Loss: 0.093079 
Train Epoch: 5 [3200/3631 (88%)]	Gen Loss: 0.092324 
Train Epoch: 5 [3300/3631 (91%)]	Gen Loss: 0.093446 
Train Epoch: 5 [3400/3631 (94%)]	Gen Loss: 0.083526 
Train Epoch: 5 [3500/3631 (96%)]	Gen Loss: 0.086932 
Train Epoch: 5 [3600/3631 (99%)]	Gen Loss: 0.087384 
==========Epoch 6==========
Train Epoch: 6 [0/3631 (0%)]	Gen Loss: 0.092319 
Train Epoch: 6 [100/3631 (3%)]	Gen Loss: 0.078869 
Train Epoch: 6 [200/3631 (6%)]	Gen Loss: 0.089819 
Train Epoch: 6 [300/3631 (8%)]	Gen Loss: 0.078066 
Train Epoch: 6 [400/3631 (11%)]	Gen Loss: 0.092118 
Train Epoch: 6 [500/3631 (14%)]	Gen Loss: 0.095735 
Train Epoch: 6 [600/3631 (17%)]	Gen Loss: 0.097211 
Train Epoch: 6 [700/3631 (19%)]	Gen Loss: 0.084406 
Train Epoch: 6 [800/3631 (22%)]	Gen Loss: 0.083485 
Train Epoch: 6 [900/3631 (25%)]	Gen Loss: 0.094541 
Train Epoch: 6 [1000/3631 (28%)]	Gen Loss: 0.078700 
Train Epoch: 6 [1100/3631 (30%)]	Gen Loss: 0.095179 
Train Epoch: 6 [1200/3631 (33%)]	Gen Loss: 0.086740 
Train Epoch: 6 [1300/3631 (36%)]	Gen Loss: 0.080259 
Train Epoch: 6 [1400/3631 (39%)]	Gen Loss: 0.080687 
Train Epoch: 6 [1500/3631 (41%)]	Gen Loss: 0.082451 
Train Epoch: 6 [1600/3631 (44%)]	Gen Loss: 0.075069 
Train Epoch: 6 [1700/3631 (47%)]	Gen Loss: 0.091981 
Train Epoch: 6 [1800/3631 (50%)]	Gen Loss: 0.078965 
Train Epoch: 6 [1900/3631 (52%)]	Gen Loss: 0.074852 
Train Epoch: 6 [2000/3631 (55%)]	Gen Loss: 0.068463 
Train Epoch: 6 [2100/3631 (58%)]	Gen Loss: 0.073402 
Train Epoch: 6 [2200/3631 (61%)]	Gen Loss: 0.084476 
Train Epoch: 6 [2300/3631 (63%)]	Gen Loss: 0.093929 
Train Epoch: 6 [2400/3631 (66%)]	Gen Loss: 0.088357 
Train Epoch: 6 [2500/3631 (69%)]	Gen Loss: 0.089093 
Train Epoch: 6 [2600/3631 (72%)]	Gen Loss: 0.088387 
Train Epoch: 6 [2700/3631 (74%)]	Gen Loss: 0.080544 
Train Epoch: 6 [2800/3631 (77%)]	Gen Loss: 0.080548 
Train Epoch: 6 [2900/3631 (80%)]	Gen Loss: 0.093634 
Train Epoch: 6 [3000/3631 (83%)]	Gen Loss: 0.092486 
Train Epoch: 6 [3100/3631 (85%)]	Gen Loss: 0.083439 
Train Epoch: 6 [3200/3631 (88%)]	Gen Loss: 0.086999 
Train Epoch: 6 [3300/3631 (91%)]	Gen Loss: 0.080998 
Train Epoch: 6 [3400/3631 (94%)]	Gen Loss: 0.082715 
Train Epoch: 6 [3500/3631 (96%)]	Gen Loss: 0.077564 
Train Epoch: 6 [3600/3631 (99%)]	Gen Loss: 0.100744 
==========Epoch 7==========
Train Epoch: 7 [0/3631 (0%)]	Gen Loss: 0.089770 
Train Epoch: 7 [100/3631 (3%)]	Gen Loss: 0.062914 
Train Epoch: 7 [200/3631 (6%)]	Gen Loss: 0.092486 
Train Epoch: 7 [300/3631 (8%)]	Gen Loss: 0.085332 
Train Epoch: 7 [400/3631 (11%)]	Gen Loss: 0.084314 
Train Epoch: 7 [500/3631 (14%)]	Gen Loss: 0.093282 
Train Epoch: 7 [600/3631 (17%)]	Gen Loss: 0.082884 
Train Epoch: 7 [700/3631 (19%)]	Gen Loss: 0.083966 
Train Epoch: 7 [800/3631 (22%)]	Gen Loss: 0.078441 
Train Epoch: 7 [900/3631 (25%)]	Gen Loss: 0.087256 
Train Epoch: 7 [1000/3631 (28%)]	Gen Loss: 0.097883 
Train Epoch: 7 [1100/3631 (30%)]	Gen Loss: 0.076843 
Train Epoch: 7 [1200/3631 (33%)]	Gen Loss: 0.080575 
Train Epoch: 7 [1300/3631 (36%)]	Gen Loss: 0.088062 
Train Epoch: 7 [1400/3631 (39%)]	Gen Loss: 0.092553 
Train Epoch: 7 [1500/3631 (41%)]	Gen Loss: 0.087751 
Train Epoch: 7 [1600/3631 (44%)]	Gen Loss: 0.082835 
Train Epoch: 7 [1700/3631 (47%)]	Gen Loss: 0.078539 
Train Epoch: 7 [1800/3631 (50%)]	Gen Loss: 0.096361 
Train Epoch: 7 [1900/3631 (52%)]	Gen Loss: 0.078746 
Train Epoch: 7 [2000/3631 (55%)]	Gen Loss: 0.082382 
Train Epoch: 7 [2100/3631 (58%)]	Gen Loss: 0.075600 
Train Epoch: 7 [2200/3631 (61%)]	Gen Loss: 0.078336 
Train Epoch: 7 [2300/3631 (63%)]	Gen Loss: 0.074347 
Train Epoch: 7 [2400/3631 (66%)]	Gen Loss: 0.087518 
Train Epoch: 7 [2500/3631 (69%)]	Gen Loss: 0.089836 
Train Epoch: 7 [2600/3631 (72%)]	Gen Loss: 0.081807 
Train Epoch: 7 [2700/3631 (74%)]	Gen Loss: 0.065392 
Train Epoch: 7 [2800/3631 (77%)]	Gen Loss: 0.082947 
Train Epoch: 7 [2900/3631 (80%)]	Gen Loss: 0.084627 
Train Epoch: 7 [3000/3631 (83%)]	Gen Loss: 0.086891 
Train Epoch: 7 [3100/3631 (85%)]	Gen Loss: 0.067899 
Train Epoch: 7 [3200/3631 (88%)]	Gen Loss: 0.082128 
Train Epoch: 7 [3300/3631 (91%)]	Gen Loss: 0.094044 
Train Epoch: 7 [3400/3631 (94%)]	Gen Loss: 0.093042 
Train Epoch: 7 [3500/3631 (96%)]	Gen Loss: 0.073782 
Train Epoch: 7 [3600/3631 (99%)]	Gen Loss: 0.081272 
==========Epoch 8==========
Train Epoch: 8 [0/3631 (0%)]	Gen Loss: 0.078004 
Train Epoch: 8 [100/3631 (3%)]	Gen Loss: 0.079614 
Train Epoch: 8 [200/3631 (6%)]	Gen Loss: 0.081074 
Train Epoch: 8 [300/3631 (8%)]	Gen Loss: 0.098025 
Train Epoch: 8 [400/3631 (11%)]	Gen Loss: 0.068007 
Train Epoch: 8 [500/3631 (14%)]	Gen Loss: 0.102866 
Train Epoch: 8 [600/3631 (17%)]	Gen Loss: 0.082463 
Train Epoch: 8 [700/3631 (19%)]	Gen Loss: 0.085680 
Train Epoch: 8 [800/3631 (22%)]	Gen Loss: 0.077954 
Train Epoch: 8 [900/3631 (25%)]	Gen Loss: 0.081060 
Train Epoch: 8 [1000/3631 (28%)]	Gen Loss: 0.092992 
Train Epoch: 8 [1100/3631 (30%)]	Gen Loss: 0.095545 
Train Epoch: 8 [1200/3631 (33%)]	Gen Loss: 0.082913 
Train Epoch: 8 [1300/3631 (36%)]	Gen Loss: 0.077186 
Train Epoch: 8 [1400/3631 (39%)]	Gen Loss: 0.080288 
Train Epoch: 8 [1500/3631 (41%)]	Gen Loss: 0.088360 
Train Epoch: 8 [1600/3631 (44%)]	Gen Loss: 0.080957 
Train Epoch: 8 [1700/3631 (47%)]	Gen Loss: 0.089734 
Train Epoch: 8 [1800/3631 (50%)]	Gen Loss: 0.092090 
Train Epoch: 8 [1900/3631 (52%)]	Gen Loss: 0.089511 
Train Epoch: 8 [2000/3631 (55%)]	Gen Loss: 0.070086 
Train Epoch: 8 [2100/3631 (58%)]	Gen Loss: 0.075484 
Train Epoch: 8 [2200/3631 (61%)]	Gen Loss: 0.085265 
Train Epoch: 8 [2300/3631 (63%)]	Gen Loss: 0.075999 
Train Epoch: 8 [2400/3631 (66%)]	Gen Loss: 0.072365 
Train Epoch: 8 [2500/3631 (69%)]	Gen Loss: 0.078005 
Train Epoch: 8 [2600/3631 (72%)]	Gen Loss: 0.111787 
Train Epoch: 8 [2700/3631 (74%)]	Gen Loss: 0.077726 
Train Epoch: 8 [2800/3631 (77%)]	Gen Loss: 0.081273 
Train Epoch: 8 [2900/3631 (80%)]	Gen Loss: 0.086218 
Train Epoch: 8 [3000/3631 (83%)]	Gen Loss: 0.096722 
Train Epoch: 8 [3100/3631 (85%)]	Gen Loss: 0.077413 
Train Epoch: 8 [3200/3631 (88%)]	Gen Loss: 0.089702 
Train Epoch: 8 [3300/3631 (91%)]	Gen Loss: 0.085804 
Train Epoch: 8 [3400/3631 (94%)]	Gen Loss: 0.083490 
Train Epoch: 8 [3500/3631 (96%)]	Gen Loss: 0.075661 
Train Epoch: 8 [3600/3631 (99%)]	Gen Loss: 0.076909 
==========Epoch 9==========
Train Epoch: 9 [0/3631 (0%)]	Gen Loss: 0.083222 
Train Epoch: 9 [100/3631 (3%)]	Gen Loss: 0.085283 
Train Epoch: 9 [200/3631 (6%)]	Gen Loss: 0.084243 
Train Epoch: 9 [300/3631 (8%)]	Gen Loss: 0.091617 
Train Epoch: 9 [400/3631 (11%)]	Gen Loss: 0.076864 
Train Epoch: 9 [500/3631 (14%)]	Gen Loss: 0.088250 
Train Epoch: 9 [600/3631 (17%)]	Gen Loss: 0.073643 
Train Epoch: 9 [700/3631 (19%)]	Gen Loss: 0.069906 
Train Epoch: 9 [800/3631 (22%)]	Gen Loss: 0.072062 
Train Epoch: 9 [900/3631 (25%)]	Gen Loss: 0.087195 
Train Epoch: 9 [1000/3631 (28%)]	Gen Loss: 0.088761 
Train Epoch: 9 [1100/3631 (30%)]	Gen Loss: 0.074074 
Train Epoch: 9 [1200/3631 (33%)]	Gen Loss: 0.090719 
Train Epoch: 9 [1300/3631 (36%)]	Gen Loss: 0.077059 
Train Epoch: 9 [1400/3631 (39%)]	Gen Loss: 0.083855 
Train Epoch: 9 [1500/3631 (41%)]	Gen Loss: 0.074209 
Train Epoch: 9 [1600/3631 (44%)]	Gen Loss: 0.079565 
Train Epoch: 9 [1700/3631 (47%)]	Gen Loss: 0.089345 
Train Epoch: 9 [1800/3631 (50%)]	Gen Loss: 0.081671 
Train Epoch: 9 [1900/3631 (52%)]	Gen Loss: 0.081182 
Train Epoch: 9 [2000/3631 (55%)]	Gen Loss: 0.087359 
Train Epoch: 9 [2100/3631 (58%)]	Gen Loss: 0.090185 
Train Epoch: 9 [2200/3631 (61%)]	Gen Loss: 0.089468 
Train Epoch: 9 [2300/3631 (63%)]	Gen Loss: 0.080263 
Train Epoch: 9 [2400/3631 (66%)]	Gen Loss: 0.071420 
Train Epoch: 9 [2500/3631 (69%)]	Gen Loss: 0.071692 
Train Epoch: 9 [2600/3631 (72%)]	Gen Loss: 0.082775 
Train Epoch: 9 [2700/3631 (74%)]	Gen Loss: 0.078707 
Train Epoch: 9 [2800/3631 (77%)]	Gen Loss: 0.075313 
Train Epoch: 9 [2900/3631 (80%)]	Gen Loss: 0.084702 
Train Epoch: 9 [3000/3631 (83%)]	Gen Loss: 0.093165 
Train Epoch: 9 [3100/3631 (85%)]	Gen Loss: 0.073847 
Train Epoch: 9 [3200/3631 (88%)]	Gen Loss: 0.079896 
Train Epoch: 9 [3300/3631 (91%)]	Gen Loss: 0.082886 
Train Epoch: 9 [3400/3631 (94%)]	Gen Loss: 0.082510 
Train Epoch: 9 [3500/3631 (96%)]	Gen Loss: 0.076321 
Train Epoch: 9 [3600/3631 (99%)]	Gen Loss: 0.091122 
==========Epoch 10==========
Train Epoch: 10 [0/3631 (0%)]	Gen Loss: 0.092467 
Train Epoch: 10 [100/3631 (3%)]	Gen Loss: 0.075997 
Train Epoch: 10 [200/3631 (6%)]	Gen Loss: 0.085972 
Train Epoch: 10 [300/3631 (8%)]	Gen Loss: 0.082105 
Train Epoch: 10 [400/3631 (11%)]	Gen Loss: 0.091180 
Train Epoch: 10 [500/3631 (14%)]	Gen Loss: 0.090764 
Train Epoch: 10 [600/3631 (17%)]	Gen Loss: 0.073162 
Train Epoch: 10 [700/3631 (19%)]	Gen Loss: 0.068956 
Train Epoch: 10 [800/3631 (22%)]	Gen Loss: 0.071155 
Train Epoch: 10 [900/3631 (25%)]	Gen Loss: 0.063005 
Train Epoch: 10 [1000/3631 (28%)]	Gen Loss: 0.078280 
Train Epoch: 10 [1100/3631 (30%)]	Gen Loss: 0.077930 
Train Epoch: 10 [1200/3631 (33%)]	Gen Loss: 0.093279 
Train Epoch: 10 [1300/3631 (36%)]	Gen Loss: 0.070922 
Train Epoch: 10 [1400/3631 (39%)]	Gen Loss: 0.084327 
Train Epoch: 10 [1500/3631 (41%)]	Gen Loss: 0.092853 
Train Epoch: 10 [1600/3631 (44%)]	Gen Loss: 0.081921 
Train Epoch: 10 [1700/3631 (47%)]	Gen Loss: 0.086245 
Train Epoch: 10 [1800/3631 (50%)]	Gen Loss: 0.088357 
Train Epoch: 10 [1900/3631 (52%)]	Gen Loss: 0.074603 
Train Epoch: 10 [2000/3631 (55%)]	Gen Loss: 0.092262 
Train Epoch: 10 [2100/3631 (58%)]	Gen Loss: 0.088576 
Train Epoch: 10 [2200/3631 (61%)]	Gen Loss: 0.083090 
Train Epoch: 10 [2300/3631 (63%)]	Gen Loss: 0.082906 
Train Epoch: 10 [2400/3631 (66%)]	Gen Loss: 0.076199 
Train Epoch: 10 [2500/3631 (69%)]	Gen Loss: 0.081328 
Train Epoch: 10 [2600/3631 (72%)]	Gen Loss: 0.084556 
Train Epoch: 10 [2700/3631 (74%)]	Gen Loss: 0.074249 
Train Epoch: 10 [2800/3631 (77%)]	Gen Loss: 0.086119 
Train Epoch: 10 [2900/3631 (80%)]	Gen Loss: 0.081097 
Train Epoch: 10 [3000/3631 (83%)]	Gen Loss: 0.096084 
Train Epoch: 10 [3100/3631 (85%)]	Gen Loss: 0.065430 
Train Epoch: 10 [3200/3631 (88%)]	Gen Loss: 0.080112 
Train Epoch: 10 [3300/3631 (91%)]	Gen Loss: 0.080882 
Train Epoch: 10 [3400/3631 (94%)]	Gen Loss: 0.082282 
Train Epoch: 10 [3500/3631 (96%)]	Gen Loss: 0.083829 
Train Epoch: 10 [3600/3631 (99%)]	Gen Loss: 0.071384 
==========Epoch 11==========
Train Epoch: 11 [0/3631 (0%)]	Gen Loss: 0.091646 
Train Epoch: 11 [100/3631 (3%)]	Gen Loss: 0.085656 
Train Epoch: 11 [200/3631 (6%)]	Gen Loss: 0.081483 
Train Epoch: 11 [300/3631 (8%)]	Gen Loss: 0.082266 
Train Epoch: 11 [400/3631 (11%)]	Gen Loss: 0.083015 
Train Epoch: 11 [500/3631 (14%)]	Gen Loss: 0.079199 
Train Epoch: 11 [600/3631 (17%)]	Gen Loss: 0.086663 
Train Epoch: 11 [700/3631 (19%)]	Gen Loss: 0.075995 
Train Epoch: 11 [800/3631 (22%)]	Gen Loss: 0.072802 
Train Epoch: 11 [900/3631 (25%)]	Gen Loss: 0.081900 
Train Epoch: 11 [1000/3631 (28%)]	Gen Loss: 0.074932 
Train Epoch: 11 [1100/3631 (30%)]	Gen Loss: 0.086949 
Train Epoch: 11 [1200/3631 (33%)]	Gen Loss: 0.075689 
Train Epoch: 11 [1300/3631 (36%)]	Gen Loss: 0.076808 
Train Epoch: 11 [1400/3631 (39%)]	Gen Loss: 0.076277 
Train Epoch: 11 [1500/3631 (41%)]	Gen Loss: 0.088580 
Train Epoch: 11 [1600/3631 (44%)]	Gen Loss: 0.072100 
Train Epoch: 11 [1700/3631 (47%)]	Gen Loss: 0.081514 
Train Epoch: 11 [1800/3631 (50%)]	Gen Loss: 0.069182 
Train Epoch: 11 [1900/3631 (52%)]	Gen Loss: 0.076977 
Train Epoch: 11 [2000/3631 (55%)]	Gen Loss: 0.072195 
Train Epoch: 11 [2100/3631 (58%)]	Gen Loss: 0.088319 
Train Epoch: 11 [2200/3631 (61%)]	Gen Loss: 0.068284 
Train Epoch: 11 [2300/3631 (63%)]	Gen Loss: 0.074060 
Train Epoch: 11 [2400/3631 (66%)]	Gen Loss: 0.088397 
Train Epoch: 11 [2500/3631 (69%)]	Gen Loss: 0.081291 
Train Epoch: 11 [2600/3631 (72%)]	Gen Loss: 0.090486 
Train Epoch: 11 [2700/3631 (74%)]	Gen Loss: 0.085832 
Train Epoch: 11 [2800/3631 (77%)]	Gen Loss: 0.066372 
Train Epoch: 11 [2900/3631 (80%)]	Gen Loss: 0.066770 
Train Epoch: 11 [3000/3631 (83%)]	Gen Loss: 0.077892 
Train Epoch: 11 [3100/3631 (85%)]	Gen Loss: 0.082892 
Train Epoch: 11 [3200/3631 (88%)]	Gen Loss: 0.083926 
Train Epoch: 11 [3300/3631 (91%)]	Gen Loss: 0.079372 
Train Epoch: 11 [3400/3631 (94%)]	Gen Loss: 0.072722 
Train Epoch: 11 [3500/3631 (96%)]	Gen Loss: 0.080735 
Train Epoch: 11 [3600/3631 (99%)]	Gen Loss: 0.068659 
==========Epoch 12==========
Train Epoch: 12 [0/3631 (0%)]	Gen Loss: 0.081274 
Train Epoch: 12 [100/3631 (3%)]	Gen Loss: 0.078034 
Train Epoch: 12 [200/3631 (6%)]	Gen Loss: 0.067065 
Train Epoch: 12 [300/3631 (8%)]	Gen Loss: 0.071115 
Train Epoch: 12 [400/3631 (11%)]	Gen Loss: 0.091680 
Train Epoch: 12 [500/3631 (14%)]	Gen Loss: 0.079460 
Train Epoch: 12 [600/3631 (17%)]	Gen Loss: 0.081331 
Train Epoch: 12 [700/3631 (19%)]	Gen Loss: 0.086865 
Train Epoch: 12 [800/3631 (22%)]	Gen Loss: 0.083451 
Train Epoch: 12 [900/3631 (25%)]	Gen Loss: 0.078515 
Train Epoch: 12 [1000/3631 (28%)]	Gen Loss: 0.082396 
Train Epoch: 12 [1100/3631 (30%)]	Gen Loss: 0.079666 
Train Epoch: 12 [1200/3631 (33%)]	Gen Loss: 0.068164 
Train Epoch: 12 [1300/3631 (36%)]	Gen Loss: 0.081196 
Train Epoch: 12 [1400/3631 (39%)]	Gen Loss: 0.080169 
Train Epoch: 12 [1500/3631 (41%)]	Gen Loss: 0.069274 
Train Epoch: 12 [1600/3631 (44%)]	Gen Loss: 0.078858 
Train Epoch: 12 [1700/3631 (47%)]	Gen Loss: 0.083948 
Train Epoch: 12 [1800/3631 (50%)]	Gen Loss: 0.079937 
Train Epoch: 12 [1900/3631 (52%)]	Gen Loss: 0.068604 
Train Epoch: 12 [2000/3631 (55%)]	Gen Loss: 0.079893 
Train Epoch: 12 [2100/3631 (58%)]	Gen Loss: 0.078638 
Train Epoch: 12 [2200/3631 (61%)]	Gen Loss: 0.061874 
Train Epoch: 12 [2300/3631 (63%)]	Gen Loss: 0.070807 
Train Epoch: 12 [2400/3631 (66%)]	Gen Loss: 0.087316 
Train Epoch: 12 [2500/3631 (69%)]	Gen Loss: 0.069006 
Train Epoch: 12 [2600/3631 (72%)]	Gen Loss: 0.077157 
Train Epoch: 12 [2700/3631 (74%)]	Gen Loss: 0.088504 
Train Epoch: 12 [2800/3631 (77%)]	Gen Loss: 0.077257 
Train Epoch: 12 [2900/3631 (80%)]	Gen Loss: 0.064568 
Train Epoch: 12 [3000/3631 (83%)]	Gen Loss: 0.077635 
Train Epoch: 12 [3100/3631 (85%)]	Gen Loss: 0.068794 
Train Epoch: 12 [3200/3631 (88%)]	Gen Loss: 0.070339 
Train Epoch: 12 [3300/3631 (91%)]	Gen Loss: 0.078784 
Train Epoch: 12 [3400/3631 (94%)]	Gen Loss: 0.083762 
Train Epoch: 12 [3500/3631 (96%)]	Gen Loss: 0.079620 
Train Epoch: 12 [3600/3631 (99%)]	Gen Loss: 0.078801 
==========Epoch 13==========
Train Epoch: 13 [0/3631 (0%)]	Gen Loss: 0.091170 
Train Epoch: 13 [100/3631 (3%)]	Gen Loss: 0.065399 
Train Epoch: 13 [200/3631 (6%)]	Gen Loss: 0.082109 
Train Epoch: 13 [300/3631 (8%)]	Gen Loss: 0.084309 
Train Epoch: 13 [400/3631 (11%)]	Gen Loss: 0.072466 
Train Epoch: 13 [500/3631 (14%)]	Gen Loss: 0.068691 
Train Epoch: 13 [600/3631 (17%)]	Gen Loss: 0.075545 
Train Epoch: 13 [700/3631 (19%)]	Gen Loss: 0.069492 
Train Epoch: 13 [800/3631 (22%)]	Gen Loss: 0.081089 
Train Epoch: 13 [900/3631 (25%)]	Gen Loss: 0.088645 
Train Epoch: 13 [1000/3631 (28%)]	Gen Loss: 0.072227 
Train Epoch: 13 [1100/3631 (30%)]	Gen Loss: 0.076447 
Train Epoch: 13 [1200/3631 (33%)]	Gen Loss: 0.073187 
Train Epoch: 13 [1300/3631 (36%)]	Gen Loss: 0.082007 
Train Epoch: 13 [1400/3631 (39%)]	Gen Loss: 0.079009 
Train Epoch: 13 [1500/3631 (41%)]	Gen Loss: 0.063655 
Train Epoch: 13 [1600/3631 (44%)]	Gen Loss: 0.074145 
Train Epoch: 13 [1700/3631 (47%)]	Gen Loss: 0.067925 
Train Epoch: 13 [1800/3631 (50%)]	Gen Loss: 0.074404 
Train Epoch: 13 [1900/3631 (52%)]	Gen Loss: 0.071724 
Train Epoch: 13 [2000/3631 (55%)]	Gen Loss: 0.077346 
Train Epoch: 13 [2100/3631 (58%)]	Gen Loss: 0.075368 
Train Epoch: 13 [2200/3631 (61%)]	Gen Loss: 0.078994 
Train Epoch: 13 [2300/3631 (63%)]	Gen Loss: 0.076087 
Train Epoch: 13 [2400/3631 (66%)]	Gen Loss: 0.082181 
Train Epoch: 13 [2500/3631 (69%)]	Gen Loss: 0.073296 
Train Epoch: 13 [2600/3631 (72%)]	Gen Loss: 0.067861 
Train Epoch: 13 [2700/3631 (74%)]	Gen Loss: 0.087290 
Train Epoch: 13 [2800/3631 (77%)]	Gen Loss: 0.076602 
Train Epoch: 13 [2900/3631 (80%)]	Gen Loss: 0.076201 
Train Epoch: 13 [3000/3631 (83%)]	Gen Loss: 0.078868 
Train Epoch: 13 [3100/3631 (85%)]	Gen Loss: 0.091926 
Train Epoch: 13 [3200/3631 (88%)]	Gen Loss: 0.073202 
Train Epoch: 13 [3300/3631 (91%)]	Gen Loss: 0.080471 
Train Epoch: 13 [3400/3631 (94%)]	Gen Loss: 0.081456 
Train Epoch: 13 [3500/3631 (96%)]	Gen Loss: 0.070236 
Train Epoch: 13 [3600/3631 (99%)]	Gen Loss: 0.080954 
==========Epoch 14==========
Train Epoch: 14 [0/3631 (0%)]	Gen Loss: 0.082366 
Train Epoch: 14 [100/3631 (3%)]	Gen Loss: 0.070637 
Train Epoch: 14 [200/3631 (6%)]	Gen Loss: 0.079864 
Train Epoch: 14 [300/3631 (8%)]	Gen Loss: 0.085850 
Train Epoch: 14 [400/3631 (11%)]	Gen Loss: 0.084572 
Train Epoch: 14 [500/3631 (14%)]	Gen Loss: 0.076460 
Train Epoch: 14 [600/3631 (17%)]	Gen Loss: 0.070353 
Train Epoch: 14 [700/3631 (19%)]	Gen Loss: 0.081667 
Train Epoch: 14 [800/3631 (22%)]	Gen Loss: 0.073971 
Train Epoch: 14 [900/3631 (25%)]	Gen Loss: 0.088136 
Train Epoch: 14 [1000/3631 (28%)]	Gen Loss: 0.078989 
Train Epoch: 14 [1100/3631 (30%)]	Gen Loss: 0.069936 
Train Epoch: 14 [1200/3631 (33%)]	Gen Loss: 0.076241 
Train Epoch: 14 [1300/3631 (36%)]	Gen Loss: 0.092725 
Train Epoch: 14 [1400/3631 (39%)]	Gen Loss: 0.069951 
Train Epoch: 14 [1500/3631 (41%)]	Gen Loss: 0.084684 
Train Epoch: 14 [1600/3631 (44%)]	Gen Loss: 0.079994 
Train Epoch: 14 [1700/3631 (47%)]	Gen Loss: 0.061089 
Train Epoch: 14 [1800/3631 (50%)]	Gen Loss: 0.082416 
Train Epoch: 14 [1900/3631 (52%)]	Gen Loss: 0.057839 
Train Epoch: 14 [2000/3631 (55%)]	Gen Loss: 0.069796 
Train Epoch: 14 [2100/3631 (58%)]	Gen Loss: 0.076458 
Train Epoch: 14 [2200/3631 (61%)]	Gen Loss: 0.075376 
Train Epoch: 14 [2300/3631 (63%)]	Gen Loss: 0.083543 
Train Epoch: 14 [2400/3631 (66%)]	Gen Loss: 0.078373 
Train Epoch: 14 [2500/3631 (69%)]	Gen Loss: 0.086919 
Train Epoch: 14 [2600/3631 (72%)]	Gen Loss: 0.073508 
Train Epoch: 14 [2700/3631 (74%)]	Gen Loss: 0.061111 
Train Epoch: 14 [2800/3631 (77%)]	Gen Loss: 0.075370 
Train Epoch: 14 [2900/3631 (80%)]	Gen Loss: 0.094628 
Train Epoch: 14 [3000/3631 (83%)]	Gen Loss: 0.068926 
Train Epoch: 14 [3100/3631 (85%)]	Gen Loss: 0.074905 
Train Epoch: 14 [3200/3631 (88%)]	Gen Loss: 0.088158 
Train Epoch: 14 [3300/3631 (91%)]	Gen Loss: 0.064872 
Train Epoch: 14 [3400/3631 (94%)]	Gen Loss: 0.076985 
Train Epoch: 14 [3500/3631 (96%)]	Gen Loss: 0.078452 
Train Epoch: 14 [3600/3631 (99%)]	Gen Loss: 0.086075 
==========Epoch 15==========
Train Epoch: 15 [0/3631 (0%)]	Gen Loss: 0.079414 
Train Epoch: 15 [100/3631 (3%)]	Gen Loss: 0.080376 
Train Epoch: 15 [200/3631 (6%)]	Gen Loss: 0.054317 
Train Epoch: 15 [300/3631 (8%)]	Gen Loss: 0.069020 
Train Epoch: 15 [400/3631 (11%)]	Gen Loss: 0.084129 
Train Epoch: 15 [500/3631 (14%)]	Gen Loss: 0.070801 
Train Epoch: 15 [600/3631 (17%)]	Gen Loss: 0.072178 
Train Epoch: 15 [700/3631 (19%)]	Gen Loss: 0.080702 
Train Epoch: 15 [800/3631 (22%)]	Gen Loss: 0.100486 
Train Epoch: 15 [900/3631 (25%)]	Gen Loss: 0.066106 
Train Epoch: 15 [1000/3631 (28%)]	Gen Loss: 0.079047 
Train Epoch: 15 [1100/3631 (30%)]	Gen Loss: 0.086171 
Train Epoch: 15 [1200/3631 (33%)]	Gen Loss: 0.080333 
Train Epoch: 15 [1300/3631 (36%)]	Gen Loss: 0.080118 
Train Epoch: 15 [1400/3631 (39%)]	Gen Loss: 0.076251 
Train Epoch: 15 [1500/3631 (41%)]	Gen Loss: 0.075745 
Train Epoch: 15 [1600/3631 (44%)]	Gen Loss: 0.066263 
Train Epoch: 15 [1700/3631 (47%)]	Gen Loss: 0.081071 
Train Epoch: 15 [1800/3631 (50%)]	Gen Loss: 0.085064 
Train Epoch: 15 [1900/3631 (52%)]	Gen Loss: 0.073685 
Train Epoch: 15 [2000/3631 (55%)]	Gen Loss: 0.072267 
Train Epoch: 15 [2100/3631 (58%)]	Gen Loss: 0.077300 
Train Epoch: 15 [2200/3631 (61%)]	Gen Loss: 0.078768 
Train Epoch: 15 [2300/3631 (63%)]	Gen Loss: 0.081804 
Train Epoch: 15 [2400/3631 (66%)]	Gen Loss: 0.073961 
Train Epoch: 15 [2500/3631 (69%)]	Gen Loss: 0.068012 
Train Epoch: 15 [2600/3631 (72%)]	Gen Loss: 0.073802 
Train Epoch: 15 [2700/3631 (74%)]	Gen Loss: 0.080139 
Train Epoch: 15 [2800/3631 (77%)]	Gen Loss: 0.075047 
Train Epoch: 15 [2900/3631 (80%)]	Gen Loss: 0.085628 
Train Epoch: 15 [3000/3631 (83%)]	Gen Loss: 0.089847 
Train Epoch: 15 [3100/3631 (85%)]	Gen Loss: 0.082277 
Train Epoch: 15 [3200/3631 (88%)]	Gen Loss: 0.075569 
Train Epoch: 15 [3300/3631 (91%)]	Gen Loss: 0.069115 
Train Epoch: 15 [3400/3631 (94%)]	Gen Loss: 0.077130 
Train Epoch: 15 [3500/3631 (96%)]	Gen Loss: 0.081750 
Train Epoch: 15 [3600/3631 (99%)]	Gen Loss: 0.068522 
==========Epoch 16==========
Train Epoch: 16 [0/3631 (0%)]	Gen Loss: 0.084783 
Train Epoch: 16 [100/3631 (3%)]	Gen Loss: 0.068744 
Train Epoch: 16 [200/3631 (6%)]	Gen Loss: 0.084479 
Train Epoch: 16 [300/3631 (8%)]	Gen Loss: 0.075909 
Train Epoch: 16 [400/3631 (11%)]	Gen Loss: 0.075118 
Train Epoch: 16 [500/3631 (14%)]	Gen Loss: 0.081823 
Train Epoch: 16 [600/3631 (17%)]	Gen Loss: 0.066712 
Train Epoch: 16 [700/3631 (19%)]	Gen Loss: 0.075839 
Train Epoch: 16 [800/3631 (22%)]	Gen Loss: 0.067279 
Train Epoch: 16 [900/3631 (25%)]	Gen Loss: 0.080035 
Train Epoch: 16 [1000/3631 (28%)]	Gen Loss: 0.082118 
Train Epoch: 16 [1100/3631 (30%)]	Gen Loss: 0.072196 
Train Epoch: 16 [1200/3631 (33%)]	Gen Loss: 0.075548 
Train Epoch: 16 [1300/3631 (36%)]	Gen Loss: 0.077377 
Train Epoch: 16 [1400/3631 (39%)]	Gen Loss: 0.084810 
Train Epoch: 16 [1500/3631 (41%)]	Gen Loss: 0.076202 
Train Epoch: 16 [1600/3631 (44%)]	Gen Loss: 0.080904 
Train Epoch: 16 [1700/3631 (47%)]	Gen Loss: 0.066332 
Train Epoch: 16 [1800/3631 (50%)]	Gen Loss: 0.081469 
Train Epoch: 16 [1900/3631 (52%)]	Gen Loss: 0.082781 
Train Epoch: 16 [2000/3631 (55%)]	Gen Loss: 0.070142 
Train Epoch: 16 [2100/3631 (58%)]	Gen Loss: 0.086298 
Train Epoch: 16 [2200/3631 (61%)]	Gen Loss: 0.078173 
Train Epoch: 16 [2300/3631 (63%)]	Gen Loss: 0.085975 
Train Epoch: 16 [2400/3631 (66%)]	Gen Loss: 0.074884 
Train Epoch: 16 [2500/3631 (69%)]	Gen Loss: 0.086385 
Train Epoch: 16 [2600/3631 (72%)]	Gen Loss: 0.085799 
Train Epoch: 16 [2700/3631 (74%)]	Gen Loss: 0.072079 
Train Epoch: 16 [2800/3631 (77%)]	Gen Loss: 0.086998 
Train Epoch: 16 [2900/3631 (80%)]	Gen Loss: 0.078992 
Train Epoch: 16 [3000/3631 (83%)]	Gen Loss: 0.095503 
Train Epoch: 16 [3100/3631 (85%)]	Gen Loss: 0.061451 
Train Epoch: 16 [3200/3631 (88%)]	Gen Loss: 0.071916 
Train Epoch: 16 [3300/3631 (91%)]	Gen Loss: 0.071187 
Train Epoch: 16 [3400/3631 (94%)]	Gen Loss: 0.073328 
Train Epoch: 16 [3500/3631 (96%)]	Gen Loss: 0.082320 
Train Epoch: 16 [3600/3631 (99%)]	Gen Loss: 0.086933 
==========Epoch 17==========
Train Epoch: 17 [0/3631 (0%)]	Gen Loss: 0.068642 
Train Epoch: 17 [100/3631 (3%)]	Gen Loss: 0.083815 
Train Epoch: 17 [200/3631 (6%)]	Gen Loss: 0.082140 
Train Epoch: 17 [300/3631 (8%)]	Gen Loss: 0.080907 
Train Epoch: 17 [400/3631 (11%)]	Gen Loss: 0.080892 
Train Epoch: 17 [500/3631 (14%)]	Gen Loss: 0.076298 
Train Epoch: 17 [600/3631 (17%)]	Gen Loss: 0.083160 
Train Epoch: 17 [700/3631 (19%)]	Gen Loss: 0.078539 
Train Epoch: 17 [800/3631 (22%)]	Gen Loss: 0.070783 
Train Epoch: 17 [900/3631 (25%)]	Gen Loss: 0.070341 
Train Epoch: 17 [1000/3631 (28%)]	Gen Loss: 0.074985 
Train Epoch: 17 [1100/3631 (30%)]	Gen Loss: 0.072666 
Train Epoch: 17 [1200/3631 (33%)]	Gen Loss: 0.073265 
Train Epoch: 17 [1300/3631 (36%)]	Gen Loss: 0.085088 
Train Epoch: 17 [1400/3631 (39%)]	Gen Loss: 0.080620 
Train Epoch: 17 [1500/3631 (41%)]	Gen Loss: 0.068969 
Train Epoch: 17 [1600/3631 (44%)]	Gen Loss: 0.070737 
Train Epoch: 17 [1700/3631 (47%)]	Gen Loss: 0.075661 
Train Epoch: 17 [1800/3631 (50%)]	Gen Loss: 0.071649 
Train Epoch: 17 [1900/3631 (52%)]	Gen Loss: 0.084635 
Train Epoch: 17 [2000/3631 (55%)]	Gen Loss: 0.068534 
Train Epoch: 17 [2100/3631 (58%)]	Gen Loss: 0.072137 
Train Epoch: 17 [2200/3631 (61%)]	Gen Loss: 0.066947 
Train Epoch: 17 [2300/3631 (63%)]	Gen Loss: 0.078069 
Train Epoch: 17 [2400/3631 (66%)]	Gen Loss: 0.080457 
Train Epoch: 17 [2500/3631 (69%)]	Gen Loss: 0.082347 
Train Epoch: 17 [2600/3631 (72%)]	Gen Loss: 0.081664 
Train Epoch: 17 [2700/3631 (74%)]	Gen Loss: 0.084401 
Train Epoch: 17 [2800/3631 (77%)]	Gen Loss: 0.074213 
Train Epoch: 17 [2900/3631 (80%)]	Gen Loss: 0.073257 
Train Epoch: 17 [3000/3631 (83%)]	Gen Loss: 0.076081 
Train Epoch: 17 [3100/3631 (85%)]	Gen Loss: 0.080797 
Train Epoch: 17 [3200/3631 (88%)]	Gen Loss: 0.081916 
Train Epoch: 17 [3300/3631 (91%)]	Gen Loss: 0.077968 
Train Epoch: 17 [3400/3631 (94%)]	Gen Loss: 0.080181 
Train Epoch: 17 [3500/3631 (96%)]	Gen Loss: 0.077291 
Train Epoch: 17 [3600/3631 (99%)]	Gen Loss: 0.075934 
==========Epoch 18==========
Train Epoch: 18 [0/3631 (0%)]	Gen Loss: 0.061447 
Train Epoch: 18 [100/3631 (3%)]	Gen Loss: 0.072461 
Train Epoch: 18 [200/3631 (6%)]	Gen Loss: 0.072557 
Train Epoch: 18 [300/3631 (8%)]	Gen Loss: 0.081800 
Train Epoch: 18 [400/3631 (11%)]	Gen Loss: 0.074601 
Train Epoch: 18 [500/3631 (14%)]	Gen Loss: 0.073100 
Train Epoch: 18 [600/3631 (17%)]	Gen Loss: 0.081601 
Train Epoch: 18 [700/3631 (19%)]	Gen Loss: 0.089620 
Train Epoch: 18 [800/3631 (22%)]	Gen Loss: 0.079851 
Train Epoch: 18 [900/3631 (25%)]	Gen Loss: 0.075500 
Train Epoch: 18 [1000/3631 (28%)]	Gen Loss: 0.062276 
Train Epoch: 18 [1100/3631 (30%)]	Gen Loss: 0.058610 
Train Epoch: 18 [1200/3631 (33%)]	Gen Loss: 0.075889 
Train Epoch: 18 [1300/3631 (36%)]	Gen Loss: 0.072880 
Train Epoch: 18 [1400/3631 (39%)]	Gen Loss: 0.076908 
Train Epoch: 18 [1500/3631 (41%)]	Gen Loss: 0.072871 
Train Epoch: 18 [1600/3631 (44%)]	Gen Loss: 0.071456 
Train Epoch: 18 [1700/3631 (47%)]	Gen Loss: 0.069756 
Train Epoch: 18 [1800/3631 (50%)]	Gen Loss: 0.082342 
Train Epoch: 18 [1900/3631 (52%)]	Gen Loss: 0.073124 
Train Epoch: 18 [2000/3631 (55%)]	Gen Loss: 0.079711 
Train Epoch: 18 [2100/3631 (58%)]	Gen Loss: 0.073148 
Train Epoch: 18 [2200/3631 (61%)]	Gen Loss: 0.066386 
Train Epoch: 18 [2300/3631 (63%)]	Gen Loss: 0.080015 
Train Epoch: 18 [2400/3631 (66%)]	Gen Loss: 0.080355 
Train Epoch: 18 [2500/3631 (69%)]	Gen Loss: 0.082376 
Train Epoch: 18 [2600/3631 (72%)]	Gen Loss: 0.074900 
Train Epoch: 18 [2700/3631 (74%)]	Gen Loss: 0.075888 
Train Epoch: 18 [2800/3631 (77%)]	Gen Loss: 0.077458 
Train Epoch: 18 [2900/3631 (80%)]	Gen Loss: 0.084199 
Train Epoch: 18 [3000/3631 (83%)]	Gen Loss: 0.080373 
Train Epoch: 18 [3100/3631 (85%)]	Gen Loss: 0.082832 
Train Epoch: 18 [3200/3631 (88%)]	Gen Loss: 0.068161 
Train Epoch: 18 [3300/3631 (91%)]	Gen Loss: 0.078333 
Train Epoch: 18 [3400/3631 (94%)]	Gen Loss: 0.085539 
Train Epoch: 18 [3500/3631 (96%)]	Gen Loss: 0.073533 
Train Epoch: 18 [3600/3631 (99%)]	Gen Loss: 0.075150 
==========Epoch 19==========
Train Epoch: 19 [0/3631 (0%)]	Gen Loss: 0.081527 
Train Epoch: 19 [100/3631 (3%)]	Gen Loss: 0.056846 
Train Epoch: 19 [200/3631 (6%)]	Gen Loss: 0.074228 
Train Epoch: 19 [300/3631 (8%)]	Gen Loss: 0.074148 
Train Epoch: 19 [400/3631 (11%)]	Gen Loss: 0.083351 
Train Epoch: 19 [500/3631 (14%)]	Gen Loss: 0.068541 
Train Epoch: 19 [600/3631 (17%)]	Gen Loss: 0.064424 
Train Epoch: 19 [700/3631 (19%)]	Gen Loss: 0.082400 
Train Epoch: 19 [800/3631 (22%)]	Gen Loss: 0.069897 
Train Epoch: 19 [900/3631 (25%)]	Gen Loss: 0.071324 
Train Epoch: 19 [1000/3631 (28%)]	Gen Loss: 0.083805 
Train Epoch: 19 [1100/3631 (30%)]	Gen Loss: 0.082513 
Train Epoch: 19 [1200/3631 (33%)]	Gen Loss: 0.085864 
Train Epoch: 19 [1300/3631 (36%)]	Gen Loss: 0.083387 
Train Epoch: 19 [1400/3631 (39%)]	Gen Loss: 0.071398 
Train Epoch: 19 [1500/3631 (41%)]	Gen Loss: 0.076788 
Train Epoch: 19 [1600/3631 (44%)]	Gen Loss: 0.072518 
Train Epoch: 19 [1700/3631 (47%)]	Gen Loss: 0.072984 
Train Epoch: 19 [1800/3631 (50%)]	Gen Loss: 0.085880 
Train Epoch: 19 [1900/3631 (52%)]	Gen Loss: 0.088402 
Train Epoch: 19 [2000/3631 (55%)]	Gen Loss: 0.086987 
Train Epoch: 19 [2100/3631 (58%)]	Gen Loss: 0.087664 
Train Epoch: 19 [2200/3631 (61%)]	Gen Loss: 0.063831 
Train Epoch: 19 [2300/3631 (63%)]	Gen Loss: 0.068767 
Train Epoch: 19 [2400/3631 (66%)]	Gen Loss: 0.055597 
Train Epoch: 19 [2500/3631 (69%)]	Gen Loss: 0.081283 
Train Epoch: 19 [2600/3631 (72%)]	Gen Loss: 0.060915 
Train Epoch: 19 [2700/3631 (74%)]	Gen Loss: 0.080209 
Train Epoch: 19 [2800/3631 (77%)]	Gen Loss: 0.067492 
Train Epoch: 19 [2900/3631 (80%)]	Gen Loss: 0.076038 
Train Epoch: 19 [3000/3631 (83%)]	Gen Loss: 0.065576 
Train Epoch: 19 [3100/3631 (85%)]	Gen Loss: 0.072500 
Train Epoch: 19 [3200/3631 (88%)]	Gen Loss: 0.073729 
Train Epoch: 19 [3300/3631 (91%)]	Gen Loss: 0.102591 
Train Epoch: 19 [3400/3631 (94%)]	Gen Loss: 0.070311 
Train Epoch: 19 [3500/3631 (96%)]	Gen Loss: 0.081297 
Train Epoch: 19 [3600/3631 (99%)]	Gen Loss: 0.079079 
==========Epoch 20==========
Train Epoch: 20 [0/3631 (0%)]	Gen Loss: 0.073512 
Train Epoch: 20 [100/3631 (3%)]	Gen Loss: 0.070977 
Train Epoch: 20 [200/3631 (6%)]	Gen Loss: 0.082111 
Train Epoch: 20 [300/3631 (8%)]	Gen Loss: 0.079079 
Train Epoch: 20 [400/3631 (11%)]	Gen Loss: 0.083953 
Train Epoch: 20 [500/3631 (14%)]	Gen Loss: 0.071521 
Train Epoch: 20 [600/3631 (17%)]	Gen Loss: 0.091470 
Train Epoch: 20 [700/3631 (19%)]	Gen Loss: 0.078111 
Train Epoch: 20 [800/3631 (22%)]	Gen Loss: 0.085566 
Train Epoch: 20 [900/3631 (25%)]	Gen Loss: 0.081009 
Train Epoch: 20 [1000/3631 (28%)]	Gen Loss: 0.086965 
Train Epoch: 20 [1100/3631 (30%)]	Gen Loss: 0.067883 
Train Epoch: 20 [1200/3631 (33%)]	Gen Loss: 0.072389 
Train Epoch: 20 [1300/3631 (36%)]	Gen Loss: 0.076213 
Train Epoch: 20 [1400/3631 (39%)]	Gen Loss: 0.075658 
Train Epoch: 20 [1500/3631 (41%)]	Gen Loss: 0.063134 
Train Epoch: 20 [1600/3631 (44%)]	Gen Loss: 0.076557 
Train Epoch: 20 [1700/3631 (47%)]	Gen Loss: 0.081077 
Train Epoch: 20 [1800/3631 (50%)]	Gen Loss: 0.070940 
Train Epoch: 20 [1900/3631 (52%)]	Gen Loss: 0.074262 
Train Epoch: 20 [2000/3631 (55%)]	Gen Loss: 0.080641 
Train Epoch: 20 [2100/3631 (58%)]	Gen Loss: 0.081942 
Train Epoch: 20 [2200/3631 (61%)]	Gen Loss: 0.087232 
Train Epoch: 20 [2300/3631 (63%)]	Gen Loss: 0.072953 
Train Epoch: 20 [2400/3631 (66%)]	Gen Loss: 0.079675 
Train Epoch: 20 [2500/3631 (69%)]	Gen Loss: 0.090966 
Train Epoch: 20 [2600/3631 (72%)]	Gen Loss: 0.075795 
Train Epoch: 20 [2700/3631 (74%)]	Gen Loss: 0.076081 
Train Epoch: 20 [2800/3631 (77%)]	Gen Loss: 0.077231 
Train Epoch: 20 [2900/3631 (80%)]	Gen Loss: 0.075949 
Train Epoch: 20 [3000/3631 (83%)]	Gen Loss: 0.068263 
Train Epoch: 20 [3100/3631 (85%)]	Gen Loss: 0.073423 
Train Epoch: 20 [3200/3631 (88%)]	Gen Loss: 0.080780 
Train Epoch: 20 [3300/3631 (91%)]	Gen Loss: 0.080474 
Train Epoch: 20 [3400/3631 (94%)]	Gen Loss: 0.079246 
Train Epoch: 20 [3500/3631 (96%)]	Gen Loss: 0.070000 
Train Epoch: 20 [3600/3631 (99%)]	Gen Loss: 0.064886 
==========Epoch 21==========
Train Epoch: 21 [0/3631 (0%)]	Gen Loss: 0.065101 
Train Epoch: 21 [100/3631 (3%)]	Gen Loss: 0.078087 
Train Epoch: 21 [200/3631 (6%)]	Gen Loss: 0.060601 
Train Epoch: 21 [300/3631 (8%)]	Gen Loss: 0.072787 
Train Epoch: 21 [400/3631 (11%)]	Gen Loss: 0.072597 
Train Epoch: 21 [500/3631 (14%)]	Gen Loss: 0.088885 
Train Epoch: 21 [600/3631 (17%)]	Gen Loss: 0.076107 
Train Epoch: 21 [700/3631 (19%)]	Gen Loss: 0.072621 
Train Epoch: 21 [800/3631 (22%)]	Gen Loss: 0.081356 
Train Epoch: 21 [900/3631 (25%)]	Gen Loss: 0.069667 
Train Epoch: 21 [1000/3631 (28%)]	Gen Loss: 0.069577 
Train Epoch: 21 [1100/3631 (30%)]	Gen Loss: 0.077809 
Train Epoch: 21 [1200/3631 (33%)]	Gen Loss: 0.073206 
Train Epoch: 21 [1300/3631 (36%)]	Gen Loss: 0.072524 
Train Epoch: 21 [1400/3631 (39%)]	Gen Loss: 0.072823 
Train Epoch: 21 [1500/3631 (41%)]	Gen Loss: 0.066192 
Train Epoch: 21 [1600/3631 (44%)]	Gen Loss: 0.071719 
Train Epoch: 21 [1700/3631 (47%)]	Gen Loss: 0.061460 
Train Epoch: 21 [1800/3631 (50%)]	Gen Loss: 0.069901 
Train Epoch: 21 [1900/3631 (52%)]	Gen Loss: 0.073512 
Train Epoch: 21 [2000/3631 (55%)]	Gen Loss: 0.068100 
Train Epoch: 21 [2100/3631 (58%)]	Gen Loss: 0.063596 
Train Epoch: 21 [2200/3631 (61%)]	Gen Loss: 0.071073 
Train Epoch: 21 [2300/3631 (63%)]	Gen Loss: 0.080108 
Train Epoch: 21 [2400/3631 (66%)]	Gen Loss: 0.068064 
Train Epoch: 21 [2500/3631 (69%)]	Gen Loss: 0.073597 
Train Epoch: 21 [2600/3631 (72%)]	Gen Loss: 0.071260 
Train Epoch: 21 [2700/3631 (74%)]	Gen Loss: 0.074319 
Train Epoch: 21 [2800/3631 (77%)]	Gen Loss: 0.076975 
Train Epoch: 21 [2900/3631 (80%)]	Gen Loss: 0.074973 
Train Epoch: 21 [3000/3631 (83%)]	Gen Loss: 0.072514 
Train Epoch: 21 [3100/3631 (85%)]	Gen Loss: 0.066709 
Train Epoch: 21 [3200/3631 (88%)]	Gen Loss: 0.060405 
Train Epoch: 21 [3300/3631 (91%)]	Gen Loss: 0.068946 
Train Epoch: 21 [3400/3631 (94%)]	Gen Loss: 0.072656 
Train Epoch: 21 [3500/3631 (96%)]	Gen Loss: 0.070573 
Train Epoch: 21 [3600/3631 (99%)]	Gen Loss: 0.071121 
==========Epoch 22==========
Train Epoch: 22 [0/3631 (0%)]	Gen Loss: 0.065438 
Train Epoch: 22 [100/3631 (3%)]	Gen Loss: 0.066479 
Train Epoch: 22 [200/3631 (6%)]	Gen Loss: 0.094578 
Train Epoch: 22 [300/3631 (8%)]	Gen Loss: 0.071283 
Train Epoch: 22 [400/3631 (11%)]	Gen Loss: 0.082078 
Train Epoch: 22 [500/3631 (14%)]	Gen Loss: 0.068578 
Train Epoch: 22 [600/3631 (17%)]	Gen Loss: 0.075276 
Train Epoch: 22 [700/3631 (19%)]	Gen Loss: 0.064687 
Train Epoch: 22 [800/3631 (22%)]	Gen Loss: 0.067450 
Train Epoch: 22 [900/3631 (25%)]	Gen Loss: 0.078986 
Train Epoch: 22 [1000/3631 (28%)]	Gen Loss: 0.083405 
Train Epoch: 22 [1100/3631 (30%)]	Gen Loss: 0.063813 
Train Epoch: 22 [1200/3631 (33%)]	Gen Loss: 0.075852 
Train Epoch: 22 [1300/3631 (36%)]	Gen Loss: 0.062978 
Train Epoch: 22 [1400/3631 (39%)]	Gen Loss: 0.072649 
Train Epoch: 22 [1500/3631 (41%)]	Gen Loss: 0.084034 
Train Epoch: 22 [1600/3631 (44%)]	Gen Loss: 0.070039 
Train Epoch: 22 [1700/3631 (47%)]	Gen Loss: 0.065271 
Train Epoch: 22 [1800/3631 (50%)]	Gen Loss: 0.068047 
Train Epoch: 22 [1900/3631 (52%)]	Gen Loss: 0.064247 
Train Epoch: 22 [2000/3631 (55%)]	Gen Loss: 0.079335 
Train Epoch: 22 [2100/3631 (58%)]	Gen Loss: 0.071699 
Train Epoch: 22 [2200/3631 (61%)]	Gen Loss: 0.079506 
Train Epoch: 22 [2300/3631 (63%)]	Gen Loss: 0.072618 
Train Epoch: 22 [2400/3631 (66%)]	Gen Loss: 0.072916 
Train Epoch: 22 [2500/3631 (69%)]	Gen Loss: 0.079770 
Train Epoch: 22 [2600/3631 (72%)]	Gen Loss: 0.065936 
Train Epoch: 22 [2700/3631 (74%)]	Gen Loss: 0.073313 
Train Epoch: 22 [2800/3631 (77%)]	Gen Loss: 0.086750 
Train Epoch: 22 [2900/3631 (80%)]	Gen Loss: 0.083901 
Train Epoch: 22 [3000/3631 (83%)]	Gen Loss: 0.066377 
Train Epoch: 22 [3100/3631 (85%)]	Gen Loss: 0.081368 
Train Epoch: 22 [3200/3631 (88%)]	Gen Loss: 0.078000 
Train Epoch: 22 [3300/3631 (91%)]	Gen Loss: 0.095022 
Train Epoch: 22 [3400/3631 (94%)]	Gen Loss: 0.064771 
Train Epoch: 22 [3500/3631 (96%)]	Gen Loss: 0.074031 
Train Epoch: 22 [3600/3631 (99%)]	Gen Loss: 0.069907 
==========Epoch 23==========
Train Epoch: 23 [0/3631 (0%)]	Gen Loss: 0.085249 
Train Epoch: 23 [100/3631 (3%)]	Gen Loss: 0.070110 
Train Epoch: 23 [200/3631 (6%)]	Gen Loss: 0.060856 
Train Epoch: 23 [300/3631 (8%)]	Gen Loss: 0.068024 
Train Epoch: 23 [400/3631 (11%)]	Gen Loss: 0.067188 
Train Epoch: 23 [500/3631 (14%)]	Gen Loss: 0.066054 
Train Epoch: 23 [600/3631 (17%)]	Gen Loss: 0.080040 
Train Epoch: 23 [700/3631 (19%)]	Gen Loss: 0.079063 
Train Epoch: 23 [800/3631 (22%)]	Gen Loss: 0.079881 
Train Epoch: 23 [900/3631 (25%)]	Gen Loss: 0.086443 
Train Epoch: 23 [1000/3631 (28%)]	Gen Loss: 0.069223 
Train Epoch: 23 [1100/3631 (30%)]	Gen Loss: 0.081289 
Train Epoch: 23 [1200/3631 (33%)]	Gen Loss: 0.070546 
Train Epoch: 23 [1300/3631 (36%)]	Gen Loss: 0.077517 
Train Epoch: 23 [1400/3631 (39%)]	Gen Loss: 0.080634 
Train Epoch: 23 [1500/3631 (41%)]	Gen Loss: 0.064119 
Train Epoch: 23 [1600/3631 (44%)]	Gen Loss: 0.077427 
Train Epoch: 23 [1700/3631 (47%)]	Gen Loss: 0.078219 
Train Epoch: 23 [1800/3631 (50%)]	Gen Loss: 0.080592 
Train Epoch: 23 [1900/3631 (52%)]	Gen Loss: 0.067938 
Train Epoch: 23 [2000/3631 (55%)]	Gen Loss: 0.087070 
Train Epoch: 23 [2100/3631 (58%)]	Gen Loss: 0.066641 
Train Epoch: 23 [2200/3631 (61%)]	Gen Loss: 0.078036 
Train Epoch: 23 [2300/3631 (63%)]	Gen Loss: 0.076146 
Train Epoch: 23 [2400/3631 (66%)]	Gen Loss: 0.078479 
Train Epoch: 23 [2500/3631 (69%)]	Gen Loss: 0.066579 
Train Epoch: 23 [2600/3631 (72%)]	Gen Loss: 0.072144 
Train Epoch: 23 [2700/3631 (74%)]	Gen Loss: 0.085885 
Train Epoch: 23 [2800/3631 (77%)]	Gen Loss: 0.077508 
Train Epoch: 23 [2900/3631 (80%)]	Gen Loss: 0.076710 
Train Epoch: 23 [3000/3631 (83%)]	Gen Loss: 0.071476 
Train Epoch: 23 [3100/3631 (85%)]	Gen Loss: 0.062849 
Train Epoch: 23 [3200/3631 (88%)]	Gen Loss: 0.078915 
Train Epoch: 23 [3300/3631 (91%)]	Gen Loss: 0.083297 
Train Epoch: 23 [3400/3631 (94%)]	Gen Loss: 0.074818 
Train Epoch: 23 [3500/3631 (96%)]	Gen Loss: 0.089170 
Train Epoch: 23 [3600/3631 (99%)]	Gen Loss: 0.087305 
==========Epoch 24==========
Train Epoch: 24 [0/3631 (0%)]	Gen Loss: 0.068928 
Train Epoch: 24 [100/3631 (3%)]	Gen Loss: 0.073535 
Train Epoch: 24 [200/3631 (6%)]	Gen Loss: 0.080693 
Train Epoch: 24 [300/3631 (8%)]	Gen Loss: 0.073744 
Train Epoch: 24 [400/3631 (11%)]	Gen Loss: 0.066723 
Train Epoch: 24 [500/3631 (14%)]	Gen Loss: 0.080043 
Train Epoch: 24 [600/3631 (17%)]	Gen Loss: 0.056857 
Train Epoch: 24 [700/3631 (19%)]	Gen Loss: 0.064549 
Train Epoch: 24 [800/3631 (22%)]	Gen Loss: 0.093684 
Train Epoch: 24 [900/3631 (25%)]	Gen Loss: 0.076602 
Train Epoch: 24 [1000/3631 (28%)]	Gen Loss: 0.066296 
Train Epoch: 24 [1100/3631 (30%)]	Gen Loss: 0.061245 
Train Epoch: 24 [1200/3631 (33%)]	Gen Loss: 0.078022 
Train Epoch: 24 [1300/3631 (36%)]	Gen Loss: 0.054990 
Train Epoch: 24 [1400/3631 (39%)]	Gen Loss: 0.060298 
Train Epoch: 24 [1500/3631 (41%)]	Gen Loss: 0.074858 
Train Epoch: 24 [1600/3631 (44%)]	Gen Loss: 0.085981 
Train Epoch: 24 [1700/3631 (47%)]	Gen Loss: 0.065016 
Train Epoch: 24 [1800/3631 (50%)]	Gen Loss: 0.082117 
Train Epoch: 24 [1900/3631 (52%)]	Gen Loss: 0.076638 
Train Epoch: 24 [2000/3631 (55%)]	Gen Loss: 0.076216 
Train Epoch: 24 [2100/3631 (58%)]	Gen Loss: 0.060870 
Train Epoch: 24 [2200/3631 (61%)]	Gen Loss: 0.081935 
Train Epoch: 24 [2300/3631 (63%)]	Gen Loss: 0.066927 
Train Epoch: 24 [2400/3631 (66%)]	Gen Loss: 0.074025 
Train Epoch: 24 [2500/3631 (69%)]	Gen Loss: 0.071908 
Train Epoch: 24 [2600/3631 (72%)]	Gen Loss: 0.077361 
Train Epoch: 24 [2700/3631 (74%)]	Gen Loss: 0.067629 
Train Epoch: 24 [2800/3631 (77%)]	Gen Loss: 0.068593 
Train Epoch: 24 [2900/3631 (80%)]	Gen Loss: 0.056099 
Train Epoch: 24 [3000/3631 (83%)]	Gen Loss: 0.062970 
Train Epoch: 24 [3100/3631 (85%)]	Gen Loss: 0.067788 
Train Epoch: 24 [3200/3631 (88%)]	Gen Loss: 0.066422 
Train Epoch: 24 [3300/3631 (91%)]	Gen Loss: 0.063419 
Train Epoch: 24 [3400/3631 (94%)]	Gen Loss: 0.084521 
Train Epoch: 24 [3500/3631 (96%)]	Gen Loss: 0.077215 
Train Epoch: 24 [3600/3631 (99%)]	Gen Loss: 0.076375 
==========Epoch 25==========
Train Epoch: 25 [0/3631 (0%)]	Gen Loss: 0.068691 
Train Epoch: 25 [100/3631 (3%)]	Gen Loss: 0.079135 
Train Epoch: 25 [200/3631 (6%)]	Gen Loss: 0.075176 
Train Epoch: 25 [300/3631 (8%)]	Gen Loss: 0.072438 
Train Epoch: 25 [400/3631 (11%)]	Gen Loss: 0.073873 
Train Epoch: 25 [500/3631 (14%)]	Gen Loss: 0.061677 
Train Epoch: 25 [600/3631 (17%)]	Gen Loss: 0.074064 
Train Epoch: 25 [700/3631 (19%)]	Gen Loss: 0.066383 
Train Epoch: 25 [800/3631 (22%)]	Gen Loss: 0.074597 
Train Epoch: 25 [900/3631 (25%)]	Gen Loss: 0.065833 
Train Epoch: 25 [1000/3631 (28%)]	Gen Loss: 0.089845 
Train Epoch: 25 [1100/3631 (30%)]	Gen Loss: 0.067566 
Train Epoch: 25 [1200/3631 (33%)]	Gen Loss: 0.065910 
Train Epoch: 25 [1300/3631 (36%)]	Gen Loss: 0.082237 
Train Epoch: 25 [1400/3631 (39%)]	Gen Loss: 0.078452 
Train Epoch: 25 [1500/3631 (41%)]	Gen Loss: 0.065399 
Train Epoch: 25 [1600/3631 (44%)]	Gen Loss: 0.085404 
Train Epoch: 25 [1700/3631 (47%)]	Gen Loss: 0.082595 
Train Epoch: 25 [1800/3631 (50%)]	Gen Loss: 0.084183 
Train Epoch: 25 [1900/3631 (52%)]	Gen Loss: 0.068048 
Train Epoch: 25 [2000/3631 (55%)]	Gen Loss: 0.069614 
Train Epoch: 25 [2100/3631 (58%)]	Gen Loss: 0.075946 
Train Epoch: 25 [2200/3631 (61%)]	Gen Loss: 0.067046 
Train Epoch: 25 [2300/3631 (63%)]	Gen Loss: 0.067338 
Train Epoch: 25 [2400/3631 (66%)]	Gen Loss: 0.082081 
Train Epoch: 25 [2500/3631 (69%)]	Gen Loss: 0.088225 
Train Epoch: 25 [2600/3631 (72%)]	Gen Loss: 0.074681 
Train Epoch: 25 [2700/3631 (74%)]	Gen Loss: 0.085747 
Train Epoch: 25 [2800/3631 (77%)]	Gen Loss: 0.091855 
Train Epoch: 25 [2900/3631 (80%)]	Gen Loss: 0.076961 
Train Epoch: 25 [3000/3631 (83%)]	Gen Loss: 0.076202 
Train Epoch: 25 [3100/3631 (85%)]	Gen Loss: 0.071056 
Train Epoch: 25 [3200/3631 (88%)]	Gen Loss: 0.060655 
Train Epoch: 25 [3300/3631 (91%)]	Gen Loss: 0.063243 
Train Epoch: 25 [3400/3631 (94%)]	Gen Loss: 0.091891 
Train Epoch: 25 [3500/3631 (96%)]	Gen Loss: 0.068774 
Train Epoch: 25 [3600/3631 (99%)]	Gen Loss: 0.072257 
==========Epoch 26==========
Train Epoch: 26 [0/3631 (0%)]	Gen Loss: 0.072886 
Train Epoch: 26 [100/3631 (3%)]	Gen Loss: 0.065566 
Train Epoch: 26 [200/3631 (6%)]	Gen Loss: 0.069788 
Train Epoch: 26 [300/3631 (8%)]	Gen Loss: 0.065796 
Train Epoch: 26 [400/3631 (11%)]	Gen Loss: 0.062545 
Train Epoch: 26 [500/3631 (14%)]	Gen Loss: 0.070133 
Train Epoch: 26 [600/3631 (17%)]	Gen Loss: 0.065372 
Train Epoch: 26 [700/3631 (19%)]	Gen Loss: 0.090867 
Train Epoch: 26 [800/3631 (22%)]	Gen Loss: 0.069014 
Train Epoch: 26 [900/3631 (25%)]	Gen Loss: 0.074908 
Train Epoch: 26 [1000/3631 (28%)]	Gen Loss: 0.076057 
Train Epoch: 26 [1100/3631 (30%)]	Gen Loss: 0.082799 
Train Epoch: 26 [1200/3631 (33%)]	Gen Loss: 0.063039 
Train Epoch: 26 [1300/3631 (36%)]	Gen Loss: 0.074882 
Train Epoch: 26 [1400/3631 (39%)]	Gen Loss: 0.081824 
Train Epoch: 26 [1500/3631 (41%)]	Gen Loss: 0.060222 
Train Epoch: 26 [1600/3631 (44%)]	Gen Loss: 0.070507 
Train Epoch: 26 [1700/3631 (47%)]	Gen Loss: 0.069059 
Train Epoch: 26 [1800/3631 (50%)]	Gen Loss: 0.087940 
Train Epoch: 26 [1900/3631 (52%)]	Gen Loss: 0.058979 
Train Epoch: 26 [2000/3631 (55%)]	Gen Loss: 0.074813 
Train Epoch: 26 [2100/3631 (58%)]	Gen Loss: 0.072421 
Train Epoch: 26 [2200/3631 (61%)]	Gen Loss: 0.072349 
Train Epoch: 26 [2300/3631 (63%)]	Gen Loss: 0.066298 
Train Epoch: 26 [2400/3631 (66%)]	Gen Loss: 0.073000 
Train Epoch: 26 [2500/3631 (69%)]	Gen Loss: 0.076145 
Train Epoch: 26 [2600/3631 (72%)]	Gen Loss: 0.066211 
Train Epoch: 26 [2700/3631 (74%)]	Gen Loss: 0.074904 
Train Epoch: 26 [2800/3631 (77%)]	Gen Loss: 0.063432 
Train Epoch: 26 [2900/3631 (80%)]	Gen Loss: 0.070453 
Train Epoch: 26 [3000/3631 (83%)]	Gen Loss: 0.072045 
Train Epoch: 26 [3100/3631 (85%)]	Gen Loss: 0.070590 
Train Epoch: 26 [3200/3631 (88%)]	Gen Loss: 0.063784 
Train Epoch: 26 [3300/3631 (91%)]	Gen Loss: 0.074996 
Train Epoch: 26 [3400/3631 (94%)]	Gen Loss: 0.075951 
Train Epoch: 26 [3500/3631 (96%)]	Gen Loss: 0.069368 
Train Epoch: 26 [3600/3631 (99%)]	Gen Loss: 0.087283 
==========Epoch 27==========
Train Epoch: 27 [0/3631 (0%)]	Gen Loss: 0.075355 
Train Epoch: 27 [100/3631 (3%)]	Gen Loss: 0.067982 
Train Epoch: 27 [200/3631 (6%)]	Gen Loss: 0.063498 
Train Epoch: 27 [300/3631 (8%)]	Gen Loss: 0.070785 
Train Epoch: 27 [400/3631 (11%)]	Gen Loss: 0.065678 
Train Epoch: 27 [500/3631 (14%)]	Gen Loss: 0.076826 
Train Epoch: 27 [600/3631 (17%)]	Gen Loss: 0.068127 
Train Epoch: 27 [700/3631 (19%)]	Gen Loss: 0.079477 
Train Epoch: 27 [800/3631 (22%)]	Gen Loss: 0.069403 
Train Epoch: 27 [900/3631 (25%)]	Gen Loss: 0.068958 
Train Epoch: 27 [1000/3631 (28%)]	Gen Loss: 0.071808 
Train Epoch: 27 [1100/3631 (30%)]	Gen Loss: 0.086335 
Train Epoch: 27 [1200/3631 (33%)]	Gen Loss: 0.074669 
Train Epoch: 27 [1300/3631 (36%)]	Gen Loss: 0.067762 
Train Epoch: 27 [1400/3631 (39%)]	Gen Loss: 0.057886 
Train Epoch: 27 [1500/3631 (41%)]	Gen Loss: 0.070337 
Train Epoch: 27 [1600/3631 (44%)]	Gen Loss: 0.074467 
Train Epoch: 27 [1700/3631 (47%)]	Gen Loss: 0.070003 
Train Epoch: 27 [1800/3631 (50%)]	Gen Loss: 0.065602 
Train Epoch: 27 [1900/3631 (52%)]	Gen Loss: 0.072917 
Train Epoch: 27 [2000/3631 (55%)]	Gen Loss: 0.066308 
Train Epoch: 27 [2100/3631 (58%)]	Gen Loss: 0.066184 
Train Epoch: 27 [2200/3631 (61%)]	Gen Loss: 0.067521 
Train Epoch: 27 [2300/3631 (63%)]	Gen Loss: 0.075894 
Train Epoch: 27 [2400/3631 (66%)]	Gen Loss: 0.069107 
Train Epoch: 27 [2500/3631 (69%)]	Gen Loss: 0.075096 
Train Epoch: 27 [2600/3631 (72%)]	Gen Loss: 0.074845 
Train Epoch: 27 [2700/3631 (74%)]	Gen Loss: 0.082032 
Train Epoch: 27 [2800/3631 (77%)]	Gen Loss: 0.075371 
Train Epoch: 27 [2900/3631 (80%)]	Gen Loss: 0.081163 
Train Epoch: 27 [3000/3631 (83%)]	Gen Loss: 0.078093 
Train Epoch: 27 [3100/3631 (85%)]	Gen Loss: 0.076078 
Train Epoch: 27 [3200/3631 (88%)]	Gen Loss: 0.063186 
Train Epoch: 27 [3300/3631 (91%)]	Gen Loss: 0.077767 
Train Epoch: 27 [3400/3631 (94%)]	Gen Loss: 0.069230 
Train Epoch: 27 [3500/3631 (96%)]	Gen Loss: 0.077956 
Train Epoch: 27 [3600/3631 (99%)]	Gen Loss: 0.075625 
==========Epoch 28==========
Train Epoch: 28 [0/3631 (0%)]	Gen Loss: 0.070059 
Train Epoch: 28 [100/3631 (3%)]	Gen Loss: 0.068096 
Train Epoch: 28 [200/3631 (6%)]	Gen Loss: 0.082691 
Train Epoch: 28 [300/3631 (8%)]	Gen Loss: 0.064462 
Train Epoch: 28 [400/3631 (11%)]	Gen Loss: 0.067023 
Train Epoch: 28 [500/3631 (14%)]	Gen Loss: 0.072869 
Train Epoch: 28 [600/3631 (17%)]	Gen Loss: 0.076590 
Train Epoch: 28 [700/3631 (19%)]	Gen Loss: 0.072019 
Train Epoch: 28 [800/3631 (22%)]	Gen Loss: 0.086988 
Train Epoch: 28 [900/3631 (25%)]	Gen Loss: 0.075210 
Train Epoch: 28 [1000/3631 (28%)]	Gen Loss: 0.072151 
Train Epoch: 28 [1100/3631 (30%)]	Gen Loss: 0.079712 
Train Epoch: 28 [1200/3631 (33%)]	Gen Loss: 0.067300 
Train Epoch: 28 [1300/3631 (36%)]	Gen Loss: 0.087626 
Train Epoch: 28 [1400/3631 (39%)]	Gen Loss: 0.074497 
Train Epoch: 28 [1500/3631 (41%)]	Gen Loss: 0.073748 
Train Epoch: 28 [1600/3631 (44%)]	Gen Loss: 0.057744 
Train Epoch: 28 [1700/3631 (47%)]	Gen Loss: 0.064681 
Train Epoch: 28 [1800/3631 (50%)]	Gen Loss: 0.082106 
Train Epoch: 28 [1900/3631 (52%)]	Gen Loss: 0.059279 
Train Epoch: 28 [2000/3631 (55%)]	Gen Loss: 0.075784 
Train Epoch: 28 [2100/3631 (58%)]	Gen Loss: 0.076344 
Train Epoch: 28 [2200/3631 (61%)]	Gen Loss: 0.069828 
Train Epoch: 28 [2300/3631 (63%)]	Gen Loss: 0.084844 
Train Epoch: 28 [2400/3631 (66%)]	Gen Loss: 0.068701 
Train Epoch: 28 [2500/3631 (69%)]	Gen Loss: 0.074687 
Train Epoch: 28 [2600/3631 (72%)]	Gen Loss: 0.080154 
Train Epoch: 28 [2700/3631 (74%)]	Gen Loss: 0.085087 
Train Epoch: 28 [2800/3631 (77%)]	Gen Loss: 0.067065 
Train Epoch: 28 [2900/3631 (80%)]	Gen Loss: 0.084525 
Train Epoch: 28 [3000/3631 (83%)]	Gen Loss: 0.063623 
Train Epoch: 28 [3100/3631 (85%)]	Gen Loss: 0.074974 
Train Epoch: 28 [3200/3631 (88%)]	Gen Loss: 0.077513 
Train Epoch: 28 [3300/3631 (91%)]	Gen Loss: 0.066257 
Train Epoch: 28 [3400/3631 (94%)]	Gen Loss: 0.065068 
Train Epoch: 28 [3500/3631 (96%)]	Gen Loss: 0.063666 
Train Epoch: 28 [3600/3631 (99%)]	Gen Loss: 0.071420 
==========Epoch 29==========
Train Epoch: 29 [0/3631 (0%)]	Gen Loss: 0.068219 
Train Epoch: 29 [100/3631 (3%)]	Gen Loss: 0.065942 
Train Epoch: 29 [200/3631 (6%)]	Gen Loss: 0.066647 
Train Epoch: 29 [300/3631 (8%)]	Gen Loss: 0.070883 
Train Epoch: 29 [400/3631 (11%)]	Gen Loss: 0.086935 
Train Epoch: 29 [500/3631 (14%)]	Gen Loss: 0.070590 
Train Epoch: 29 [600/3631 (17%)]	Gen Loss: 0.077024 
Train Epoch: 29 [700/3631 (19%)]	Gen Loss: 0.067298 
Train Epoch: 29 [800/3631 (22%)]	Gen Loss: 0.064693 
Train Epoch: 29 [900/3631 (25%)]	Gen Loss: 0.066030 
Train Epoch: 29 [1000/3631 (28%)]	Gen Loss: 0.076409 
Train Epoch: 29 [1100/3631 (30%)]	Gen Loss: 0.081216 
Train Epoch: 29 [1200/3631 (33%)]	Gen Loss: 0.082813 
Train Epoch: 29 [1300/3631 (36%)]	Gen Loss: 0.072592 
Train Epoch: 29 [1400/3631 (39%)]	Gen Loss: 0.064000 
Train Epoch: 29 [1500/3631 (41%)]	Gen Loss: 0.073825 
Train Epoch: 29 [1600/3631 (44%)]	Gen Loss: 0.066522 
Train Epoch: 29 [1700/3631 (47%)]	Gen Loss: 0.065604 
Train Epoch: 29 [1800/3631 (50%)]	Gen Loss: 0.066283 
Train Epoch: 29 [1900/3631 (52%)]	Gen Loss: 0.057300 
Train Epoch: 29 [2000/3631 (55%)]	Gen Loss: 0.068303 
Train Epoch: 29 [2100/3631 (58%)]	Gen Loss: 0.072820 
Train Epoch: 29 [2200/3631 (61%)]	Gen Loss: 0.076190 
Train Epoch: 29 [2300/3631 (63%)]	Gen Loss: 0.063075 
Train Epoch: 29 [2400/3631 (66%)]	Gen Loss: 0.073303 
Train Epoch: 29 [2500/3631 (69%)]	Gen Loss: 0.088038 
Train Epoch: 29 [2600/3631 (72%)]	Gen Loss: 0.082649 
Train Epoch: 29 [2700/3631 (74%)]	Gen Loss: 0.082613 
Train Epoch: 29 [2800/3631 (77%)]	Gen Loss: 0.074989 
Train Epoch: 29 [2900/3631 (80%)]	Gen Loss: 0.070568 
Train Epoch: 29 [3000/3631 (83%)]	Gen Loss: 0.083337 
Train Epoch: 29 [3100/3631 (85%)]	Gen Loss: 0.078675 
Train Epoch: 29 [3200/3631 (88%)]	Gen Loss: 0.074843 
Train Epoch: 29 [3300/3631 (91%)]	Gen Loss: 0.081999 
Train Epoch: 29 [3400/3631 (94%)]	Gen Loss: 0.065854 
Train Epoch: 29 [3500/3631 (96%)]	Gen Loss: 0.083507 
Train Epoch: 29 [3600/3631 (99%)]	Gen Loss: 0.079295 
==========Epoch 30==========
Train Epoch: 30 [0/3631 (0%)]	Gen Loss: 0.069572 
Train Epoch: 30 [100/3631 (3%)]	Gen Loss: 0.062123 
Train Epoch: 30 [200/3631 (6%)]	Gen Loss: 0.067876 
Train Epoch: 30 [300/3631 (8%)]	Gen Loss: 0.088090 
Train Epoch: 30 [400/3631 (11%)]	Gen Loss: 0.079442 
Train Epoch: 30 [500/3631 (14%)]	Gen Loss: 0.078584 
Train Epoch: 30 [600/3631 (17%)]	Gen Loss: 0.070140 
Train Epoch: 30 [700/3631 (19%)]	Gen Loss: 0.067669 
Train Epoch: 30 [800/3631 (22%)]	Gen Loss: 0.078568 
Train Epoch: 30 [900/3631 (25%)]	Gen Loss: 0.063933 
Train Epoch: 30 [1000/3631 (28%)]	Gen Loss: 0.067958 
Train Epoch: 30 [1100/3631 (30%)]	Gen Loss: 0.064499 
Train Epoch: 30 [1200/3631 (33%)]	Gen Loss: 0.082324 
Train Epoch: 30 [1300/3631 (36%)]	Gen Loss: 0.061049 
Train Epoch: 30 [1400/3631 (39%)]	Gen Loss: 0.081819 
Train Epoch: 30 [1500/3631 (41%)]	Gen Loss: 0.088389 
Train Epoch: 30 [1600/3631 (44%)]	Gen Loss: 0.075319 
Train Epoch: 30 [1700/3631 (47%)]	Gen Loss: 0.070112 
Train Epoch: 30 [1800/3631 (50%)]	Gen Loss: 0.071988 
Train Epoch: 30 [1900/3631 (52%)]	Gen Loss: 0.081283 
Train Epoch: 30 [2000/3631 (55%)]	Gen Loss: 0.068392 
Train Epoch: 30 [2100/3631 (58%)]	Gen Loss: 0.073286 
Train Epoch: 30 [2200/3631 (61%)]	Gen Loss: 0.059339 
Train Epoch: 30 [2300/3631 (63%)]	Gen Loss: 0.078481 
Train Epoch: 30 [2400/3631 (66%)]	Gen Loss: 0.077883 
Train Epoch: 30 [2500/3631 (69%)]	Gen Loss: 0.080378 
Train Epoch: 30 [2600/3631 (72%)]	Gen Loss: 0.092045 
Train Epoch: 30 [2700/3631 (74%)]	Gen Loss: 0.063883 
Train Epoch: 30 [2800/3631 (77%)]	Gen Loss: 0.068042 
Train Epoch: 30 [2900/3631 (80%)]	Gen Loss: 0.078048 
Train Epoch: 30 [3000/3631 (83%)]	Gen Loss: 0.061560 
Train Epoch: 30 [3100/3631 (85%)]	Gen Loss: 0.076522 
Train Epoch: 30 [3200/3631 (88%)]	Gen Loss: 0.072558 
Train Epoch: 30 [3300/3631 (91%)]	Gen Loss: 0.069984 
Train Epoch: 30 [3400/3631 (94%)]	Gen Loss: 0.071555 
Train Epoch: 30 [3500/3631 (96%)]	Gen Loss: 0.063578 
Train Epoch: 30 [3600/3631 (99%)]	Gen Loss: 0.066713 
==========Epoch 31==========
Train Epoch: 31 [0/3631 (0%)]	Gen Loss: 0.057680 
Train Epoch: 31 [100/3631 (3%)]	Gen Loss: 0.080151 
Train Epoch: 31 [200/3631 (6%)]	Gen Loss: 0.082748 
Train Epoch: 31 [300/3631 (8%)]	Gen Loss: 0.061674 
Train Epoch: 31 [400/3631 (11%)]	Gen Loss: 0.067811 
Train Epoch: 31 [500/3631 (14%)]	Gen Loss: 0.078287 
Train Epoch: 31 [600/3631 (17%)]	Gen Loss: 0.079961 
Train Epoch: 31 [700/3631 (19%)]	Gen Loss: 0.077297 
Train Epoch: 31 [800/3631 (22%)]	Gen Loss: 0.069312 
Train Epoch: 31 [900/3631 (25%)]	Gen Loss: 0.077877 
Train Epoch: 31 [1000/3631 (28%)]	Gen Loss: 0.064810 
Train Epoch: 31 [1100/3631 (30%)]	Gen Loss: 0.077014 
Train Epoch: 31 [1200/3631 (33%)]	Gen Loss: 0.074965 
Train Epoch: 31 [1300/3631 (36%)]	Gen Loss: 0.072723 
Train Epoch: 31 [1400/3631 (39%)]	Gen Loss: 0.072165 
Train Epoch: 31 [1500/3631 (41%)]	Gen Loss: 0.078982 
Train Epoch: 31 [1600/3631 (44%)]	Gen Loss: 0.072828 
Train Epoch: 31 [1700/3631 (47%)]	Gen Loss: 0.078226 
Train Epoch: 31 [1800/3631 (50%)]	Gen Loss: 0.071712 
Train Epoch: 31 [1900/3631 (52%)]	Gen Loss: 0.076477 
Train Epoch: 31 [2000/3631 (55%)]	Gen Loss: 0.064624 
Train Epoch: 31 [2100/3631 (58%)]	Gen Loss: 0.070865 
Train Epoch: 31 [2200/3631 (61%)]	Gen Loss: 0.070825 
Train Epoch: 31 [2300/3631 (63%)]	Gen Loss: 0.083413 
Train Epoch: 31 [2400/3631 (66%)]	Gen Loss: 0.082344 
Train Epoch: 31 [2500/3631 (69%)]	Gen Loss: 0.059700 
Train Epoch: 31 [2600/3631 (72%)]	Gen Loss: 0.075713 
Train Epoch: 31 [2700/3631 (74%)]	Gen Loss: 0.068554 
Train Epoch: 31 [2800/3631 (77%)]	Gen Loss: 0.065206 
Train Epoch: 31 [2900/3631 (80%)]	Gen Loss: 0.068673 
Train Epoch: 31 [3000/3631 (83%)]	Gen Loss: 0.060943 
Train Epoch: 31 [3100/3631 (85%)]	Gen Loss: 0.084546 
Train Epoch: 31 [3200/3631 (88%)]	Gen Loss: 0.072813 
Train Epoch: 31 [3300/3631 (91%)]	Gen Loss: 0.073111 
Train Epoch: 31 [3400/3631 (94%)]	Gen Loss: 0.075281 
Train Epoch: 31 [3500/3631 (96%)]	Gen Loss: 0.072665 
Train Epoch: 31 [3600/3631 (99%)]	Gen Loss: 0.076937 
==========Epoch 32==========
Train Epoch: 32 [0/3631 (0%)]	Gen Loss: 0.075382 
Train Epoch: 32 [100/3631 (3%)]	Gen Loss: 0.070416 
Train Epoch: 32 [200/3631 (6%)]	Gen Loss: 0.070398 
Train Epoch: 32 [300/3631 (8%)]	Gen Loss: 0.073289 
Train Epoch: 32 [400/3631 (11%)]	Gen Loss: 0.075458 
Train Epoch: 32 [500/3631 (14%)]	Gen Loss: 0.070671 
Train Epoch: 32 [600/3631 (17%)]	Gen Loss: 0.073364 
Train Epoch: 32 [700/3631 (19%)]	Gen Loss: 0.065591 
Train Epoch: 32 [800/3631 (22%)]	Gen Loss: 0.076217 
Train Epoch: 32 [900/3631 (25%)]	Gen Loss: 0.064090 
Train Epoch: 32 [1000/3631 (28%)]	Gen Loss: 0.060420 
Train Epoch: 32 [1100/3631 (30%)]	Gen Loss: 0.066705 
Train Epoch: 32 [1200/3631 (33%)]	Gen Loss: 0.076931 
Train Epoch: 32 [1300/3631 (36%)]	Gen Loss: 0.067954 
Train Epoch: 32 [1400/3631 (39%)]	Gen Loss: 0.081451 
Train Epoch: 32 [1500/3631 (41%)]	Gen Loss: 0.082762 
Train Epoch: 32 [1600/3631 (44%)]	Gen Loss: 0.060632 
Train Epoch: 32 [1700/3631 (47%)]	Gen Loss: 0.071616 
Train Epoch: 32 [1800/3631 (50%)]	Gen Loss: 0.069736 
Train Epoch: 32 [1900/3631 (52%)]	Gen Loss: 0.065154 
Train Epoch: 32 [2000/3631 (55%)]	Gen Loss: 0.071374 
Train Epoch: 32 [2100/3631 (58%)]	Gen Loss: 0.071508 
Train Epoch: 32 [2200/3631 (61%)]	Gen Loss: 0.082606 
Train Epoch: 32 [2300/3631 (63%)]	Gen Loss: 0.073077 
Train Epoch: 32 [2400/3631 (66%)]	Gen Loss: 0.072136 
Train Epoch: 32 [2500/3631 (69%)]	Gen Loss: 0.064194 
Train Epoch: 32 [2600/3631 (72%)]	Gen Loss: 0.060277 
Train Epoch: 32 [2700/3631 (74%)]	Gen Loss: 0.061463 
Train Epoch: 32 [2800/3631 (77%)]	Gen Loss: 0.077093 
Train Epoch: 32 [2900/3631 (80%)]	Gen Loss: 0.065221 
Train Epoch: 32 [3000/3631 (83%)]	Gen Loss: 0.072950 
Train Epoch: 32 [3100/3631 (85%)]	Gen Loss: 0.080925 
Train Epoch: 32 [3200/3631 (88%)]	Gen Loss: 0.063951 
Train Epoch: 32 [3300/3631 (91%)]	Gen Loss: 0.079122 
Train Epoch: 32 [3400/3631 (94%)]	Gen Loss: 0.070782 
Train Epoch: 32 [3500/3631 (96%)]	Gen Loss: 0.087825 
Train Epoch: 32 [3600/3631 (99%)]	Gen Loss: 0.068474 
==========Epoch 33==========
Train Epoch: 33 [0/3631 (0%)]	Gen Loss: 0.069427 
Train Epoch: 33 [100/3631 (3%)]	Gen Loss: 0.079189 
Train Epoch: 33 [200/3631 (6%)]	Gen Loss: 0.087418 
Train Epoch: 33 [300/3631 (8%)]	Gen Loss: 0.073584 
Train Epoch: 33 [400/3631 (11%)]	Gen Loss: 0.058785 
Train Epoch: 33 [500/3631 (14%)]	Gen Loss: 0.074897 
Train Epoch: 33 [600/3631 (17%)]	Gen Loss: 0.076842 
Train Epoch: 33 [700/3631 (19%)]	Gen Loss: 0.064177 
Train Epoch: 33 [800/3631 (22%)]	Gen Loss: 0.062916 
Train Epoch: 33 [900/3631 (25%)]	Gen Loss: 0.069965 
Train Epoch: 33 [1000/3631 (28%)]	Gen Loss: 0.066952 
Train Epoch: 33 [1100/3631 (30%)]	Gen Loss: 0.077279 
Train Epoch: 33 [1200/3631 (33%)]	Gen Loss: 0.069649 
Train Epoch: 33 [1300/3631 (36%)]	Gen Loss: 0.074536 
Train Epoch: 33 [1400/3631 (39%)]	Gen Loss: 0.074540 
Train Epoch: 33 [1500/3631 (41%)]	Gen Loss: 0.069021 
Train Epoch: 33 [1600/3631 (44%)]	Gen Loss: 0.073910 
Train Epoch: 33 [1700/3631 (47%)]	Gen Loss: 0.074358 
Train Epoch: 33 [1800/3631 (50%)]	Gen Loss: 0.069818 
Train Epoch: 33 [1900/3631 (52%)]	Gen Loss: 0.079282 
Train Epoch: 33 [2000/3631 (55%)]	Gen Loss: 0.074000 
Train Epoch: 33 [2100/3631 (58%)]	Gen Loss: 0.070233 
Train Epoch: 33 [2200/3631 (61%)]	Gen Loss: 0.065408 
Train Epoch: 33 [2300/3631 (63%)]	Gen Loss: 0.059707 
Train Epoch: 33 [2400/3631 (66%)]	Gen Loss: 0.066353 
Train Epoch: 33 [2500/3631 (69%)]	Gen Loss: 0.068017 
Train Epoch: 33 [2600/3631 (72%)]	Gen Loss: 0.085075 
Train Epoch: 33 [2700/3631 (74%)]	Gen Loss: 0.079037 
Train Epoch: 33 [2800/3631 (77%)]	Gen Loss: 0.069891 
Train Epoch: 33 [2900/3631 (80%)]	Gen Loss: 0.078120 
Train Epoch: 33 [3000/3631 (83%)]	Gen Loss: 0.081045 
Train Epoch: 33 [3100/3631 (85%)]	Gen Loss: 0.067010 
Train Epoch: 33 [3200/3631 (88%)]	Gen Loss: 0.071697 
Train Epoch: 33 [3300/3631 (91%)]	Gen Loss: 0.083754 
Train Epoch: 33 [3400/3631 (94%)]	Gen Loss: 0.068823 
Train Epoch: 33 [3500/3631 (96%)]	Gen Loss: 0.066823 
Train Epoch: 33 [3600/3631 (99%)]	Gen Loss: 0.088319 
==========Epoch 34==========
Train Epoch: 34 [0/3631 (0%)]	Gen Loss: 0.079330 
Train Epoch: 34 [100/3631 (3%)]	Gen Loss: 0.068883 
Train Epoch: 34 [200/3631 (6%)]	Gen Loss: 0.059184 
Train Epoch: 34 [300/3631 (8%)]	Gen Loss: 0.059663 
Train Epoch: 34 [400/3631 (11%)]	Gen Loss: 0.073094 
Train Epoch: 34 [500/3631 (14%)]	Gen Loss: 0.071835 
Train Epoch: 34 [600/3631 (17%)]	Gen Loss: 0.065770 
Train Epoch: 34 [700/3631 (19%)]	Gen Loss: 0.081555 
Train Epoch: 34 [800/3631 (22%)]	Gen Loss: 0.077443 
Train Epoch: 34 [900/3631 (25%)]	Gen Loss: 0.069732 
Train Epoch: 34 [1000/3631 (28%)]	Gen Loss: 0.076281 
Train Epoch: 34 [1100/3631 (30%)]	Gen Loss: 0.074311 
Train Epoch: 34 [1200/3631 (33%)]	Gen Loss: 0.073728 
Train Epoch: 34 [1300/3631 (36%)]	Gen Loss: 0.082229 
Train Epoch: 34 [1400/3631 (39%)]	Gen Loss: 0.070973 
Train Epoch: 34 [1500/3631 (41%)]	Gen Loss: 0.084473 
Train Epoch: 34 [1600/3631 (44%)]	Gen Loss: 0.083740 
Train Epoch: 34 [1700/3631 (47%)]	Gen Loss: 0.079883 
Train Epoch: 34 [1800/3631 (50%)]	Gen Loss: 0.069237 
Train Epoch: 34 [1900/3631 (52%)]	Gen Loss: 0.063152 
Train Epoch: 34 [2000/3631 (55%)]	Gen Loss: 0.079291 
Train Epoch: 34 [2100/3631 (58%)]	Gen Loss: 0.068239 
Train Epoch: 34 [2200/3631 (61%)]	Gen Loss: 0.063473 
Train Epoch: 34 [2300/3631 (63%)]	Gen Loss: 0.059633 
Train Epoch: 34 [2400/3631 (66%)]	Gen Loss: 0.070979 
Train Epoch: 34 [2500/3631 (69%)]	Gen Loss: 0.083984 
Train Epoch: 34 [2600/3631 (72%)]	Gen Loss: 0.073993 
Train Epoch: 34 [2700/3631 (74%)]	Gen Loss: 0.068607 
Train Epoch: 34 [2800/3631 (77%)]	Gen Loss: 0.081845 
Train Epoch: 34 [2900/3631 (80%)]	Gen Loss: 0.081892 
Train Epoch: 34 [3000/3631 (83%)]	Gen Loss: 0.080854 
Train Epoch: 34 [3100/3631 (85%)]	Gen Loss: 0.081565 
Train Epoch: 34 [3200/3631 (88%)]	Gen Loss: 0.075466 
Train Epoch: 34 [3300/3631 (91%)]	Gen Loss: 0.076165 
Train Epoch: 34 [3400/3631 (94%)]	Gen Loss: 0.076003 
Train Epoch: 34 [3500/3631 (96%)]	Gen Loss: 0.071222 
Train Epoch: 34 [3600/3631 (99%)]	Gen Loss: 0.075334 
==========Epoch 35==========
Train Epoch: 35 [0/3631 (0%)]	Gen Loss: 0.076829 
Train Epoch: 35 [100/3631 (3%)]	Gen Loss: 0.067782 
Train Epoch: 35 [200/3631 (6%)]	Gen Loss: 0.084093 
Train Epoch: 35 [300/3631 (8%)]	Gen Loss: 0.064820 
Train Epoch: 35 [400/3631 (11%)]	Gen Loss: 0.071999 
Train Epoch: 35 [500/3631 (14%)]	Gen Loss: 0.072731 
Train Epoch: 35 [600/3631 (17%)]	Gen Loss: 0.062111 
Train Epoch: 35 [700/3631 (19%)]	Gen Loss: 0.046333 
Train Epoch: 35 [800/3631 (22%)]	Gen Loss: 0.062126 
Train Epoch: 35 [900/3631 (25%)]	Gen Loss: 0.073754 
Train Epoch: 35 [1000/3631 (28%)]	Gen Loss: 0.074232 
Train Epoch: 35 [1100/3631 (30%)]	Gen Loss: 0.069344 
Train Epoch: 35 [1200/3631 (33%)]	Gen Loss: 0.062470 
Train Epoch: 35 [1300/3631 (36%)]	Gen Loss: 0.066316 
Train Epoch: 35 [1400/3631 (39%)]	Gen Loss: 0.075152 
Train Epoch: 35 [1500/3631 (41%)]	Gen Loss: 0.067461 
Train Epoch: 35 [1600/3631 (44%)]	Gen Loss: 0.068741 
Train Epoch: 35 [1700/3631 (47%)]	Gen Loss: 0.063775 
Train Epoch: 35 [1800/3631 (50%)]	Gen Loss: 0.071711 
Train Epoch: 35 [1900/3631 (52%)]	Gen Loss: 0.083544 
Train Epoch: 35 [2000/3631 (55%)]	Gen Loss: 0.073868 
Train Epoch: 35 [2100/3631 (58%)]	Gen Loss: 0.071253 
Train Epoch: 35 [2200/3631 (61%)]	Gen Loss: 0.069921 
Train Epoch: 35 [2300/3631 (63%)]	Gen Loss: 0.076081 
Train Epoch: 35 [2400/3631 (66%)]	Gen Loss: 0.061505 
Train Epoch: 35 [2500/3631 (69%)]	Gen Loss: 0.080658 
Train Epoch: 35 [2600/3631 (72%)]	Gen Loss: 0.072239 
Train Epoch: 35 [2700/3631 (74%)]	Gen Loss: 0.061366 
Train Epoch: 35 [2800/3631 (77%)]	Gen Loss: 0.082427 
Train Epoch: 35 [2900/3631 (80%)]	Gen Loss: 0.078631 
Train Epoch: 35 [3000/3631 (83%)]	Gen Loss: 0.064440 
Train Epoch: 35 [3100/3631 (85%)]	Gen Loss: 0.070174 
Train Epoch: 35 [3200/3631 (88%)]	Gen Loss: 0.069127 
Train Epoch: 35 [3300/3631 (91%)]	Gen Loss: 0.074198 
Train Epoch: 35 [3400/3631 (94%)]	Gen Loss: 0.073642 
Train Epoch: 35 [3500/3631 (96%)]	Gen Loss: 0.077788 
Train Epoch: 35 [3600/3631 (99%)]	Gen Loss: 0.075109 
==========Epoch 36==========
Train Epoch: 36 [0/3631 (0%)]	Gen Loss: 0.079097 
Train Epoch: 36 [100/3631 (3%)]	Gen Loss: 0.062120 
Train Epoch: 36 [200/3631 (6%)]	Gen Loss: 0.063528 
Train Epoch: 36 [300/3631 (8%)]	Gen Loss: 0.065743 
Train Epoch: 36 [400/3631 (11%)]	Gen Loss: 0.063597 
Train Epoch: 36 [500/3631 (14%)]	Gen Loss: 0.076876 
Train Epoch: 36 [600/3631 (17%)]	Gen Loss: 0.073272 
Train Epoch: 36 [700/3631 (19%)]	Gen Loss: 0.068496 
Train Epoch: 36 [800/3631 (22%)]	Gen Loss: 0.076183 
Train Epoch: 36 [900/3631 (25%)]	Gen Loss: 0.069200 
Train Epoch: 36 [1000/3631 (28%)]	Gen Loss: 0.078749 
Train Epoch: 36 [1100/3631 (30%)]	Gen Loss: 0.085444 
Train Epoch: 36 [1200/3631 (33%)]	Gen Loss: 0.070270 
Train Epoch: 36 [1300/3631 (36%)]	Gen Loss: 0.057702 
Train Epoch: 36 [1400/3631 (39%)]	Gen Loss: 0.069471 
Train Epoch: 36 [1500/3631 (41%)]	Gen Loss: 0.072999 
Train Epoch: 36 [1600/3631 (44%)]	Gen Loss: 0.077007 
Train Epoch: 36 [1700/3631 (47%)]	Gen Loss: 0.060893 
Train Epoch: 36 [1800/3631 (50%)]	Gen Loss: 0.089991 
Train Epoch: 36 [1900/3631 (52%)]	Gen Loss: 0.075326 
Train Epoch: 36 [2000/3631 (55%)]	Gen Loss: 0.067235 
Train Epoch: 36 [2100/3631 (58%)]	Gen Loss: 0.069823 
Train Epoch: 36 [2200/3631 (61%)]	Gen Loss: 0.051798 
Train Epoch: 36 [2300/3631 (63%)]	Gen Loss: 0.060693 
Train Epoch: 36 [2400/3631 (66%)]	Gen Loss: 0.077318 
Train Epoch: 36 [2500/3631 (69%)]	Gen Loss: 0.076497 
Train Epoch: 36 [2600/3631 (72%)]	Gen Loss: 0.074630 
Train Epoch: 36 [2700/3631 (74%)]	Gen Loss: 0.069399 
Train Epoch: 36 [2800/3631 (77%)]	Gen Loss: 0.077297 
Train Epoch: 36 [2900/3631 (80%)]	Gen Loss: 0.070872 
Train Epoch: 36 [3000/3631 (83%)]	Gen Loss: 0.069193 
Train Epoch: 36 [3100/3631 (85%)]	Gen Loss: 0.054707 
Train Epoch: 36 [3200/3631 (88%)]	Gen Loss: 0.075462 
Train Epoch: 36 [3300/3631 (91%)]	Gen Loss: 0.073884 
Train Epoch: 36 [3400/3631 (94%)]	Gen Loss: 0.081095 
Train Epoch: 36 [3500/3631 (96%)]	Gen Loss: 0.069784 
Train Epoch: 36 [3600/3631 (99%)]	Gen Loss: 0.068565 
==========Epoch 37==========
Train Epoch: 37 [0/3631 (0%)]	Gen Loss: 0.071064 
Train Epoch: 37 [100/3631 (3%)]	Gen Loss: 0.076384 
Train Epoch: 37 [200/3631 (6%)]	Gen Loss: 0.067559 
Train Epoch: 37 [300/3631 (8%)]	Gen Loss: 0.074024 
Train Epoch: 37 [400/3631 (11%)]	Gen Loss: 0.071941 
Train Epoch: 37 [500/3631 (14%)]	Gen Loss: 0.065021 
Train Epoch: 37 [600/3631 (17%)]	Gen Loss: 0.080474 
Train Epoch: 37 [700/3631 (19%)]	Gen Loss: 0.077862 
Train Epoch: 37 [800/3631 (22%)]	Gen Loss: 0.077483 
Train Epoch: 37 [900/3631 (25%)]	Gen Loss: 0.084609 
Train Epoch: 37 [1000/3631 (28%)]	Gen Loss: 0.062358 
Train Epoch: 37 [1100/3631 (30%)]	Gen Loss: 0.075824 
Train Epoch: 37 [1200/3631 (33%)]	Gen Loss: 0.070242 
Train Epoch: 37 [1300/3631 (36%)]	Gen Loss: 0.084943 
Train Epoch: 37 [1400/3631 (39%)]	Gen Loss: 0.066551 
Train Epoch: 37 [1500/3631 (41%)]	Gen Loss: 0.062490 
Train Epoch: 37 [1600/3631 (44%)]	Gen Loss: 0.079007 
Train Epoch: 37 [1700/3631 (47%)]	Gen Loss: 0.071163 
Train Epoch: 37 [1800/3631 (50%)]	Gen Loss: 0.068208 
Train Epoch: 37 [1900/3631 (52%)]	Gen Loss: 0.077523 
Train Epoch: 37 [2000/3631 (55%)]	Gen Loss: 0.078210 
Train Epoch: 37 [2100/3631 (58%)]	Gen Loss: 0.072592 
Train Epoch: 37 [2200/3631 (61%)]	Gen Loss: 0.065046 
Train Epoch: 37 [2300/3631 (63%)]	Gen Loss: 0.062540 
Train Epoch: 37 [2400/3631 (66%)]	Gen Loss: 0.068426 
Train Epoch: 37 [2500/3631 (69%)]	Gen Loss: 0.060148 
Train Epoch: 37 [2600/3631 (72%)]	Gen Loss: 0.072489 
Train Epoch: 37 [2700/3631 (74%)]	Gen Loss: 0.071499 
Train Epoch: 37 [2800/3631 (77%)]	Gen Loss: 0.079429 
Train Epoch: 37 [2900/3631 (80%)]	Gen Loss: 0.053131 
Train Epoch: 37 [3000/3631 (83%)]	Gen Loss: 0.072476 
Train Epoch: 37 [3100/3631 (85%)]	Gen Loss: 0.069431 
Train Epoch: 37 [3200/3631 (88%)]	Gen Loss: 0.068354 
Train Epoch: 37 [3300/3631 (91%)]	Gen Loss: 0.065636 
Train Epoch: 37 [3400/3631 (94%)]	Gen Loss: 0.071134 
Train Epoch: 37 [3500/3631 (96%)]	Gen Loss: 0.076271 
Train Epoch: 37 [3600/3631 (99%)]	Gen Loss: 0.067439 
==========Epoch 38==========
Train Epoch: 38 [0/3631 (0%)]	Gen Loss: 0.070095 
Train Epoch: 38 [100/3631 (3%)]	Gen Loss: 0.080302 
Train Epoch: 38 [200/3631 (6%)]	Gen Loss: 0.084444 
Train Epoch: 38 [300/3631 (8%)]	Gen Loss: 0.064816 
Train Epoch: 38 [400/3631 (11%)]	Gen Loss: 0.066744 
Train Epoch: 38 [500/3631 (14%)]	Gen Loss: 0.075097 
Train Epoch: 38 [600/3631 (17%)]	Gen Loss: 0.074587 
Train Epoch: 38 [700/3631 (19%)]	Gen Loss: 0.068106 
Train Epoch: 38 [800/3631 (22%)]	Gen Loss: 0.069202 
Train Epoch: 38 [900/3631 (25%)]	Gen Loss: 0.082595 
Train Epoch: 38 [1000/3631 (28%)]	Gen Loss: 0.082499 
Train Epoch: 38 [1100/3631 (30%)]	Gen Loss: 0.075207 
Train Epoch: 38 [1200/3631 (33%)]	Gen Loss: 0.067562 
Train Epoch: 38 [1300/3631 (36%)]	Gen Loss: 0.086673 
Train Epoch: 38 [1400/3631 (39%)]	Gen Loss: 0.064974 
Train Epoch: 38 [1500/3631 (41%)]	Gen Loss: 0.075877 
Train Epoch: 38 [1600/3631 (44%)]	Gen Loss: 0.076871 
Train Epoch: 38 [1700/3631 (47%)]	Gen Loss: 0.067560 
Train Epoch: 38 [1800/3631 (50%)]	Gen Loss: 0.069575 
Train Epoch: 38 [1900/3631 (52%)]	Gen Loss: 0.078035 
Train Epoch: 38 [2000/3631 (55%)]	Gen Loss: 0.069162 
Train Epoch: 38 [2100/3631 (58%)]	Gen Loss: 0.064842 
Train Epoch: 38 [2200/3631 (61%)]	Gen Loss: 0.061735 
Train Epoch: 38 [2300/3631 (63%)]	Gen Loss: 0.060547 
Train Epoch: 38 [2400/3631 (66%)]	Gen Loss: 0.075687 
Train Epoch: 38 [2500/3631 (69%)]	Gen Loss: 0.070159 
Train Epoch: 38 [2600/3631 (72%)]	Gen Loss: 0.076395 
Train Epoch: 38 [2700/3631 (74%)]	Gen Loss: 0.074001 
Train Epoch: 38 [2800/3631 (77%)]	Gen Loss: 0.059262 
Train Epoch: 38 [2900/3631 (80%)]	Gen Loss: 0.079954 
Train Epoch: 38 [3000/3631 (83%)]	Gen Loss: 0.065724 
Train Epoch: 38 [3100/3631 (85%)]	Gen Loss: 0.069355 
Train Epoch: 38 [3200/3631 (88%)]	Gen Loss: 0.072056 
Train Epoch: 38 [3300/3631 (91%)]	Gen Loss: 0.073095 
Train Epoch: 38 [3400/3631 (94%)]	Gen Loss: 0.066222 
Train Epoch: 38 [3500/3631 (96%)]	Gen Loss: 0.068600 
Train Epoch: 38 [3600/3631 (99%)]	Gen Loss: 0.065154 
==========Epoch 39==========
Train Epoch: 39 [0/3631 (0%)]	Gen Loss: 0.063917 
Train Epoch: 39 [100/3631 (3%)]	Gen Loss: 0.072420 
Train Epoch: 39 [200/3631 (6%)]	Gen Loss: 0.058506 
Train Epoch: 39 [300/3631 (8%)]	Gen Loss: 0.069633 
Train Epoch: 39 [400/3631 (11%)]	Gen Loss: 0.061402 
Train Epoch: 39 [500/3631 (14%)]	Gen Loss: 0.068144 
Train Epoch: 39 [600/3631 (17%)]	Gen Loss: 0.070439 
Train Epoch: 39 [700/3631 (19%)]	Gen Loss: 0.070199 
Train Epoch: 39 [800/3631 (22%)]	Gen Loss: 0.068186 
Train Epoch: 39 [900/3631 (25%)]	Gen Loss: 0.076752 
Train Epoch: 39 [1000/3631 (28%)]	Gen Loss: 0.060981 
Train Epoch: 39 [1100/3631 (30%)]	Gen Loss: 0.067016 
Train Epoch: 39 [1200/3631 (33%)]	Gen Loss: 0.063412 
Train Epoch: 39 [1300/3631 (36%)]	Gen Loss: 0.079387 
Train Epoch: 39 [1400/3631 (39%)]	Gen Loss: 0.084199 
Train Epoch: 39 [1500/3631 (41%)]	Gen Loss: 0.071861 
Train Epoch: 39 [1600/3631 (44%)]	Gen Loss: 0.067208 
Train Epoch: 39 [1700/3631 (47%)]	Gen Loss: 0.067953 
Train Epoch: 39 [1800/3631 (50%)]	Gen Loss: 0.070487 
Train Epoch: 39 [1900/3631 (52%)]	Gen Loss: 0.082634 
Train Epoch: 39 [2000/3631 (55%)]	Gen Loss: 0.060030 
Train Epoch: 39 [2100/3631 (58%)]	Gen Loss: 0.069328 
Train Epoch: 39 [2200/3631 (61%)]	Gen Loss: 0.072493 
Train Epoch: 39 [2300/3631 (63%)]	Gen Loss: 0.066387 
Train Epoch: 39 [2400/3631 (66%)]	Gen Loss: 0.069129 
Train Epoch: 39 [2500/3631 (69%)]	Gen Loss: 0.071936 
Train Epoch: 39 [2600/3631 (72%)]	Gen Loss: 0.073453 
Train Epoch: 39 [2700/3631 (74%)]	Gen Loss: 0.067242 
Train Epoch: 39 [2800/3631 (77%)]	Gen Loss: 0.052997 
Train Epoch: 39 [2900/3631 (80%)]	Gen Loss: 0.075735 
Train Epoch: 39 [3000/3631 (83%)]	Gen Loss: 0.077841 
Train Epoch: 39 [3100/3631 (85%)]	Gen Loss: 0.075491 
Train Epoch: 39 [3200/3631 (88%)]	Gen Loss: 0.064511 
Train Epoch: 39 [3300/3631 (91%)]	Gen Loss: 0.064088 
Train Epoch: 39 [3400/3631 (94%)]	Gen Loss: 0.069067 
Train Epoch: 39 [3500/3631 (96%)]	Gen Loss: 0.075468 
Train Epoch: 39 [3600/3631 (99%)]	Gen Loss: 0.076450 
==========Epoch 40==========
Train Epoch: 40 [0/3631 (0%)]	Gen Loss: 0.068689 
Train Epoch: 40 [100/3631 (3%)]	Gen Loss: 0.076269 
Train Epoch: 40 [200/3631 (6%)]	Gen Loss: 0.065479 
Train Epoch: 40 [300/3631 (8%)]	Gen Loss: 0.067457 
Train Epoch: 40 [400/3631 (11%)]	Gen Loss: 0.077988 
Train Epoch: 40 [500/3631 (14%)]	Gen Loss: 0.079052 
Train Epoch: 40 [600/3631 (17%)]	Gen Loss: 0.074038 
Train Epoch: 40 [700/3631 (19%)]	Gen Loss: 0.067034 
Train Epoch: 40 [800/3631 (22%)]	Gen Loss: 0.078035 
Train Epoch: 40 [900/3631 (25%)]	Gen Loss: 0.065201 
Train Epoch: 40 [1000/3631 (28%)]	Gen Loss: 0.064149 
Train Epoch: 40 [1100/3631 (30%)]	Gen Loss: 0.064290 
Train Epoch: 40 [1200/3631 (33%)]	Gen Loss: 0.077054 
Train Epoch: 40 [1300/3631 (36%)]	Gen Loss: 0.071260 
Train Epoch: 40 [1400/3631 (39%)]	Gen Loss: 0.069899 
Train Epoch: 40 [1500/3631 (41%)]	Gen Loss: 0.069057 
Train Epoch: 40 [1600/3631 (44%)]	Gen Loss: 0.072173 
Train Epoch: 40 [1700/3631 (47%)]	Gen Loss: 0.087743 
Train Epoch: 40 [1800/3631 (50%)]	Gen Loss: 0.065997 
Train Epoch: 40 [1900/3631 (52%)]	Gen Loss: 0.079275 
Train Epoch: 40 [2000/3631 (55%)]	Gen Loss: 0.081367 
Train Epoch: 40 [2100/3631 (58%)]	Gen Loss: 0.078742 
Train Epoch: 40 [2200/3631 (61%)]	Gen Loss: 0.072021 
Train Epoch: 40 [2300/3631 (63%)]	Gen Loss: 0.079917 
Train Epoch: 40 [2400/3631 (66%)]	Gen Loss: 0.072422 
Train Epoch: 40 [2500/3631 (69%)]	Gen Loss: 0.063624 
Train Epoch: 40 [2600/3631 (72%)]	Gen Loss: 0.071172 
Train Epoch: 40 [2700/3631 (74%)]	Gen Loss: 0.067686 
Train Epoch: 40 [2800/3631 (77%)]	Gen Loss: 0.086973 
Train Epoch: 40 [2900/3631 (80%)]	Gen Loss: 0.065359 
Train Epoch: 40 [3000/3631 (83%)]	Gen Loss: 0.068295 
Train Epoch: 40 [3100/3631 (85%)]	Gen Loss: 0.054639 
Train Epoch: 40 [3200/3631 (88%)]	Gen Loss: 0.057814 
Train Epoch: 40 [3300/3631 (91%)]	Gen Loss: 0.068141 
Train Epoch: 40 [3400/3631 (94%)]	Gen Loss: 0.084119 
Train Epoch: 40 [3500/3631 (96%)]	Gen Loss: 0.076271 
Train Epoch: 40 [3600/3631 (99%)]	Gen Loss: 0.071741 
==========Epoch 41==========
Train Epoch: 41 [0/3631 (0%)]	Gen Loss: 0.085457 
Train Epoch: 41 [100/3631 (3%)]	Gen Loss: 0.063705 
Train Epoch: 41 [200/3631 (6%)]	Gen Loss: 0.070605 
Train Epoch: 41 [300/3631 (8%)]	Gen Loss: 0.072921 
Train Epoch: 41 [400/3631 (11%)]	Gen Loss: 0.064918 
Train Epoch: 41 [500/3631 (14%)]	Gen Loss: 0.062757 
Train Epoch: 41 [600/3631 (17%)]	Gen Loss: 0.069821 
Train Epoch: 41 [700/3631 (19%)]	Gen Loss: 0.061048 
Train Epoch: 41 [800/3631 (22%)]	Gen Loss: 0.073810 
Train Epoch: 41 [900/3631 (25%)]	Gen Loss: 0.066441 
Train Epoch: 41 [1000/3631 (28%)]	Gen Loss: 0.075572 
Train Epoch: 41 [1100/3631 (30%)]	Gen Loss: 0.078737 
Train Epoch: 41 [1200/3631 (33%)]	Gen Loss: 0.067906 
Train Epoch: 41 [1300/3631 (36%)]	Gen Loss: 0.081916 
Train Epoch: 41 [1400/3631 (39%)]	Gen Loss: 0.071398 
Train Epoch: 41 [1500/3631 (41%)]	Gen Loss: 0.074489 
Train Epoch: 41 [1600/3631 (44%)]	Gen Loss: 0.075074 
Train Epoch: 41 [1700/3631 (47%)]	Gen Loss: 0.068839 
Train Epoch: 41 [1800/3631 (50%)]	Gen Loss: 0.064729 
Train Epoch: 41 [1900/3631 (52%)]	Gen Loss: 0.081102 
Train Epoch: 41 [2000/3631 (55%)]	Gen Loss: 0.073221 
Train Epoch: 41 [2100/3631 (58%)]	Gen Loss: 0.078091 
Train Epoch: 41 [2200/3631 (61%)]	Gen Loss: 0.077305 
Train Epoch: 41 [2300/3631 (63%)]	Gen Loss: 0.057290 
Train Epoch: 41 [2400/3631 (66%)]	Gen Loss: 0.074124 
Train Epoch: 41 [2500/3631 (69%)]	Gen Loss: 0.079938 
Train Epoch: 41 [2600/3631 (72%)]	Gen Loss: 0.072741 
Train Epoch: 41 [2700/3631 (74%)]	Gen Loss: 0.064391 
Train Epoch: 41 [2800/3631 (77%)]	Gen Loss: 0.062161 
Train Epoch: 41 [2900/3631 (80%)]	Gen Loss: 0.062201 
Train Epoch: 41 [3000/3631 (83%)]	Gen Loss: 0.077072 
Train Epoch: 41 [3100/3631 (85%)]	Gen Loss: 0.078083 
Train Epoch: 41 [3200/3631 (88%)]	Gen Loss: 0.066989 
Train Epoch: 41 [3300/3631 (91%)]	Gen Loss: 0.075862 
Train Epoch: 41 [3400/3631 (94%)]	Gen Loss: 0.078947 
Train Epoch: 41 [3500/3631 (96%)]	Gen Loss: 0.083051 
Train Epoch: 41 [3600/3631 (99%)]	Gen Loss: 0.068478 
==========Epoch 42==========
Train Epoch: 42 [0/3631 (0%)]	Gen Loss: 0.056679 
Train Epoch: 42 [100/3631 (3%)]	Gen Loss: 0.070746 
Train Epoch: 42 [200/3631 (6%)]	Gen Loss: 0.058027 
Train Epoch: 42 [300/3631 (8%)]	Gen Loss: 0.067585 
Train Epoch: 42 [400/3631 (11%)]	Gen Loss: 0.075134 
Train Epoch: 42 [500/3631 (14%)]	Gen Loss: 0.072070 
Train Epoch: 42 [600/3631 (17%)]	Gen Loss: 0.063135 
Train Epoch: 42 [700/3631 (19%)]	Gen Loss: 0.077765 
Train Epoch: 42 [800/3631 (22%)]	Gen Loss: 0.062640 
Train Epoch: 42 [900/3631 (25%)]	Gen Loss: 0.072831 
Train Epoch: 42 [1000/3631 (28%)]	Gen Loss: 0.071333 
Train Epoch: 42 [1100/3631 (30%)]	Gen Loss: 0.070527 
Train Epoch: 42 [1200/3631 (33%)]	Gen Loss: 0.077390 
Train Epoch: 42 [1300/3631 (36%)]	Gen Loss: 0.078345 
Train Epoch: 42 [1400/3631 (39%)]	Gen Loss: 0.059369 
Train Epoch: 42 [1500/3631 (41%)]	Gen Loss: 0.067610 
Train Epoch: 42 [1600/3631 (44%)]	Gen Loss: 0.066582 
Train Epoch: 42 [1700/3631 (47%)]	Gen Loss: 0.070630 
Train Epoch: 42 [1800/3631 (50%)]	Gen Loss: 0.064258 
Train Epoch: 42 [1900/3631 (52%)]	Gen Loss: 0.072120 
Train Epoch: 42 [2000/3631 (55%)]	Gen Loss: 0.078186 
Train Epoch: 42 [2100/3631 (58%)]	Gen Loss: 0.067720 
Train Epoch: 42 [2200/3631 (61%)]	Gen Loss: 0.067677 
Train Epoch: 42 [2300/3631 (63%)]	Gen Loss: 0.066903 
Train Epoch: 42 [2400/3631 (66%)]	Gen Loss: 0.067473 
Train Epoch: 42 [2500/3631 (69%)]	Gen Loss: 0.074789 
Train Epoch: 42 [2600/3631 (72%)]	Gen Loss: 0.071610 
Train Epoch: 42 [2700/3631 (74%)]	Gen Loss: 0.069631 
Train Epoch: 42 [2800/3631 (77%)]	Gen Loss: 0.070572 
Train Epoch: 42 [2900/3631 (80%)]	Gen Loss: 0.058651 
Train Epoch: 42 [3000/3631 (83%)]	Gen Loss: 0.068060 
Train Epoch: 42 [3100/3631 (85%)]	Gen Loss: 0.071570 
Train Epoch: 42 [3200/3631 (88%)]	Gen Loss: 0.073629 
Train Epoch: 42 [3300/3631 (91%)]	Gen Loss: 0.076609 
Train Epoch: 42 [3400/3631 (94%)]	Gen Loss: 0.068531 
Train Epoch: 42 [3500/3631 (96%)]	Gen Loss: 0.067899 
Train Epoch: 42 [3600/3631 (99%)]	Gen Loss: 0.074276 
==========Epoch 43==========
Train Epoch: 43 [0/3631 (0%)]	Gen Loss: 0.059162 
Train Epoch: 43 [100/3631 (3%)]	Gen Loss: 0.061334 
Train Epoch: 43 [200/3631 (6%)]	Gen Loss: 0.075037 
Train Epoch: 43 [300/3631 (8%)]	Gen Loss: 0.065509 
Train Epoch: 43 [400/3631 (11%)]	Gen Loss: 0.064062 
Train Epoch: 43 [500/3631 (14%)]	Gen Loss: 0.061654 
Train Epoch: 43 [600/3631 (17%)]	Gen Loss: 0.076976 
Train Epoch: 43 [700/3631 (19%)]	Gen Loss: 0.069826 
Train Epoch: 43 [800/3631 (22%)]	Gen Loss: 0.075278 
Train Epoch: 43 [900/3631 (25%)]	Gen Loss: 0.066143 
Train Epoch: 43 [1000/3631 (28%)]	Gen Loss: 0.067843 
Train Epoch: 43 [1100/3631 (30%)]	Gen Loss: 0.074749 
Train Epoch: 43 [1200/3631 (33%)]	Gen Loss: 0.070989 
Train Epoch: 43 [1300/3631 (36%)]	Gen Loss: 0.065351 
Train Epoch: 43 [1400/3631 (39%)]	Gen Loss: 0.053104 
Train Epoch: 43 [1500/3631 (41%)]	Gen Loss: 0.066188 
Train Epoch: 43 [1600/3631 (44%)]	Gen Loss: 0.066541 
Train Epoch: 43 [1700/3631 (47%)]	Gen Loss: 0.068614 
Train Epoch: 43 [1800/3631 (50%)]	Gen Loss: 0.080059 
Train Epoch: 43 [1900/3631 (52%)]	Gen Loss: 0.067753 
Train Epoch: 43 [2000/3631 (55%)]	Gen Loss: 0.061608 
Train Epoch: 43 [2100/3631 (58%)]	Gen Loss: 0.068689 
Train Epoch: 43 [2200/3631 (61%)]	Gen Loss: 0.068916 
Train Epoch: 43 [2300/3631 (63%)]	Gen Loss: 0.088630 
Train Epoch: 43 [2400/3631 (66%)]	Gen Loss: 0.074735 
Train Epoch: 43 [2500/3631 (69%)]	Gen Loss: 0.072760 
Train Epoch: 43 [2600/3631 (72%)]	Gen Loss: 0.066986 
Train Epoch: 43 [2700/3631 (74%)]	Gen Loss: 0.058709 
Train Epoch: 43 [2800/3631 (77%)]	Gen Loss: 0.078511 
Train Epoch: 43 [2900/3631 (80%)]	Gen Loss: 0.066587 
Train Epoch: 43 [3000/3631 (83%)]	Gen Loss: 0.072021 
Train Epoch: 43 [3100/3631 (85%)]	Gen Loss: 0.080879 
Train Epoch: 43 [3200/3631 (88%)]	Gen Loss: 0.083876 
Train Epoch: 43 [3300/3631 (91%)]	Gen Loss: 0.067272 
Train Epoch: 43 [3400/3631 (94%)]	Gen Loss: 0.063628 
Train Epoch: 43 [3500/3631 (96%)]	Gen Loss: 0.060978 
Train Epoch: 43 [3600/3631 (99%)]	Gen Loss: 0.082444 
==========Epoch 44==========
Train Epoch: 44 [0/3631 (0%)]	Gen Loss: 0.072173 
Train Epoch: 44 [100/3631 (3%)]	Gen Loss: 0.080021 
Train Epoch: 44 [200/3631 (6%)]	Gen Loss: 0.067315 
Train Epoch: 44 [300/3631 (8%)]	Gen Loss: 0.074833 
Train Epoch: 44 [400/3631 (11%)]	Gen Loss: 0.055331 
Train Epoch: 44 [500/3631 (14%)]	Gen Loss: 0.070949 
Train Epoch: 44 [600/3631 (17%)]	Gen Loss: 0.066691 
Train Epoch: 44 [700/3631 (19%)]	Gen Loss: 0.065508 
Train Epoch: 44 [800/3631 (22%)]	Gen Loss: 0.070057 
Train Epoch: 44 [900/3631 (25%)]	Gen Loss: 0.062672 
Train Epoch: 44 [1000/3631 (28%)]	Gen Loss: 0.068579 
Train Epoch: 44 [1100/3631 (30%)]	Gen Loss: 0.082226 
Train Epoch: 44 [1200/3631 (33%)]	Gen Loss: 0.069954 
Train Epoch: 44 [1300/3631 (36%)]	Gen Loss: 0.081948 
Train Epoch: 44 [1400/3631 (39%)]	Gen Loss: 0.074099 
Train Epoch: 44 [1500/3631 (41%)]	Gen Loss: 0.073664 
Train Epoch: 44 [1600/3631 (44%)]	Gen Loss: 0.063978 
Train Epoch: 44 [1700/3631 (47%)]	Gen Loss: 0.067031 
Train Epoch: 44 [1800/3631 (50%)]	Gen Loss: 0.076333 
Train Epoch: 44 [1900/3631 (52%)]	Gen Loss: 0.071532 
Train Epoch: 44 [2000/3631 (55%)]	Gen Loss: 0.062932 
Train Epoch: 44 [2100/3631 (58%)]	Gen Loss: 0.063902 
Train Epoch: 44 [2200/3631 (61%)]	Gen Loss: 0.078083 
Train Epoch: 44 [2300/3631 (63%)]	Gen Loss: 0.069567 
Train Epoch: 44 [2400/3631 (66%)]	Gen Loss: 0.068298 
Train Epoch: 44 [2500/3631 (69%)]	Gen Loss: 0.064796 
Train Epoch: 44 [2600/3631 (72%)]	Gen Loss: 0.073795 
Train Epoch: 44 [2700/3631 (74%)]	Gen Loss: 0.067340 
Train Epoch: 44 [2800/3631 (77%)]	Gen Loss: 0.066338 
Train Epoch: 44 [2900/3631 (80%)]	Gen Loss: 0.063930 
Train Epoch: 44 [3000/3631 (83%)]	Gen Loss: 0.080653 
Train Epoch: 44 [3100/3631 (85%)]	Gen Loss: 0.056230 
Train Epoch: 44 [3200/3631 (88%)]	Gen Loss: 0.070153 
Train Epoch: 44 [3300/3631 (91%)]	Gen Loss: 0.069853 
Train Epoch: 44 [3400/3631 (94%)]	Gen Loss: 0.073190 
Train Epoch: 44 [3500/3631 (96%)]	Gen Loss: 0.071698 
Train Epoch: 44 [3600/3631 (99%)]	Gen Loss: 0.056548 
==========Epoch 45==========
Train Epoch: 45 [0/3631 (0%)]	Gen Loss: 0.081101 
Train Epoch: 45 [100/3631 (3%)]	Gen Loss: 0.063608 
Train Epoch: 45 [200/3631 (6%)]	Gen Loss: 0.063005 
Train Epoch: 45 [300/3631 (8%)]	Gen Loss: 0.074329 
Train Epoch: 45 [400/3631 (11%)]	Gen Loss: 0.067450 
Train Epoch: 45 [500/3631 (14%)]	Gen Loss: 0.072028 
Train Epoch: 45 [600/3631 (17%)]	Gen Loss: 0.065229 
Train Epoch: 45 [700/3631 (19%)]	Gen Loss: 0.056644 
Train Epoch: 45 [800/3631 (22%)]	Gen Loss: 0.057800 
Train Epoch: 45 [900/3631 (25%)]	Gen Loss: 0.054745 
Train Epoch: 45 [1000/3631 (28%)]	Gen Loss: 0.070618 
Train Epoch: 45 [1100/3631 (30%)]	Gen Loss: 0.064888 
Train Epoch: 45 [1200/3631 (33%)]	Gen Loss: 0.066422 
Train Epoch: 45 [1300/3631 (36%)]	Gen Loss: 0.085232 
Train Epoch: 45 [1400/3631 (39%)]	Gen Loss: 0.063561 
Train Epoch: 45 [1500/3631 (41%)]	Gen Loss: 0.082676 
Train Epoch: 45 [1600/3631 (44%)]	Gen Loss: 0.078622 
Train Epoch: 45 [1700/3631 (47%)]	Gen Loss: 0.064634 
Train Epoch: 45 [1800/3631 (50%)]	Gen Loss: 0.087530 
Train Epoch: 45 [1900/3631 (52%)]	Gen Loss: 0.071127 
Train Epoch: 45 [2000/3631 (55%)]	Gen Loss: 0.069976 
Train Epoch: 45 [2100/3631 (58%)]	Gen Loss: 0.064741 
Train Epoch: 45 [2200/3631 (61%)]	Gen Loss: 0.070290 
Train Epoch: 45 [2300/3631 (63%)]	Gen Loss: 0.064678 
Train Epoch: 45 [2400/3631 (66%)]	Gen Loss: 0.066839 
Train Epoch: 45 [2500/3631 (69%)]	Gen Loss: 0.070519 
Train Epoch: 45 [2600/3631 (72%)]	Gen Loss: 0.069326 
Train Epoch: 45 [2700/3631 (74%)]	Gen Loss: 0.070341 
Train Epoch: 45 [2800/3631 (77%)]	Gen Loss: 0.057951 
Train Epoch: 45 [2900/3631 (80%)]	Gen Loss: 0.082590 
Train Epoch: 45 [3000/3631 (83%)]	Gen Loss: 0.061855 
Train Epoch: 45 [3100/3631 (85%)]	Gen Loss: 0.071847 
Train Epoch: 45 [3200/3631 (88%)]	Gen Loss: 0.056354 
Train Epoch: 45 [3300/3631 (91%)]	Gen Loss: 0.061514 
Train Epoch: 45 [3400/3631 (94%)]	Gen Loss: 0.077427 
Train Epoch: 45 [3500/3631 (96%)]	Gen Loss: 0.074198 
Train Epoch: 45 [3600/3631 (99%)]	Gen Loss: 0.091189 
==========Epoch 46==========
Train Epoch: 46 [0/3631 (0%)]	Gen Loss: 0.080751 
Train Epoch: 46 [100/3631 (3%)]	Gen Loss: 0.071554 
Train Epoch: 46 [200/3631 (6%)]	Gen Loss: 0.056728 
Train Epoch: 46 [300/3631 (8%)]	Gen Loss: 0.070119 
Train Epoch: 46 [400/3631 (11%)]	Gen Loss: 0.069244 
Train Epoch: 46 [500/3631 (14%)]	Gen Loss: 0.081387 
Train Epoch: 46 [600/3631 (17%)]	Gen Loss: 0.061419 
Train Epoch: 46 [700/3631 (19%)]	Gen Loss: 0.078091 
Train Epoch: 46 [800/3631 (22%)]	Gen Loss: 0.076248 
Train Epoch: 46 [900/3631 (25%)]	Gen Loss: 0.071071 
Train Epoch: 46 [1000/3631 (28%)]	Gen Loss: 0.061306 
Train Epoch: 46 [1100/3631 (30%)]	Gen Loss: 0.066966 
Train Epoch: 46 [1200/3631 (33%)]	Gen Loss: 0.076182 
Train Epoch: 46 [1300/3631 (36%)]	Gen Loss: 0.075445 
Train Epoch: 46 [1400/3631 (39%)]	Gen Loss: 0.067493 
Train Epoch: 46 [1500/3631 (41%)]	Gen Loss: 0.067117 
Train Epoch: 46 [1600/3631 (44%)]	Gen Loss: 0.075900 
Train Epoch: 46 [1700/3631 (47%)]	Gen Loss: 0.074327 
Train Epoch: 46 [1800/3631 (50%)]	Gen Loss: 0.064422 
Train Epoch: 46 [1900/3631 (52%)]	Gen Loss: 0.075302 
Train Epoch: 46 [2000/3631 (55%)]	Gen Loss: 0.066736 
Train Epoch: 46 [2100/3631 (58%)]	Gen Loss: 0.080803 
Train Epoch: 46 [2200/3631 (61%)]	Gen Loss: 0.061740 
Train Epoch: 46 [2300/3631 (63%)]	Gen Loss: 0.069211 
Train Epoch: 46 [2400/3631 (66%)]	Gen Loss: 0.067660 
Train Epoch: 46 [2500/3631 (69%)]	Gen Loss: 0.068811 
Train Epoch: 46 [2600/3631 (72%)]	Gen Loss: 0.072996 
Train Epoch: 46 [2700/3631 (74%)]	Gen Loss: 0.064136 
Train Epoch: 46 [2800/3631 (77%)]	Gen Loss: 0.068624 
Train Epoch: 46 [2900/3631 (80%)]	Gen Loss: 0.072383 
Train Epoch: 46 [3000/3631 (83%)]	Gen Loss: 0.068236 
Train Epoch: 46 [3100/3631 (85%)]	Gen Loss: 0.054863 
Train Epoch: 46 [3200/3631 (88%)]	Gen Loss: 0.067823 
Train Epoch: 46 [3300/3631 (91%)]	Gen Loss: 0.069338 
Train Epoch: 46 [3400/3631 (94%)]	Gen Loss: 0.071651 
Train Epoch: 46 [3500/3631 (96%)]	Gen Loss: 0.060350 
Train Epoch: 46 [3600/3631 (99%)]	Gen Loss: 0.086531 
==========Epoch 47==========
Train Epoch: 47 [0/3631 (0%)]	Gen Loss: 0.078031 
Train Epoch: 47 [100/3631 (3%)]	Gen Loss: 0.073670 
Train Epoch: 47 [200/3631 (6%)]	Gen Loss: 0.057815 
Train Epoch: 47 [300/3631 (8%)]	Gen Loss: 0.073965 
Train Epoch: 47 [400/3631 (11%)]	Gen Loss: 0.066093 
Train Epoch: 47 [500/3631 (14%)]	Gen Loss: 0.067818 
Train Epoch: 47 [600/3631 (17%)]	Gen Loss: 0.079587 
Train Epoch: 47 [700/3631 (19%)]	Gen Loss: 0.075288 
Train Epoch: 47 [800/3631 (22%)]	Gen Loss: 0.068790 
Train Epoch: 47 [900/3631 (25%)]	Gen Loss: 0.062938 
Train Epoch: 47 [1000/3631 (28%)]	Gen Loss: 0.060954 
Train Epoch: 47 [1100/3631 (30%)]	Gen Loss: 0.073261 
Train Epoch: 47 [1200/3631 (33%)]	Gen Loss: 0.075501 
Train Epoch: 47 [1300/3631 (36%)]	Gen Loss: 0.072336 
Train Epoch: 47 [1400/3631 (39%)]	Gen Loss: 0.066604 
Train Epoch: 47 [1500/3631 (41%)]	Gen Loss: 0.072527 
Train Epoch: 47 [1600/3631 (44%)]	Gen Loss: 0.075684 
Train Epoch: 47 [1700/3631 (47%)]	Gen Loss: 0.075188 
Train Epoch: 47 [1800/3631 (50%)]	Gen Loss: 0.077805 
Train Epoch: 47 [1900/3631 (52%)]	Gen Loss: 0.071313 
Train Epoch: 47 [2000/3631 (55%)]	Gen Loss: 0.074230 
Train Epoch: 47 [2100/3631 (58%)]	Gen Loss: 0.062848 
Train Epoch: 47 [2200/3631 (61%)]	Gen Loss: 0.069992 
Train Epoch: 47 [2300/3631 (63%)]	Gen Loss: 0.077542 
Train Epoch: 47 [2400/3631 (66%)]	Gen Loss: 0.067488 
Train Epoch: 47 [2500/3631 (69%)]	Gen Loss: 0.059731 
Train Epoch: 47 [2600/3631 (72%)]	Gen Loss: 0.081210 
Train Epoch: 47 [2700/3631 (74%)]	Gen Loss: 0.084871 
Train Epoch: 47 [2800/3631 (77%)]	Gen Loss: 0.065858 
Train Epoch: 47 [2900/3631 (80%)]	Gen Loss: 0.084504 
Train Epoch: 47 [3000/3631 (83%)]	Gen Loss: 0.063721 
Train Epoch: 47 [3100/3631 (85%)]	Gen Loss: 0.069231 
Train Epoch: 47 [3200/3631 (88%)]	Gen Loss: 0.064353 
Train Epoch: 47 [3300/3631 (91%)]	Gen Loss: 0.062039 
Train Epoch: 47 [3400/3631 (94%)]	Gen Loss: 0.068729 
Train Epoch: 47 [3500/3631 (96%)]	Gen Loss: 0.063737 
Train Epoch: 47 [3600/3631 (99%)]	Gen Loss: 0.066275 
==========Epoch 48==========
Train Epoch: 48 [0/3631 (0%)]	Gen Loss: 0.071588 
Train Epoch: 48 [100/3631 (3%)]	Gen Loss: 0.067974 
Train Epoch: 48 [200/3631 (6%)]	Gen Loss: 0.078926 
Train Epoch: 48 [300/3631 (8%)]	Gen Loss: 0.067331 
Train Epoch: 48 [400/3631 (11%)]	Gen Loss: 0.050728 
Train Epoch: 48 [500/3631 (14%)]	Gen Loss: 0.068219 
Train Epoch: 48 [600/3631 (17%)]	Gen Loss: 0.070996 
Train Epoch: 48 [700/3631 (19%)]	Gen Loss: 0.070114 
Train Epoch: 48 [800/3631 (22%)]	Gen Loss: 0.054058 
Train Epoch: 48 [900/3631 (25%)]	Gen Loss: 0.078517 
Train Epoch: 48 [1000/3631 (28%)]	Gen Loss: 0.083939 
Train Epoch: 48 [1100/3631 (30%)]	Gen Loss: 0.073109 
Train Epoch: 48 [1200/3631 (33%)]	Gen Loss: 0.060459 
Train Epoch: 48 [1300/3631 (36%)]	Gen Loss: 0.078439 
Train Epoch: 48 [1400/3631 (39%)]	Gen Loss: 0.067324 
Train Epoch: 48 [1500/3631 (41%)]	Gen Loss: 0.062618 
Train Epoch: 48 [1600/3631 (44%)]	Gen Loss: 0.074223 
Train Epoch: 48 [1700/3631 (47%)]	Gen Loss: 0.054798 
Train Epoch: 48 [1800/3631 (50%)]	Gen Loss: 0.074091 
Train Epoch: 48 [1900/3631 (52%)]	Gen Loss: 0.068600 
Train Epoch: 48 [2000/3631 (55%)]	Gen Loss: 0.060167 
Train Epoch: 48 [2100/3631 (58%)]	Gen Loss: 0.073554 
Train Epoch: 48 [2200/3631 (61%)]	Gen Loss: 0.078359 
Train Epoch: 48 [2300/3631 (63%)]	Gen Loss: 0.072582 
Train Epoch: 48 [2400/3631 (66%)]	Gen Loss: 0.067749 
Train Epoch: 48 [2500/3631 (69%)]	Gen Loss: 0.066680 
Train Epoch: 48 [2600/3631 (72%)]	Gen Loss: 0.073750 
Train Epoch: 48 [2700/3631 (74%)]	Gen Loss: 0.072403 
Train Epoch: 48 [2800/3631 (77%)]	Gen Loss: 0.076197 
Train Epoch: 48 [2900/3631 (80%)]	Gen Loss: 0.084670 
Train Epoch: 48 [3000/3631 (83%)]	Gen Loss: 0.063756 
Train Epoch: 48 [3100/3631 (85%)]	Gen Loss: 0.072028 
Train Epoch: 48 [3200/3631 (88%)]	Gen Loss: 0.064672 
Train Epoch: 48 [3300/3631 (91%)]	Gen Loss: 0.061736 
Train Epoch: 48 [3400/3631 (94%)]	Gen Loss: 0.053294 
Train Epoch: 48 [3500/3631 (96%)]	Gen Loss: 0.085546 
Train Epoch: 48 [3600/3631 (99%)]	Gen Loss: 0.071504 
==========Epoch 49==========
Train Epoch: 49 [0/3631 (0%)]	Gen Loss: 0.077334 
Train Epoch: 49 [100/3631 (3%)]	Gen Loss: 0.072605 
Train Epoch: 49 [200/3631 (6%)]	Gen Loss: 0.074492 
Train Epoch: 49 [300/3631 (8%)]	Gen Loss: 0.060891 
Train Epoch: 49 [400/3631 (11%)]	Gen Loss: 0.059298 
Train Epoch: 49 [500/3631 (14%)]	Gen Loss: 0.059505 
Train Epoch: 49 [600/3631 (17%)]	Gen Loss: 0.058551 
Train Epoch: 49 [700/3631 (19%)]	Gen Loss: 0.075753 
Train Epoch: 49 [800/3631 (22%)]	Gen Loss: 0.073335 
Train Epoch: 49 [900/3631 (25%)]	Gen Loss: 0.072545 
Train Epoch: 49 [1000/3631 (28%)]	Gen Loss: 0.059259 
Train Epoch: 49 [1100/3631 (30%)]	Gen Loss: 0.073576 
Train Epoch: 49 [1200/3631 (33%)]	Gen Loss: 0.073678 
Train Epoch: 49 [1300/3631 (36%)]	Gen Loss: 0.072731 
Train Epoch: 49 [1400/3631 (39%)]	Gen Loss: 0.078621 
Train Epoch: 49 [1500/3631 (41%)]	Gen Loss: 0.058459 
Train Epoch: 49 [1600/3631 (44%)]	Gen Loss: 0.067539 
Train Epoch: 49 [1700/3631 (47%)]	Gen Loss: 0.061543 
Train Epoch: 49 [1800/3631 (50%)]	Gen Loss: 0.067014 
Train Epoch: 49 [1900/3631 (52%)]	Gen Loss: 0.064071 
Train Epoch: 49 [2000/3631 (55%)]	Gen Loss: 0.065826 
Train Epoch: 49 [2100/3631 (58%)]	Gen Loss: 0.069808 
Train Epoch: 49 [2200/3631 (61%)]	Gen Loss: 0.061878 
Train Epoch: 49 [2300/3631 (63%)]	Gen Loss: 0.073101 
Train Epoch: 49 [2400/3631 (66%)]	Gen Loss: 0.065625 
Train Epoch: 49 [2500/3631 (69%)]	Gen Loss: 0.062096 
Train Epoch: 49 [2600/3631 (72%)]	Gen Loss: 0.073090 
Train Epoch: 49 [2700/3631 (74%)]	Gen Loss: 0.071539 
Train Epoch: 49 [2800/3631 (77%)]	Gen Loss: 0.074164 
Train Epoch: 49 [2900/3631 (80%)]	Gen Loss: 0.073222 
Train Epoch: 49 [3000/3631 (83%)]	Gen Loss: 0.076960 
Train Epoch: 49 [3100/3631 (85%)]	Gen Loss: 0.067070 
Train Epoch: 49 [3200/3631 (88%)]	Gen Loss: 0.069415 
Train Epoch: 49 [3300/3631 (91%)]	Gen Loss: 0.066230 
Train Epoch: 49 [3400/3631 (94%)]	Gen Loss: 0.089295 
Train Epoch: 49 [3500/3631 (96%)]	Gen Loss: 0.068799 
Train Epoch: 49 [3600/3631 (99%)]	Gen Loss: 0.059880 
==========Epoch 50==========
Train Epoch: 50 [0/3631 (0%)]	Gen Loss: 0.065025 
Train Epoch: 50 [100/3631 (3%)]	Gen Loss: 0.077627 
Train Epoch: 50 [200/3631 (6%)]	Gen Loss: 0.061306 
Train Epoch: 50 [300/3631 (8%)]	Gen Loss: 0.074843 
Train Epoch: 50 [400/3631 (11%)]	Gen Loss: 0.069541 
Train Epoch: 50 [500/3631 (14%)]	Gen Loss: 0.077049 
Train Epoch: 50 [600/3631 (17%)]	Gen Loss: 0.067699 
Train Epoch: 50 [700/3631 (19%)]	Gen Loss: 0.068880 
Train Epoch: 50 [800/3631 (22%)]	Gen Loss: 0.063464 
Train Epoch: 50 [900/3631 (25%)]	Gen Loss: 0.067847 
Train Epoch: 50 [1000/3631 (28%)]	Gen Loss: 0.062301 
Train Epoch: 50 [1100/3631 (30%)]	Gen Loss: 0.068740 
Train Epoch: 50 [1200/3631 (33%)]	Gen Loss: 0.066327 
Train Epoch: 50 [1300/3631 (36%)]	Gen Loss: 0.078764 
Train Epoch: 50 [1400/3631 (39%)]	Gen Loss: 0.066143 
Train Epoch: 50 [1500/3631 (41%)]	Gen Loss: 0.068775 
Train Epoch: 50 [1600/3631 (44%)]	Gen Loss: 0.060565 
Train Epoch: 50 [1700/3631 (47%)]	Gen Loss: 0.068268 
Train Epoch: 50 [1800/3631 (50%)]	Gen Loss: 0.065100 
Train Epoch: 50 [1900/3631 (52%)]	Gen Loss: 0.068832 
Train Epoch: 50 [2000/3631 (55%)]	Gen Loss: 0.068360 
Train Epoch: 50 [2100/3631 (58%)]	Gen Loss: 0.070263 
Train Epoch: 50 [2200/3631 (61%)]	Gen Loss: 0.068300 
Train Epoch: 50 [2300/3631 (63%)]	Gen Loss: 0.078213 
Train Epoch: 50 [2400/3631 (66%)]	Gen Loss: 0.061548 
Train Epoch: 50 [2500/3631 (69%)]	Gen Loss: 0.068334 
Train Epoch: 50 [2600/3631 (72%)]	Gen Loss: 0.065605 
Train Epoch: 50 [2700/3631 (74%)]	Gen Loss: 0.062240 
Train Epoch: 50 [2800/3631 (77%)]	Gen Loss: 0.085454 
Train Epoch: 50 [2900/3631 (80%)]	Gen Loss: 0.080994 
Train Epoch: 50 [3000/3631 (83%)]	Gen Loss: 0.066452 
Train Epoch: 50 [3100/3631 (85%)]	Gen Loss: 0.064060 
Train Epoch: 50 [3200/3631 (88%)]	Gen Loss: 0.077996 
Train Epoch: 50 [3300/3631 (91%)]	Gen Loss: 0.066039 
Train Epoch: 50 [3400/3631 (94%)]	Gen Loss: 0.060640 
Train Epoch: 50 [3500/3631 (96%)]	Gen Loss: 0.063504 
Train Epoch: 50 [3600/3631 (99%)]	Gen Loss: 0.080875 
==========Epoch 51==========
Train Epoch: 51 [0/3631 (0%)]	Gen Loss: 0.055913 
Train Epoch: 51 [100/3631 (3%)]	Gen Loss: 0.059485 
Train Epoch: 51 [200/3631 (6%)]	Gen Loss: 0.067339 
Train Epoch: 51 [300/3631 (8%)]	Gen Loss: 0.061647 
Train Epoch: 51 [400/3631 (11%)]	Gen Loss: 0.072834 
Train Epoch: 51 [500/3631 (14%)]	Gen Loss: 0.072793 
Train Epoch: 51 [600/3631 (17%)]	Gen Loss: 0.064605 
Train Epoch: 51 [700/3631 (19%)]	Gen Loss: 0.071931 
Train Epoch: 51 [800/3631 (22%)]	Gen Loss: 0.065542 
Train Epoch: 51 [900/3631 (25%)]	Gen Loss: 0.070424 
Train Epoch: 51 [1000/3631 (28%)]	Gen Loss: 0.076335 
Train Epoch: 51 [1100/3631 (30%)]	Gen Loss: 0.082625 
Train Epoch: 51 [1200/3631 (33%)]	Gen Loss: 0.069505 
Train Epoch: 51 [1300/3631 (36%)]	Gen Loss: 0.073174 
Train Epoch: 51 [1400/3631 (39%)]	Gen Loss: 0.070045 
Train Epoch: 51 [1500/3631 (41%)]	Gen Loss: 0.064494 
Train Epoch: 51 [1600/3631 (44%)]	Gen Loss: 0.084177 
Train Epoch: 51 [1700/3631 (47%)]	Gen Loss: 0.073138 
Train Epoch: 51 [1800/3631 (50%)]	Gen Loss: 0.054171 
Train Epoch: 51 [1900/3631 (52%)]	Gen Loss: 0.063791 
Train Epoch: 51 [2000/3631 (55%)]	Gen Loss: 0.074933 
Train Epoch: 51 [2100/3631 (58%)]	Gen Loss: 0.064916 
Train Epoch: 51 [2200/3631 (61%)]	Gen Loss: 0.074875 
Train Epoch: 51 [2300/3631 (63%)]	Gen Loss: 0.076158 
Train Epoch: 51 [2400/3631 (66%)]	Gen Loss: 0.072861 
Train Epoch: 51 [2500/3631 (69%)]	Gen Loss: 0.059588 
Train Epoch: 51 [2600/3631 (72%)]	Gen Loss: 0.071152 
Train Epoch: 51 [2700/3631 (74%)]	Gen Loss: 0.070672 
Train Epoch: 51 [2800/3631 (77%)]	Gen Loss: 0.088724 
Train Epoch: 51 [2900/3631 (80%)]	Gen Loss: 0.090793 
Train Epoch: 51 [3000/3631 (83%)]	Gen Loss: 0.075896 
Train Epoch: 51 [3100/3631 (85%)]	Gen Loss: 0.069190 
Train Epoch: 51 [3200/3631 (88%)]	Gen Loss: 0.064909 
Train Epoch: 51 [3300/3631 (91%)]	Gen Loss: 0.066079 
Train Epoch: 51 [3400/3631 (94%)]	Gen Loss: 0.071723 
Train Epoch: 51 [3500/3631 (96%)]	Gen Loss: 0.064865 
Train Epoch: 51 [3600/3631 (99%)]	Gen Loss: 0.071160 
==========Epoch 52==========
Train Epoch: 52 [0/3631 (0%)]	Gen Loss: 0.075440 
Train Epoch: 52 [100/3631 (3%)]	Gen Loss: 0.061718 
Train Epoch: 52 [200/3631 (6%)]	Gen Loss: 0.065554 
Train Epoch: 52 [300/3631 (8%)]	Gen Loss: 0.072645 
Train Epoch: 52 [400/3631 (11%)]	Gen Loss: 0.072637 
Train Epoch: 52 [500/3631 (14%)]	Gen Loss: 0.074564 
Train Epoch: 52 [600/3631 (17%)]	Gen Loss: 0.083175 
Train Epoch: 52 [700/3631 (19%)]	Gen Loss: 0.072901 
Train Epoch: 52 [800/3631 (22%)]	Gen Loss: 0.067268 
Train Epoch: 52 [900/3631 (25%)]	Gen Loss: 0.064421 
Train Epoch: 52 [1000/3631 (28%)]	Gen Loss: 0.065805 
Train Epoch: 52 [1100/3631 (30%)]	Gen Loss: 0.064287 
Train Epoch: 52 [1200/3631 (33%)]	Gen Loss: 0.075614 
Train Epoch: 52 [1300/3631 (36%)]	Gen Loss: 0.078041 
Train Epoch: 52 [1400/3631 (39%)]	Gen Loss: 0.081660 
Train Epoch: 52 [1500/3631 (41%)]	Gen Loss: 0.078239 
Train Epoch: 52 [1600/3631 (44%)]	Gen Loss: 0.070983 
Train Epoch: 52 [1700/3631 (47%)]	Gen Loss: 0.074737 
Train Epoch: 52 [1800/3631 (50%)]	Gen Loss: 0.073568 
Train Epoch: 52 [1900/3631 (52%)]	Gen Loss: 0.075691 
Train Epoch: 52 [2000/3631 (55%)]	Gen Loss: 0.067623 
Train Epoch: 52 [2100/3631 (58%)]	Gen Loss: 0.075059 
Train Epoch: 52 [2200/3631 (61%)]	Gen Loss: 0.057637 
Train Epoch: 52 [2300/3631 (63%)]	Gen Loss: 0.071793 
Train Epoch: 52 [2400/3631 (66%)]	Gen Loss: 0.065809 
Train Epoch: 52 [2500/3631 (69%)]	Gen Loss: 0.077704 
Train Epoch: 52 [2600/3631 (72%)]	Gen Loss: 0.086117 
Train Epoch: 52 [2700/3631 (74%)]	Gen Loss: 0.071585 
Train Epoch: 52 [2800/3631 (77%)]	Gen Loss: 0.072614 
Train Epoch: 52 [2900/3631 (80%)]	Gen Loss: 0.063465 
Train Epoch: 52 [3000/3631 (83%)]	Gen Loss: 0.068275 
Train Epoch: 52 [3100/3631 (85%)]	Gen Loss: 0.066669 
Train Epoch: 52 [3200/3631 (88%)]	Gen Loss: 0.065057 
Train Epoch: 52 [3300/3631 (91%)]	Gen Loss: 0.078345 
Train Epoch: 52 [3400/3631 (94%)]	Gen Loss: 0.066548 
Train Epoch: 52 [3500/3631 (96%)]	Gen Loss: 0.074592 
Train Epoch: 52 [3600/3631 (99%)]	Gen Loss: 0.079873 
==========Epoch 53==========
Train Epoch: 53 [0/3631 (0%)]	Gen Loss: 0.070328 
Train Epoch: 53 [100/3631 (3%)]	Gen Loss: 0.075504 
Train Epoch: 53 [200/3631 (6%)]	Gen Loss: 0.068151 
Train Epoch: 53 [300/3631 (8%)]	Gen Loss: 0.075397 
Train Epoch: 53 [400/3631 (11%)]	Gen Loss: 0.066121 
Train Epoch: 53 [500/3631 (14%)]	Gen Loss: 0.063151 
Train Epoch: 53 [600/3631 (17%)]	Gen Loss: 0.063920 
Train Epoch: 53 [700/3631 (19%)]	Gen Loss: 0.078465 
Train Epoch: 53 [800/3631 (22%)]	Gen Loss: 0.067483 
Train Epoch: 53 [900/3631 (25%)]	Gen Loss: 0.071048 
Train Epoch: 53 [1000/3631 (28%)]	Gen Loss: 0.055698 
Train Epoch: 53 [1100/3631 (30%)]	Gen Loss: 0.071956 
Train Epoch: 53 [1200/3631 (33%)]	Gen Loss: 0.077263 
Train Epoch: 53 [1300/3631 (36%)]	Gen Loss: 0.076194 
Train Epoch: 53 [1400/3631 (39%)]	Gen Loss: 0.061597 
Train Epoch: 53 [1500/3631 (41%)]	Gen Loss: 0.067362 
Train Epoch: 53 [1600/3631 (44%)]	Gen Loss: 0.065365 
Train Epoch: 53 [1700/3631 (47%)]	Gen Loss: 0.064130 
Train Epoch: 53 [1800/3631 (50%)]	Gen Loss: 0.067412 
Train Epoch: 53 [1900/3631 (52%)]	Gen Loss: 0.063341 
Train Epoch: 53 [2000/3631 (55%)]	Gen Loss: 0.082140 
Train Epoch: 53 [2100/3631 (58%)]	Gen Loss: 0.063772 
Train Epoch: 53 [2200/3631 (61%)]	Gen Loss: 0.063331 
Train Epoch: 53 [2300/3631 (63%)]	Gen Loss: 0.067771 
Train Epoch: 53 [2400/3631 (66%)]	Gen Loss: 0.062853 
Train Epoch: 53 [2500/3631 (69%)]	Gen Loss: 0.057573 
Train Epoch: 53 [2600/3631 (72%)]	Gen Loss: 0.064666 
Train Epoch: 53 [2700/3631 (74%)]	Gen Loss: 0.053789 
Train Epoch: 53 [2800/3631 (77%)]	Gen Loss: 0.070982 
Train Epoch: 53 [2900/3631 (80%)]	Gen Loss: 0.072636 
Train Epoch: 53 [3000/3631 (83%)]	Gen Loss: 0.057355 
Train Epoch: 53 [3100/3631 (85%)]	Gen Loss: 0.070915 
Train Epoch: 53 [3200/3631 (88%)]	Gen Loss: 0.074553 
Train Epoch: 53 [3300/3631 (91%)]	Gen Loss: 0.074833 
Train Epoch: 53 [3400/3631 (94%)]	Gen Loss: 0.066713 
Train Epoch: 53 [3500/3631 (96%)]	Gen Loss: 0.064126 
Train Epoch: 53 [3600/3631 (99%)]	Gen Loss: 0.071505 
==========Epoch 54==========
Train Epoch: 54 [0/3631 (0%)]	Gen Loss: 0.063662 
Train Epoch: 54 [100/3631 (3%)]	Gen Loss: 0.070391 
Train Epoch: 54 [200/3631 (6%)]	Gen Loss: 0.070110 
Train Epoch: 54 [300/3631 (8%)]	Gen Loss: 0.068405 
Train Epoch: 54 [400/3631 (11%)]	Gen Loss: 0.059587 
Train Epoch: 54 [500/3631 (14%)]	Gen Loss: 0.070649 
Train Epoch: 54 [600/3631 (17%)]	Gen Loss: 0.059815 
Train Epoch: 54 [700/3631 (19%)]	Gen Loss: 0.068524 
Train Epoch: 54 [800/3631 (22%)]	Gen Loss: 0.068582 
Train Epoch: 54 [900/3631 (25%)]	Gen Loss: 0.071531 
Train Epoch: 54 [1000/3631 (28%)]	Gen Loss: 0.083588 
Train Epoch: 54 [1100/3631 (30%)]	Gen Loss: 0.070013 
Train Epoch: 54 [1200/3631 (33%)]	Gen Loss: 0.066875 
Train Epoch: 54 [1300/3631 (36%)]	Gen Loss: 0.063763 
Train Epoch: 54 [1400/3631 (39%)]	Gen Loss: 0.063507 
Train Epoch: 54 [1500/3631 (41%)]	Gen Loss: 0.064548 
Train Epoch: 54 [1600/3631 (44%)]	Gen Loss: 0.065495 
Train Epoch: 54 [1700/3631 (47%)]	Gen Loss: 0.065119 
Train Epoch: 54 [1800/3631 (50%)]	Gen Loss: 0.071144 
Train Epoch: 54 [1900/3631 (52%)]	Gen Loss: 0.076877 
Train Epoch: 54 [2000/3631 (55%)]	Gen Loss: 0.062752 
Train Epoch: 54 [2100/3631 (58%)]	Gen Loss: 0.063500 
Train Epoch: 54 [2200/3631 (61%)]	Gen Loss: 0.079438 
Train Epoch: 54 [2300/3631 (63%)]	Gen Loss: 0.072327 
Train Epoch: 54 [2400/3631 (66%)]	Gen Loss: 0.071512 
Train Epoch: 54 [2500/3631 (69%)]	Gen Loss: 0.074165 
Train Epoch: 54 [2600/3631 (72%)]	Gen Loss: 0.071096 
Train Epoch: 54 [2700/3631 (74%)]	Gen Loss: 0.071746 
Train Epoch: 54 [2800/3631 (77%)]	Gen Loss: 0.072700 
Train Epoch: 54 [2900/3631 (80%)]	Gen Loss: 0.060448 
Train Epoch: 54 [3000/3631 (83%)]	Gen Loss: 0.065586 
Train Epoch: 54 [3100/3631 (85%)]	Gen Loss: 0.081504 
Train Epoch: 54 [3200/3631 (88%)]	Gen Loss: 0.073370 
Train Epoch: 54 [3300/3631 (91%)]	Gen Loss: 0.085750 
Train Epoch: 54 [3400/3631 (94%)]	Gen Loss: 0.057268 
Train Epoch: 54 [3500/3631 (96%)]	Gen Loss: 0.073422 
Train Epoch: 54 [3600/3631 (99%)]	Gen Loss: 0.065857 
==========Epoch 55==========
Train Epoch: 55 [0/3631 (0%)]	Gen Loss: 0.066859 
Train Epoch: 55 [100/3631 (3%)]	Gen Loss: 0.067257 
Train Epoch: 55 [200/3631 (6%)]	Gen Loss: 0.064711 
Train Epoch: 55 [300/3631 (8%)]	Gen Loss: 0.068352 
Train Epoch: 55 [400/3631 (11%)]	Gen Loss: 0.065618 
Train Epoch: 55 [500/3631 (14%)]	Gen Loss: 0.063985 
Train Epoch: 55 [600/3631 (17%)]	Gen Loss: 0.062949 
Train Epoch: 55 [700/3631 (19%)]	Gen Loss: 0.070283 
Train Epoch: 55 [800/3631 (22%)]	Gen Loss: 0.080747 
Train Epoch: 55 [900/3631 (25%)]	Gen Loss: 0.060040 
Train Epoch: 55 [1000/3631 (28%)]	Gen Loss: 0.072899 
Train Epoch: 55 [1100/3631 (30%)]	Gen Loss: 0.076537 
Train Epoch: 55 [1200/3631 (33%)]	Gen Loss: 0.072708 
Train Epoch: 55 [1300/3631 (36%)]	Gen Loss: 0.067881 
Train Epoch: 55 [1400/3631 (39%)]	Gen Loss: 0.066397 
Train Epoch: 55 [1500/3631 (41%)]	Gen Loss: 0.095648 
Train Epoch: 55 [1600/3631 (44%)]	Gen Loss: 0.074995 
Train Epoch: 55 [1700/3631 (47%)]	Gen Loss: 0.075939 
Train Epoch: 55 [1800/3631 (50%)]	Gen Loss: 0.079605 
Train Epoch: 55 [1900/3631 (52%)]	Gen Loss: 0.068893 
Train Epoch: 55 [2000/3631 (55%)]	Gen Loss: 0.069029 
Train Epoch: 55 [2100/3631 (58%)]	Gen Loss: 0.076708 
Train Epoch: 55 [2200/3631 (61%)]	Gen Loss: 0.072574 
Train Epoch: 55 [2300/3631 (63%)]	Gen Loss: 0.072047 
Train Epoch: 55 [2400/3631 (66%)]	Gen Loss: 0.059923 
Train Epoch: 55 [2500/3631 (69%)]	Gen Loss: 0.074196 
Train Epoch: 55 [2600/3631 (72%)]	Gen Loss: 0.067546 
Train Epoch: 55 [2700/3631 (74%)]	Gen Loss: 0.066081 
Train Epoch: 55 [2800/3631 (77%)]	Gen Loss: 0.075719 
Train Epoch: 55 [2900/3631 (80%)]	Gen Loss: 0.067140 
Train Epoch: 55 [3000/3631 (83%)]	Gen Loss: 0.069611 
Train Epoch: 55 [3100/3631 (85%)]	Gen Loss: 0.064444 
Train Epoch: 55 [3200/3631 (88%)]	Gen Loss: 0.066446 
Train Epoch: 55 [3300/3631 (91%)]	Gen Loss: 0.069060 
Train Epoch: 55 [3400/3631 (94%)]	Gen Loss: 0.068861 
Train Epoch: 55 [3500/3631 (96%)]	Gen Loss: 0.065159 
Train Epoch: 55 [3600/3631 (99%)]	Gen Loss: 0.071428 
==========Epoch 56==========
Train Epoch: 56 [0/3631 (0%)]	Gen Loss: 0.078089 
Train Epoch: 56 [100/3631 (3%)]	Gen Loss: 0.067239 
Train Epoch: 56 [200/3631 (6%)]	Gen Loss: 0.068885 
Train Epoch: 56 [300/3631 (8%)]	Gen Loss: 0.072441 
Train Epoch: 56 [400/3631 (11%)]	Gen Loss: 0.070826 
Train Epoch: 56 [500/3631 (14%)]	Gen Loss: 0.065995 
Train Epoch: 56 [600/3631 (17%)]	Gen Loss: 0.072444 
Train Epoch: 56 [700/3631 (19%)]	Gen Loss: 0.057922 
Train Epoch: 56 [800/3631 (22%)]	Gen Loss: 0.074134 
Train Epoch: 56 [900/3631 (25%)]	Gen Loss: 0.076482 
Train Epoch: 56 [1000/3631 (28%)]	Gen Loss: 0.061610 
Train Epoch: 56 [1100/3631 (30%)]	Gen Loss: 0.085690 
Train Epoch: 56 [1200/3631 (33%)]	Gen Loss: 0.059805 
Train Epoch: 56 [1300/3631 (36%)]	Gen Loss: 0.065705 
Train Epoch: 56 [1400/3631 (39%)]	Gen Loss: 0.079982 
Train Epoch: 56 [1500/3631 (41%)]	Gen Loss: 0.064350 
Train Epoch: 56 [1600/3631 (44%)]	Gen Loss: 0.056894 
Train Epoch: 56 [1700/3631 (47%)]	Gen Loss: 0.079797 
Train Epoch: 56 [1800/3631 (50%)]	Gen Loss: 0.067182 
Train Epoch: 56 [1900/3631 (52%)]	Gen Loss: 0.068288 
Train Epoch: 56 [2000/3631 (55%)]	Gen Loss: 0.076880 
Train Epoch: 56 [2100/3631 (58%)]	Gen Loss: 0.079363 
Train Epoch: 56 [2200/3631 (61%)]	Gen Loss: 0.062535 
Train Epoch: 56 [2300/3631 (63%)]	Gen Loss: 0.061408 
Train Epoch: 56 [2400/3631 (66%)]	Gen Loss: 0.076727 
Train Epoch: 56 [2500/3631 (69%)]	Gen Loss: 0.070226 
Train Epoch: 56 [2600/3631 (72%)]	Gen Loss: 0.074563 
Train Epoch: 56 [2700/3631 (74%)]	Gen Loss: 0.072838 
Train Epoch: 56 [2800/3631 (77%)]	Gen Loss: 0.069019 
Train Epoch: 56 [2900/3631 (80%)]	Gen Loss: 0.062998 
Train Epoch: 56 [3000/3631 (83%)]	Gen Loss: 0.067173 
Train Epoch: 56 [3100/3631 (85%)]	Gen Loss: 0.077784 
Train Epoch: 56 [3200/3631 (88%)]	Gen Loss: 0.068982 
Train Epoch: 56 [3300/3631 (91%)]	Gen Loss: 0.089234 
Train Epoch: 56 [3400/3631 (94%)]	Gen Loss: 0.073858 
Train Epoch: 56 [3500/3631 (96%)]	Gen Loss: 0.073348 
Train Epoch: 56 [3600/3631 (99%)]	Gen Loss: 0.070931 
==========Epoch 57==========
Train Epoch: 57 [0/3631 (0%)]	Gen Loss: 0.066767 
Train Epoch: 57 [100/3631 (3%)]	Gen Loss: 0.066444 
Train Epoch: 57 [200/3631 (6%)]	Gen Loss: 0.075006 
Train Epoch: 57 [300/3631 (8%)]	Gen Loss: 0.074929 
Train Epoch: 57 [400/3631 (11%)]	Gen Loss: 0.066412 
Train Epoch: 57 [500/3631 (14%)]	Gen Loss: 0.068358 
Train Epoch: 57 [600/3631 (17%)]	Gen Loss: 0.074012 
Train Epoch: 57 [700/3631 (19%)]	Gen Loss: 0.069631 
Train Epoch: 57 [800/3631 (22%)]	Gen Loss: 0.058825 
Train Epoch: 57 [900/3631 (25%)]	Gen Loss: 0.053259 
Train Epoch: 57 [1000/3631 (28%)]	Gen Loss: 0.076222 
Train Epoch: 57 [1100/3631 (30%)]	Gen Loss: 0.071172 
Train Epoch: 57 [1200/3631 (33%)]	Gen Loss: 0.075107 
Train Epoch: 57 [1300/3631 (36%)]	Gen Loss: 0.069283 
Train Epoch: 57 [1400/3631 (39%)]	Gen Loss: 0.073401 
Train Epoch: 57 [1500/3631 (41%)]	Gen Loss: 0.072816 
Train Epoch: 57 [1600/3631 (44%)]	Gen Loss: 0.064930 
Train Epoch: 57 [1700/3631 (47%)]	Gen Loss: 0.080475 
Train Epoch: 57 [1800/3631 (50%)]	Gen Loss: 0.062011 
Train Epoch: 57 [1900/3631 (52%)]	Gen Loss: 0.078572 
Train Epoch: 57 [2000/3631 (55%)]	Gen Loss: 0.066181 
Train Epoch: 57 [2100/3631 (58%)]	Gen Loss: 0.064308 
Train Epoch: 57 [2200/3631 (61%)]	Gen Loss: 0.068640 
Train Epoch: 57 [2300/3631 (63%)]	Gen Loss: 0.061314 
Train Epoch: 57 [2400/3631 (66%)]	Gen Loss: 0.073419 
Train Epoch: 57 [2500/3631 (69%)]	Gen Loss: 0.067503 
Train Epoch: 57 [2600/3631 (72%)]	Gen Loss: 0.071989 
Train Epoch: 57 [2700/3631 (74%)]	Gen Loss: 0.070914 
Train Epoch: 57 [2800/3631 (77%)]	Gen Loss: 0.064316 
Train Epoch: 57 [2900/3631 (80%)]	Gen Loss: 0.061937 
Train Epoch: 57 [3000/3631 (83%)]	Gen Loss: 0.068958 
Train Epoch: 57 [3100/3631 (85%)]	Gen Loss: 0.069870 
Train Epoch: 57 [3200/3631 (88%)]	Gen Loss: 0.082793 
Train Epoch: 57 [3300/3631 (91%)]	Gen Loss: 0.072592 
Train Epoch: 57 [3400/3631 (94%)]	Gen Loss: 0.057595 
Train Epoch: 57 [3500/3631 (96%)]	Gen Loss: 0.067097 
Train Epoch: 57 [3600/3631 (99%)]	Gen Loss: 0.057879 
==========Epoch 58==========
Train Epoch: 58 [0/3631 (0%)]	Gen Loss: 0.070855 
Train Epoch: 58 [100/3631 (3%)]	Gen Loss: 0.070450 
Train Epoch: 58 [200/3631 (6%)]	Gen Loss: 0.067343 
Train Epoch: 58 [300/3631 (8%)]	Gen Loss: 0.071364 
Train Epoch: 58 [400/3631 (11%)]	Gen Loss: 0.070219 
Train Epoch: 58 [500/3631 (14%)]	Gen Loss: 0.079306 
Train Epoch: 58 [600/3631 (17%)]	Gen Loss: 0.067333 
Train Epoch: 58 [700/3631 (19%)]	Gen Loss: 0.059651 
Train Epoch: 58 [800/3631 (22%)]	Gen Loss: 0.081500 
Train Epoch: 58 [900/3631 (25%)]	Gen Loss: 0.079830 
Train Epoch: 58 [1000/3631 (28%)]	Gen Loss: 0.069151 
Train Epoch: 58 [1100/3631 (30%)]	Gen Loss: 0.066645 
Train Epoch: 58 [1200/3631 (33%)]	Gen Loss: 0.073961 
Train Epoch: 58 [1300/3631 (36%)]	Gen Loss: 0.066565 
Train Epoch: 58 [1400/3631 (39%)]	Gen Loss: 0.070703 
Train Epoch: 58 [1500/3631 (41%)]	Gen Loss: 0.068490 
Train Epoch: 58 [1600/3631 (44%)]	Gen Loss: 0.078428 
Train Epoch: 58 [1700/3631 (47%)]	Gen Loss: 0.062964 
Train Epoch: 58 [1800/3631 (50%)]	Gen Loss: 0.078137 
Train Epoch: 58 [1900/3631 (52%)]	Gen Loss: 0.068716 
Train Epoch: 58 [2000/3631 (55%)]	Gen Loss: 0.070191 
Train Epoch: 58 [2100/3631 (58%)]	Gen Loss: 0.064209 
Train Epoch: 58 [2200/3631 (61%)]	Gen Loss: 0.070524 
Train Epoch: 58 [2300/3631 (63%)]	Gen Loss: 0.099586 
Train Epoch: 58 [2400/3631 (66%)]	Gen Loss: 0.078479 
Train Epoch: 58 [2500/3631 (69%)]	Gen Loss: 0.059872 
Train Epoch: 58 [2600/3631 (72%)]	Gen Loss: 0.060979 
Train Epoch: 58 [2700/3631 (74%)]	Gen Loss: 0.077014 
Train Epoch: 58 [2800/3631 (77%)]	Gen Loss: 0.057884 
Train Epoch: 58 [2900/3631 (80%)]	Gen Loss: 0.074025 
Train Epoch: 58 [3000/3631 (83%)]	Gen Loss: 0.065692 
Train Epoch: 58 [3100/3631 (85%)]	Gen Loss: 0.069401 
Train Epoch: 58 [3200/3631 (88%)]	Gen Loss: 0.054212 
Train Epoch: 58 [3300/3631 (91%)]	Gen Loss: 0.056437 
Train Epoch: 58 [3400/3631 (94%)]	Gen Loss: 0.058659 
Train Epoch: 58 [3500/3631 (96%)]	Gen Loss: 0.074819 
Train Epoch: 58 [3600/3631 (99%)]	Gen Loss: 0.064724 
==========Epoch 59==========
Train Epoch: 59 [0/3631 (0%)]	Gen Loss: 0.064355 
Train Epoch: 59 [100/3631 (3%)]	Gen Loss: 0.066723 
Train Epoch: 59 [200/3631 (6%)]	Gen Loss: 0.070765 
Train Epoch: 59 [300/3631 (8%)]	Gen Loss: 0.072952 
Train Epoch: 59 [400/3631 (11%)]	Gen Loss: 0.083792 
Train Epoch: 59 [500/3631 (14%)]	Gen Loss: 0.063016 
Train Epoch: 59 [600/3631 (17%)]	Gen Loss: 0.059074 
Train Epoch: 59 [700/3631 (19%)]	Gen Loss: 0.065644 
Train Epoch: 59 [800/3631 (22%)]	Gen Loss: 0.076675 
Train Epoch: 59 [900/3631 (25%)]	Gen Loss: 0.060208 
Train Epoch: 59 [1000/3631 (28%)]	Gen Loss: 0.075816 
Train Epoch: 59 [1100/3631 (30%)]	Gen Loss: 0.061482 
Train Epoch: 59 [1200/3631 (33%)]	Gen Loss: 0.071974 
Train Epoch: 59 [1300/3631 (36%)]	Gen Loss: 0.076004 
Train Epoch: 59 [1400/3631 (39%)]	Gen Loss: 0.063008 
Train Epoch: 59 [1500/3631 (41%)]	Gen Loss: 0.065724 
Train Epoch: 59 [1600/3631 (44%)]	Gen Loss: 0.077981 
Train Epoch: 59 [1700/3631 (47%)]	Gen Loss: 0.076870 
Train Epoch: 59 [1800/3631 (50%)]	Gen Loss: 0.082255 
Train Epoch: 59 [1900/3631 (52%)]	Gen Loss: 0.079042 
Train Epoch: 59 [2000/3631 (55%)]	Gen Loss: 0.067361 
Train Epoch: 59 [2100/3631 (58%)]	Gen Loss: 0.073296 
Train Epoch: 59 [2200/3631 (61%)]	Gen Loss: 0.067465 
Train Epoch: 59 [2300/3631 (63%)]	Gen Loss: 0.051397 
Train Epoch: 59 [2400/3631 (66%)]	Gen Loss: 0.073414 
Train Epoch: 59 [2500/3631 (69%)]	Gen Loss: 0.077369 
Train Epoch: 59 [2600/3631 (72%)]	Gen Loss: 0.070623 
Train Epoch: 59 [2700/3631 (74%)]	Gen Loss: 0.067147 
Train Epoch: 59 [2800/3631 (77%)]	Gen Loss: 0.068967 
Train Epoch: 59 [2900/3631 (80%)]	Gen Loss: 0.075267 
Train Epoch: 59 [3000/3631 (83%)]	Gen Loss: 0.073120 
Train Epoch: 59 [3100/3631 (85%)]	Gen Loss: 0.069973 
Train Epoch: 59 [3200/3631 (88%)]	Gen Loss: 0.064154 
Train Epoch: 59 [3300/3631 (91%)]	Gen Loss: 0.069009 
Train Epoch: 59 [3400/3631 (94%)]	Gen Loss: 0.082549 
Train Epoch: 59 [3500/3631 (96%)]	Gen Loss: 0.067286 
Train Epoch: 59 [3600/3631 (99%)]	Gen Loss: 0.077566 
==========Epoch 60==========
Train Epoch: 60 [0/3631 (0%)]	Gen Loss: 0.079696 
Train Epoch: 60 [100/3631 (3%)]	Gen Loss: 0.062226 
Train Epoch: 60 [200/3631 (6%)]	Gen Loss: 0.071383 
Train Epoch: 60 [300/3631 (8%)]	Gen Loss: 0.072500 
Train Epoch: 60 [400/3631 (11%)]	Gen Loss: 0.071094 
Train Epoch: 60 [500/3631 (14%)]	Gen Loss: 0.070086 
Train Epoch: 60 [600/3631 (17%)]	Gen Loss: 0.078223 
Train Epoch: 60 [700/3631 (19%)]	Gen Loss: 0.082014 
Train Epoch: 60 [800/3631 (22%)]	Gen Loss: 0.064747 
Train Epoch: 60 [900/3631 (25%)]	Gen Loss: 0.063216 
Train Epoch: 60 [1000/3631 (28%)]	Gen Loss: 0.064025 
Train Epoch: 60 [1100/3631 (30%)]	Gen Loss: 0.061619 
Train Epoch: 60 [1200/3631 (33%)]	Gen Loss: 0.053731 
Train Epoch: 60 [1300/3631 (36%)]	Gen Loss: 0.064950 
Train Epoch: 60 [1400/3631 (39%)]	Gen Loss: 0.068329 
Train Epoch: 60 [1500/3631 (41%)]	Gen Loss: 0.060186 
Train Epoch: 60 [1600/3631 (44%)]	Gen Loss: 0.082369 
Train Epoch: 60 [1700/3631 (47%)]	Gen Loss: 0.061503 
Train Epoch: 60 [1800/3631 (50%)]	Gen Loss: 0.063061 
Train Epoch: 60 [1900/3631 (52%)]	Gen Loss: 0.058145 
Train Epoch: 60 [2000/3631 (55%)]	Gen Loss: 0.060646 
Train Epoch: 60 [2100/3631 (58%)]	Gen Loss: 0.086855 
Train Epoch: 60 [2200/3631 (61%)]	Gen Loss: 0.059772 
Train Epoch: 60 [2300/3631 (63%)]	Gen Loss: 0.075552 
Train Epoch: 60 [2400/3631 (66%)]	Gen Loss: 0.059102 
Train Epoch: 60 [2500/3631 (69%)]	Gen Loss: 0.062903 
Train Epoch: 60 [2600/3631 (72%)]	Gen Loss: 0.066795 
Train Epoch: 60 [2700/3631 (74%)]	Gen Loss: 0.067927 
Train Epoch: 60 [2800/3631 (77%)]	Gen Loss: 0.082181 
Train Epoch: 60 [2900/3631 (80%)]	Gen Loss: 0.062387 
Train Epoch: 60 [3000/3631 (83%)]	Gen Loss: 0.065316 
Train Epoch: 60 [3100/3631 (85%)]	Gen Loss: 0.059964 
Train Epoch: 60 [3200/3631 (88%)]	Gen Loss: 0.074005 
Train Epoch: 60 [3300/3631 (91%)]	Gen Loss: 0.070257 
Train Epoch: 60 [3400/3631 (94%)]	Gen Loss: 0.078274 
Train Epoch: 60 [3500/3631 (96%)]	Gen Loss: 0.078633 
Train Epoch: 60 [3600/3631 (99%)]	Gen Loss: 0.089674 
==========Epoch 61==========
Train Epoch: 61 [0/3631 (0%)]	Gen Loss: 0.070164 
Train Epoch: 61 [100/3631 (3%)]	Gen Loss: 0.062075 
Train Epoch: 61 [200/3631 (6%)]	Gen Loss: 0.065950 
Train Epoch: 61 [300/3631 (8%)]	Gen Loss: 0.068543 
Train Epoch: 61 [400/3631 (11%)]	Gen Loss: 0.066393 
Train Epoch: 61 [500/3631 (14%)]	Gen Loss: 0.074683 
Train Epoch: 61 [600/3631 (17%)]	Gen Loss: 0.073333 
Train Epoch: 61 [700/3631 (19%)]	Gen Loss: 0.066374 
Train Epoch: 61 [800/3631 (22%)]	Gen Loss: 0.062074 
Train Epoch: 61 [900/3631 (25%)]	Gen Loss: 0.065080 
Train Epoch: 61 [1000/3631 (28%)]	Gen Loss: 0.078857 
Train Epoch: 61 [1100/3631 (30%)]	Gen Loss: 0.073169 
Train Epoch: 61 [1200/3631 (33%)]	Gen Loss: 0.062451 
Train Epoch: 61 [1300/3631 (36%)]	Gen Loss: 0.068705 
Train Epoch: 61 [1400/3631 (39%)]	Gen Loss: 0.067268 
Train Epoch: 61 [1500/3631 (41%)]	Gen Loss: 0.068461 
Train Epoch: 61 [1600/3631 (44%)]	Gen Loss: 0.065707 
Train Epoch: 61 [1700/3631 (47%)]	Gen Loss: 0.070579 
Train Epoch: 61 [1800/3631 (50%)]	Gen Loss: 0.067680 
Train Epoch: 61 [1900/3631 (52%)]	Gen Loss: 0.060853 
Train Epoch: 61 [2000/3631 (55%)]	Gen Loss: 0.079731 
Train Epoch: 61 [2100/3631 (58%)]	Gen Loss: 0.067731 
Train Epoch: 61 [2200/3631 (61%)]	Gen Loss: 0.065095 
Train Epoch: 61 [2300/3631 (63%)]	Gen Loss: 0.064731 
Train Epoch: 61 [2400/3631 (66%)]	Gen Loss: 0.069146 
Train Epoch: 61 [2500/3631 (69%)]	Gen Loss: 0.065269 
Train Epoch: 61 [2600/3631 (72%)]	Gen Loss: 0.074246 
Train Epoch: 61 [2700/3631 (74%)]	Gen Loss: 0.062204 
Train Epoch: 61 [2800/3631 (77%)]	Gen Loss: 0.071833 
Train Epoch: 61 [2900/3631 (80%)]	Gen Loss: 0.057433 
Train Epoch: 61 [3000/3631 (83%)]	Gen Loss: 0.084748 
Train Epoch: 61 [3100/3631 (85%)]	Gen Loss: 0.076510 
Train Epoch: 61 [3200/3631 (88%)]	Gen Loss: 0.066937 
Train Epoch: 61 [3300/3631 (91%)]	Gen Loss: 0.057142 
Train Epoch: 61 [3400/3631 (94%)]	Gen Loss: 0.068595 
Train Epoch: 61 [3500/3631 (96%)]	Gen Loss: 0.061668 
Train Epoch: 61 [3600/3631 (99%)]	Gen Loss: 0.069065 
==========Epoch 62==========
Train Epoch: 62 [0/3631 (0%)]	Gen Loss: 0.078866 
Train Epoch: 62 [100/3631 (3%)]	Gen Loss: 0.060942 
Train Epoch: 62 [200/3631 (6%)]	Gen Loss: 0.071674 
Train Epoch: 62 [300/3631 (8%)]	Gen Loss: 0.078239 
Train Epoch: 62 [400/3631 (11%)]	Gen Loss: 0.067875 
Train Epoch: 62 [500/3631 (14%)]	Gen Loss: 0.065151 
Train Epoch: 62 [600/3631 (17%)]	Gen Loss: 0.077679 
Train Epoch: 62 [700/3631 (19%)]	Gen Loss: 0.080075 
Train Epoch: 62 [800/3631 (22%)]	Gen Loss: 0.072525 
Train Epoch: 62 [900/3631 (25%)]	Gen Loss: 0.077521 
Train Epoch: 62 [1000/3631 (28%)]	Gen Loss: 0.060658 
Train Epoch: 62 [1100/3631 (30%)]	Gen Loss: 0.066856 
Train Epoch: 62 [1200/3631 (33%)]	Gen Loss: 0.067565 
Train Epoch: 62 [1300/3631 (36%)]	Gen Loss: 0.072117 
Train Epoch: 62 [1400/3631 (39%)]	Gen Loss: 0.089459 
Train Epoch: 62 [1500/3631 (41%)]	Gen Loss: 0.067011 
Train Epoch: 62 [1600/3631 (44%)]	Gen Loss: 0.073567 
Train Epoch: 62 [1700/3631 (47%)]	Gen Loss: 0.069315 
Train Epoch: 62 [1800/3631 (50%)]	Gen Loss: 0.065710 
Train Epoch: 62 [1900/3631 (52%)]	Gen Loss: 0.065441 
Train Epoch: 62 [2000/3631 (55%)]	Gen Loss: 0.062172 
Train Epoch: 62 [2100/3631 (58%)]	Gen Loss: 0.080740 
Train Epoch: 62 [2200/3631 (61%)]	Gen Loss: 0.070393 
Train Epoch: 62 [2300/3631 (63%)]	Gen Loss: 0.076440 
Train Epoch: 62 [2400/3631 (66%)]	Gen Loss: 0.072993 
Train Epoch: 62 [2500/3631 (69%)]	Gen Loss: 0.052658 
Train Epoch: 62 [2600/3631 (72%)]	Gen Loss: 0.076141 
Train Epoch: 62 [2700/3631 (74%)]	Gen Loss: 0.064048 
Train Epoch: 62 [2800/3631 (77%)]	Gen Loss: 0.061748 
Train Epoch: 62 [2900/3631 (80%)]	Gen Loss: 0.068669 
Train Epoch: 62 [3000/3631 (83%)]	Gen Loss: 0.053601 
Train Epoch: 62 [3100/3631 (85%)]	Gen Loss: 0.062825 
Train Epoch: 62 [3200/3631 (88%)]	Gen Loss: 0.074537 
Train Epoch: 62 [3300/3631 (91%)]	Gen Loss: 0.071014 
Train Epoch: 62 [3400/3631 (94%)]	Gen Loss: 0.069153 
Train Epoch: 62 [3500/3631 (96%)]	Gen Loss: 0.072121 
Train Epoch: 62 [3600/3631 (99%)]	Gen Loss: 0.063458 
==========Epoch 63==========
Train Epoch: 63 [0/3631 (0%)]	Gen Loss: 0.071271 
Train Epoch: 63 [100/3631 (3%)]	Gen Loss: 0.059347 
Train Epoch: 63 [200/3631 (6%)]	Gen Loss: 0.070760 
Train Epoch: 63 [300/3631 (8%)]	Gen Loss: 0.066286 
Train Epoch: 63 [400/3631 (11%)]	Gen Loss: 0.063791 
Train Epoch: 63 [500/3631 (14%)]	Gen Loss: 0.073863 
Train Epoch: 63 [600/3631 (17%)]	Gen Loss: 0.067297 
Train Epoch: 63 [700/3631 (19%)]	Gen Loss: 0.071777 
Train Epoch: 63 [800/3631 (22%)]	Gen Loss: 0.069264 
Train Epoch: 63 [900/3631 (25%)]	Gen Loss: 0.060874 
Train Epoch: 63 [1000/3631 (28%)]	Gen Loss: 0.066801 
Train Epoch: 63 [1100/3631 (30%)]	Gen Loss: 0.071669 
Train Epoch: 63 [1200/3631 (33%)]	Gen Loss: 0.055343 
Train Epoch: 63 [1300/3631 (36%)]	Gen Loss: 0.070661 
Train Epoch: 63 [1400/3631 (39%)]	Gen Loss: 0.068094 
Train Epoch: 63 [1500/3631 (41%)]	Gen Loss: 0.069189 
Train Epoch: 63 [1600/3631 (44%)]	Gen Loss: 0.061877 
Train Epoch: 63 [1700/3631 (47%)]	Gen Loss: 0.068111 
Train Epoch: 63 [1800/3631 (50%)]	Gen Loss: 0.074280 
Train Epoch: 63 [1900/3631 (52%)]	Gen Loss: 0.067304 
Train Epoch: 63 [2000/3631 (55%)]	Gen Loss: 0.082089 
Train Epoch: 63 [2100/3631 (58%)]	Gen Loss: 0.067466 
Train Epoch: 63 [2200/3631 (61%)]	Gen Loss: 0.071252 
Train Epoch: 63 [2300/3631 (63%)]	Gen Loss: 0.056520 
Train Epoch: 63 [2400/3631 (66%)]	Gen Loss: 0.071237 
Train Epoch: 63 [2500/3631 (69%)]	Gen Loss: 0.058971 
Train Epoch: 63 [2600/3631 (72%)]	Gen Loss: 0.067580 
Train Epoch: 63 [2700/3631 (74%)]	Gen Loss: 0.065932 
Train Epoch: 63 [2800/3631 (77%)]	Gen Loss: 0.064565 
Train Epoch: 63 [2900/3631 (80%)]	Gen Loss: 0.063717 
Train Epoch: 63 [3000/3631 (83%)]	Gen Loss: 0.065885 
Train Epoch: 63 [3100/3631 (85%)]	Gen Loss: 0.073065 
Train Epoch: 63 [3200/3631 (88%)]	Gen Loss: 0.061406 
Train Epoch: 63 [3300/3631 (91%)]	Gen Loss: 0.062099 
Train Epoch: 63 [3400/3631 (94%)]	Gen Loss: 0.060889 
Train Epoch: 63 [3500/3631 (96%)]	Gen Loss: 0.064570 
Train Epoch: 63 [3600/3631 (99%)]	Gen Loss: 0.071995 
==========Epoch 64==========
Train Epoch: 64 [0/3631 (0%)]	Gen Loss: 0.069401 
Train Epoch: 64 [100/3631 (3%)]	Gen Loss: 0.071179 
Train Epoch: 64 [200/3631 (6%)]	Gen Loss: 0.063961 
Train Epoch: 64 [300/3631 (8%)]	Gen Loss: 0.077570 
Train Epoch: 64 [400/3631 (11%)]	Gen Loss: 0.075085 
Train Epoch: 64 [500/3631 (14%)]	Gen Loss: 0.064488 
Train Epoch: 64 [600/3631 (17%)]	Gen Loss: 0.068746 
Train Epoch: 64 [700/3631 (19%)]	Gen Loss: 0.066490 
Train Epoch: 64 [800/3631 (22%)]	Gen Loss: 0.068118 
Train Epoch: 64 [900/3631 (25%)]	Gen Loss: 0.075574 
Train Epoch: 64 [1000/3631 (28%)]	Gen Loss: 0.065512 
Train Epoch: 64 [1100/3631 (30%)]	Gen Loss: 0.067012 
Train Epoch: 64 [1200/3631 (33%)]	Gen Loss: 0.075663 
Train Epoch: 64 [1300/3631 (36%)]	Gen Loss: 0.063809 
Train Epoch: 64 [1400/3631 (39%)]	Gen Loss: 0.070135 
Train Epoch: 64 [1500/3631 (41%)]	Gen Loss: 0.062389 
Train Epoch: 64 [1600/3631 (44%)]	Gen Loss: 0.081427 
Train Epoch: 64 [1700/3631 (47%)]	Gen Loss: 0.057487 
Train Epoch: 64 [1800/3631 (50%)]	Gen Loss: 0.062959 
Train Epoch: 64 [1900/3631 (52%)]	Gen Loss: 0.073540 
Train Epoch: 64 [2000/3631 (55%)]	Gen Loss: 0.068695 
Train Epoch: 64 [2100/3631 (58%)]	Gen Loss: 0.058651 
Train Epoch: 64 [2200/3631 (61%)]	Gen Loss: 0.075915 
Train Epoch: 64 [2300/3631 (63%)]	Gen Loss: 0.060611 
Train Epoch: 64 [2400/3631 (66%)]	Gen Loss: 0.066727 
Train Epoch: 64 [2500/3631 (69%)]	Gen Loss: 0.063190 
Train Epoch: 64 [2600/3631 (72%)]	Gen Loss: 0.070092 
Train Epoch: 64 [2700/3631 (74%)]	Gen Loss: 0.085303 
Train Epoch: 64 [2800/3631 (77%)]	Gen Loss: 0.070601 
Train Epoch: 64 [2900/3631 (80%)]	Gen Loss: 0.071822 
Train Epoch: 64 [3000/3631 (83%)]	Gen Loss: 0.078451 
Train Epoch: 64 [3100/3631 (85%)]	Gen Loss: 0.072961 
Train Epoch: 64 [3200/3631 (88%)]	Gen Loss: 0.078985 
Train Epoch: 64 [3300/3631 (91%)]	Gen Loss: 0.078388 
Train Epoch: 64 [3400/3631 (94%)]	Gen Loss: 0.078764 
Train Epoch: 64 [3500/3631 (96%)]	Gen Loss: 0.067733 
Train Epoch: 64 [3600/3631 (99%)]	Gen Loss: 0.077087 
==========Epoch 65==========
Train Epoch: 65 [0/3631 (0%)]	Gen Loss: 0.065785 
Train Epoch: 65 [100/3631 (3%)]	Gen Loss: 0.080732 
Train Epoch: 65 [200/3631 (6%)]	Gen Loss: 0.080256 
Train Epoch: 65 [300/3631 (8%)]	Gen Loss: 0.071619 
Train Epoch: 65 [400/3631 (11%)]	Gen Loss: 0.069444 
Train Epoch: 65 [500/3631 (14%)]	Gen Loss: 0.064391 
Train Epoch: 65 [600/3631 (17%)]	Gen Loss: 0.065057 
Train Epoch: 65 [700/3631 (19%)]	Gen Loss: 0.067695 
Train Epoch: 65 [800/3631 (22%)]	Gen Loss: 0.071771 
Train Epoch: 65 [900/3631 (25%)]	Gen Loss: 0.080255 
Train Epoch: 65 [1000/3631 (28%)]	Gen Loss: 0.069919 
Train Epoch: 65 [1100/3631 (30%)]	Gen Loss: 0.064321 
Train Epoch: 65 [1200/3631 (33%)]	Gen Loss: 0.078959 
Train Epoch: 65 [1300/3631 (36%)]	Gen Loss: 0.065332 
Train Epoch: 65 [1400/3631 (39%)]	Gen Loss: 0.067086 
Train Epoch: 65 [1500/3631 (41%)]	Gen Loss: 0.075161 
Train Epoch: 65 [1600/3631 (44%)]	Gen Loss: 0.066678 
Train Epoch: 65 [1700/3631 (47%)]	Gen Loss: 0.066491 
Train Epoch: 65 [1800/3631 (50%)]	Gen Loss: 0.070102 
Train Epoch: 65 [1900/3631 (52%)]	Gen Loss: 0.078738 
Train Epoch: 65 [2000/3631 (55%)]	Gen Loss: 0.072171 
Train Epoch: 65 [2100/3631 (58%)]	Gen Loss: 0.060363 
Train Epoch: 65 [2200/3631 (61%)]	Gen Loss: 0.063571 
Train Epoch: 65 [2300/3631 (63%)]	Gen Loss: 0.063203 
Train Epoch: 65 [2400/3631 (66%)]	Gen Loss: 0.067756 
Train Epoch: 65 [2500/3631 (69%)]	Gen Loss: 0.070016 
Train Epoch: 65 [2600/3631 (72%)]	Gen Loss: 0.060979 
Train Epoch: 65 [2700/3631 (74%)]	Gen Loss: 0.074940 
Train Epoch: 65 [2800/3631 (77%)]	Gen Loss: 0.058928 
Train Epoch: 65 [2900/3631 (80%)]	Gen Loss: 0.073652 
Train Epoch: 65 [3000/3631 (83%)]	Gen Loss: 0.061220 
Train Epoch: 65 [3100/3631 (85%)]	Gen Loss: 0.061604 
Train Epoch: 65 [3200/3631 (88%)]	Gen Loss: 0.076519 
Train Epoch: 65 [3300/3631 (91%)]	Gen Loss: 0.063141 
Train Epoch: 65 [3400/3631 (94%)]	Gen Loss: 0.063770 
Train Epoch: 65 [3500/3631 (96%)]	Gen Loss: 0.078749 
Train Epoch: 65 [3600/3631 (99%)]	Gen Loss: 0.064790 
==========Epoch 66==========
Train Epoch: 66 [0/3631 (0%)]	Gen Loss: 0.077310 
Train Epoch: 66 [100/3631 (3%)]	Gen Loss: 0.064304 
Train Epoch: 66 [200/3631 (6%)]	Gen Loss: 0.065244 
Train Epoch: 66 [300/3631 (8%)]	Gen Loss: 0.084407 
Train Epoch: 66 [400/3631 (11%)]	Gen Loss: 0.058720 
Train Epoch: 66 [500/3631 (14%)]	Gen Loss: 0.061048 
Train Epoch: 66 [600/3631 (17%)]	Gen Loss: 0.067465 
Train Epoch: 66 [700/3631 (19%)]	Gen Loss: 0.061389 
Train Epoch: 66 [800/3631 (22%)]	Gen Loss: 0.065735 
Train Epoch: 66 [900/3631 (25%)]	Gen Loss: 0.066864 
Train Epoch: 66 [1000/3631 (28%)]	Gen Loss: 0.075096 
Train Epoch: 66 [1100/3631 (30%)]	Gen Loss: 0.078516 
Train Epoch: 66 [1200/3631 (33%)]	Gen Loss: 0.059188 
Train Epoch: 66 [1300/3631 (36%)]	Gen Loss: 0.063931 
Train Epoch: 66 [1400/3631 (39%)]	Gen Loss: 0.067357 
Train Epoch: 66 [1500/3631 (41%)]	Gen Loss: 0.070690 
Train Epoch: 66 [1600/3631 (44%)]	Gen Loss: 0.070602 
Train Epoch: 66 [1700/3631 (47%)]	Gen Loss: 0.058654 
Train Epoch: 66 [1800/3631 (50%)]	Gen Loss: 0.072677 
Train Epoch: 66 [1900/3631 (52%)]	Gen Loss: 0.063287 
Train Epoch: 66 [2000/3631 (55%)]	Gen Loss: 0.076077 
Train Epoch: 66 [2100/3631 (58%)]	Gen Loss: 0.080704 
Train Epoch: 66 [2200/3631 (61%)]	Gen Loss: 0.075895 
Train Epoch: 66 [2300/3631 (63%)]	Gen Loss: 0.069654 
Train Epoch: 66 [2400/3631 (66%)]	Gen Loss: 0.073522 
Train Epoch: 66 [2500/3631 (69%)]	Gen Loss: 0.072757 
Train Epoch: 66 [2600/3631 (72%)]	Gen Loss: 0.061907 
Train Epoch: 66 [2700/3631 (74%)]	Gen Loss: 0.067016 
Train Epoch: 66 [2800/3631 (77%)]	Gen Loss: 0.054396 
Train Epoch: 66 [2900/3631 (80%)]	Gen Loss: 0.074363 
Train Epoch: 66 [3000/3631 (83%)]	Gen Loss: 0.078764 
Train Epoch: 66 [3100/3631 (85%)]	Gen Loss: 0.068871 
Train Epoch: 66 [3200/3631 (88%)]	Gen Loss: 0.073813 
Train Epoch: 66 [3300/3631 (91%)]	Gen Loss: 0.073230 
Train Epoch: 66 [3400/3631 (94%)]	Gen Loss: 0.069980 
Train Epoch: 66 [3500/3631 (96%)]	Gen Loss: 0.063221 
Train Epoch: 66 [3600/3631 (99%)]	Gen Loss: 0.071566 
==========Epoch 67==========
Train Epoch: 67 [0/3631 (0%)]	Gen Loss: 0.078377 
Train Epoch: 67 [100/3631 (3%)]	Gen Loss: 0.070490 
Train Epoch: 67 [200/3631 (6%)]	Gen Loss: 0.066245 
Train Epoch: 67 [300/3631 (8%)]	Gen Loss: 0.072203 
Train Epoch: 67 [400/3631 (11%)]	Gen Loss: 0.069251 
Train Epoch: 67 [500/3631 (14%)]	Gen Loss: 0.075603 
Train Epoch: 67 [600/3631 (17%)]	Gen Loss: 0.074486 
Train Epoch: 67 [700/3631 (19%)]	Gen Loss: 0.066069 
Train Epoch: 67 [800/3631 (22%)]	Gen Loss: 0.086597 
Train Epoch: 67 [900/3631 (25%)]	Gen Loss: 0.065101 
Train Epoch: 67 [1000/3631 (28%)]	Gen Loss: 0.062019 
Train Epoch: 67 [1100/3631 (30%)]	Gen Loss: 0.059134 
Train Epoch: 67 [1200/3631 (33%)]	Gen Loss: 0.079025 
Train Epoch: 67 [1300/3631 (36%)]	Gen Loss: 0.061421 
Train Epoch: 67 [1400/3631 (39%)]	Gen Loss: 0.057007 
Train Epoch: 67 [1500/3631 (41%)]	Gen Loss: 0.075415 
Train Epoch: 67 [1600/3631 (44%)]	Gen Loss: 0.068542 
Train Epoch: 67 [1700/3631 (47%)]	Gen Loss: 0.063815 
Train Epoch: 67 [1800/3631 (50%)]	Gen Loss: 0.062347 
Train Epoch: 67 [1900/3631 (52%)]	Gen Loss: 0.064573 
Train Epoch: 67 [2000/3631 (55%)]	Gen Loss: 0.060381 
Train Epoch: 67 [2100/3631 (58%)]	Gen Loss: 0.067923 
Train Epoch: 67 [2200/3631 (61%)]	Gen Loss: 0.062881 
Train Epoch: 67 [2300/3631 (63%)]	Gen Loss: 0.064924 
Train Epoch: 67 [2400/3631 (66%)]	Gen Loss: 0.062282 
Train Epoch: 67 [2500/3631 (69%)]	Gen Loss: 0.075761 
Train Epoch: 67 [2600/3631 (72%)]	Gen Loss: 0.071475 
Train Epoch: 67 [2700/3631 (74%)]	Gen Loss: 0.062204 
Train Epoch: 67 [2800/3631 (77%)]	Gen Loss: 0.067449 
Train Epoch: 67 [2900/3631 (80%)]	Gen Loss: 0.067699 
Train Epoch: 67 [3000/3631 (83%)]	Gen Loss: 0.067438 
Train Epoch: 67 [3100/3631 (85%)]	Gen Loss: 0.068776 
Train Epoch: 67 [3200/3631 (88%)]	Gen Loss: 0.071522 
Train Epoch: 67 [3300/3631 (91%)]	Gen Loss: 0.070214 
Train Epoch: 67 [3400/3631 (94%)]	Gen Loss: 0.062773 
Train Epoch: 67 [3500/3631 (96%)]	Gen Loss: 0.062276 
Train Epoch: 67 [3600/3631 (99%)]	Gen Loss: 0.064955 
==========Epoch 68==========
Train Epoch: 68 [0/3631 (0%)]	Gen Loss: 0.062905 
Train Epoch: 68 [100/3631 (3%)]	Gen Loss: 0.067553 
Train Epoch: 68 [200/3631 (6%)]	Gen Loss: 0.072023 
Train Epoch: 68 [300/3631 (8%)]	Gen Loss: 0.077420 
Train Epoch: 68 [400/3631 (11%)]	Gen Loss: 0.078955 
Train Epoch: 68 [500/3631 (14%)]	Gen Loss: 0.060643 
Train Epoch: 68 [600/3631 (17%)]	Gen Loss: 0.066149 
Train Epoch: 68 [700/3631 (19%)]	Gen Loss: 0.059456 
Train Epoch: 68 [800/3631 (22%)]	Gen Loss: 0.060009 
Train Epoch: 68 [900/3631 (25%)]	Gen Loss: 0.064401 
Train Epoch: 68 [1000/3631 (28%)]	Gen Loss: 0.058676 
Train Epoch: 68 [1100/3631 (30%)]	Gen Loss: 0.062679 
Train Epoch: 68 [1200/3631 (33%)]	Gen Loss: 0.065831 
Train Epoch: 68 [1300/3631 (36%)]	Gen Loss: 0.068845 
Train Epoch: 68 [1400/3631 (39%)]	Gen Loss: 0.066068 
Train Epoch: 68 [1500/3631 (41%)]	Gen Loss: 0.071687 
Train Epoch: 68 [1600/3631 (44%)]	Gen Loss: 0.061439 
Train Epoch: 68 [1700/3631 (47%)]	Gen Loss: 0.064435 
Train Epoch: 68 [1800/3631 (50%)]	Gen Loss: 0.062724 
Train Epoch: 68 [1900/3631 (52%)]	Gen Loss: 0.073274 
Train Epoch: 68 [2000/3631 (55%)]	Gen Loss: 0.059637 
Train Epoch: 68 [2100/3631 (58%)]	Gen Loss: 0.068044 
Train Epoch: 68 [2200/3631 (61%)]	Gen Loss: 0.068181 
Train Epoch: 68 [2300/3631 (63%)]	Gen Loss: 0.057089 
Train Epoch: 68 [2400/3631 (66%)]	Gen Loss: 0.063453 
Train Epoch: 68 [2500/3631 (69%)]	Gen Loss: 0.057782 
Train Epoch: 68 [2600/3631 (72%)]	Gen Loss: 0.080512 
Train Epoch: 68 [2700/3631 (74%)]	Gen Loss: 0.062391 
Train Epoch: 68 [2800/3631 (77%)]	Gen Loss: 0.065688 
Train Epoch: 68 [2900/3631 (80%)]	Gen Loss: 0.058379 
Train Epoch: 68 [3000/3631 (83%)]	Gen Loss: 0.067209 
Train Epoch: 68 [3100/3631 (85%)]	Gen Loss: 0.070645 
Train Epoch: 68 [3200/3631 (88%)]	Gen Loss: 0.063606 
Train Epoch: 68 [3300/3631 (91%)]	Gen Loss: 0.061136 
Train Epoch: 68 [3400/3631 (94%)]	Gen Loss: 0.069519 
Train Epoch: 68 [3500/3631 (96%)]	Gen Loss: 0.069864 
Train Epoch: 68 [3600/3631 (99%)]	Gen Loss: 0.070914 
==========Epoch 69==========
Train Epoch: 69 [0/3631 (0%)]	Gen Loss: 0.067062 
Train Epoch: 69 [100/3631 (3%)]	Gen Loss: 0.073935 
Train Epoch: 69 [200/3631 (6%)]	Gen Loss: 0.063320 
Train Epoch: 69 [300/3631 (8%)]	Gen Loss: 0.063134 
Train Epoch: 69 [400/3631 (11%)]	Gen Loss: 0.068105 
Train Epoch: 69 [500/3631 (14%)]	Gen Loss: 0.072818 
Train Epoch: 69 [600/3631 (17%)]	Gen Loss: 0.058646 
Train Epoch: 69 [700/3631 (19%)]	Gen Loss: 0.066844 
Train Epoch: 69 [800/3631 (22%)]	Gen Loss: 0.064699 
Train Epoch: 69 [900/3631 (25%)]	Gen Loss: 0.068444 
Train Epoch: 69 [1000/3631 (28%)]	Gen Loss: 0.069538 
Train Epoch: 69 [1100/3631 (30%)]	Gen Loss: 0.062564 
Train Epoch: 69 [1200/3631 (33%)]	Gen Loss: 0.062782 
Train Epoch: 69 [1300/3631 (36%)]	Gen Loss: 0.065320 
Train Epoch: 69 [1400/3631 (39%)]	Gen Loss: 0.068517 
Train Epoch: 69 [1500/3631 (41%)]	Gen Loss: 0.071957 
Train Epoch: 69 [1600/3631 (44%)]	Gen Loss: 0.063748 
Train Epoch: 69 [1700/3631 (47%)]	Gen Loss: 0.067007 
Train Epoch: 69 [1800/3631 (50%)]	Gen Loss: 0.057284 
Train Epoch: 69 [1900/3631 (52%)]	Gen Loss: 0.061347 
Train Epoch: 69 [2000/3631 (55%)]	Gen Loss: 0.066292 
Train Epoch: 69 [2100/3631 (58%)]	Gen Loss: 0.063598 
Train Epoch: 69 [2200/3631 (61%)]	Gen Loss: 0.072786 
Train Epoch: 69 [2300/3631 (63%)]	Gen Loss: 0.087391 
Train Epoch: 69 [2400/3631 (66%)]	Gen Loss: 0.074818 
Train Epoch: 69 [2500/3631 (69%)]	Gen Loss: 0.059877 
Train Epoch: 69 [2600/3631 (72%)]	Gen Loss: 0.068789 
Train Epoch: 69 [2700/3631 (74%)]	Gen Loss: 0.066165 
Train Epoch: 69 [2800/3631 (77%)]	Gen Loss: 0.068258 
Train Epoch: 69 [2900/3631 (80%)]	Gen Loss: 0.071680 
Train Epoch: 69 [3000/3631 (83%)]	Gen Loss: 0.067554 
Train Epoch: 69 [3100/3631 (85%)]	Gen Loss: 0.065962 
Train Epoch: 69 [3200/3631 (88%)]	Gen Loss: 0.087643 
Train Epoch: 69 [3300/3631 (91%)]	Gen Loss: 0.070647 
Train Epoch: 69 [3400/3631 (94%)]	Gen Loss: 0.071724 
Train Epoch: 69 [3500/3631 (96%)]	Gen Loss: 0.078070 
Train Epoch: 69 [3600/3631 (99%)]	Gen Loss: 0.070784 
==========Epoch 70==========
Train Epoch: 70 [0/3631 (0%)]	Gen Loss: 0.072660 
Train Epoch: 70 [100/3631 (3%)]	Gen Loss: 0.075750 
Train Epoch: 70 [200/3631 (6%)]	Gen Loss: 0.063651 
Train Epoch: 70 [300/3631 (8%)]	Gen Loss: 0.070449 
Train Epoch: 70 [400/3631 (11%)]	Gen Loss: 0.068742 
Train Epoch: 70 [500/3631 (14%)]	Gen Loss: 0.057624 
Train Epoch: 70 [600/3631 (17%)]	Gen Loss: 0.079522 
Train Epoch: 70 [700/3631 (19%)]	Gen Loss: 0.085126 
Train Epoch: 70 [800/3631 (22%)]	Gen Loss: 0.071260 
Train Epoch: 70 [900/3631 (25%)]	Gen Loss: 0.072063 
Train Epoch: 70 [1000/3631 (28%)]	Gen Loss: 0.068920 
Train Epoch: 70 [1100/3631 (30%)]	Gen Loss: 0.068691 
Train Epoch: 70 [1200/3631 (33%)]	Gen Loss: 0.066445 
Train Epoch: 70 [1300/3631 (36%)]	Gen Loss: 0.079082 
Train Epoch: 70 [1400/3631 (39%)]	Gen Loss: 0.056892 
Train Epoch: 70 [1500/3631 (41%)]	Gen Loss: 0.081220 
Train Epoch: 70 [1600/3631 (44%)]	Gen Loss: 0.073198 
Train Epoch: 70 [1700/3631 (47%)]	Gen Loss: 0.077032 
Train Epoch: 70 [1800/3631 (50%)]	Gen Loss: 0.066730 
Train Epoch: 70 [1900/3631 (52%)]	Gen Loss: 0.071392 
Train Epoch: 70 [2000/3631 (55%)]	Gen Loss: 0.062208 
Train Epoch: 70 [2100/3631 (58%)]	Gen Loss: 0.074167 
Train Epoch: 70 [2200/3631 (61%)]	Gen Loss: 0.059426 
Train Epoch: 70 [2300/3631 (63%)]	Gen Loss: 0.080249 
Train Epoch: 70 [2400/3631 (66%)]	Gen Loss: 0.067745 
Train Epoch: 70 [2500/3631 (69%)]	Gen Loss: 0.066659 
Train Epoch: 70 [2600/3631 (72%)]	Gen Loss: 0.065371 
Train Epoch: 70 [2700/3631 (74%)]	Gen Loss: 0.051516 
Train Epoch: 70 [2800/3631 (77%)]	Gen Loss: 0.073883 
Train Epoch: 70 [2900/3631 (80%)]	Gen Loss: 0.052174 
Train Epoch: 70 [3000/3631 (83%)]	Gen Loss: 0.067777 
Train Epoch: 70 [3100/3631 (85%)]	Gen Loss: 0.067685 
Train Epoch: 70 [3200/3631 (88%)]	Gen Loss: 0.059971 
Train Epoch: 70 [3300/3631 (91%)]	Gen Loss: 0.082248 
Train Epoch: 70 [3400/3631 (94%)]	Gen Loss: 0.073216 
Train Epoch: 70 [3500/3631 (96%)]	Gen Loss: 0.062995 
Train Epoch: 70 [3600/3631 (99%)]	Gen Loss: 0.079746 
==========Epoch 71==========
Train Epoch: 71 [0/3631 (0%)]	Gen Loss: 0.076334 
Train Epoch: 71 [100/3631 (3%)]	Gen Loss: 0.074712 
Train Epoch: 71 [200/3631 (6%)]	Gen Loss: 0.058561 
Train Epoch: 71 [300/3631 (8%)]	Gen Loss: 0.068768 
Train Epoch: 71 [400/3631 (11%)]	Gen Loss: 0.071005 
Train Epoch: 71 [500/3631 (14%)]	Gen Loss: 0.066639 
Train Epoch: 71 [600/3631 (17%)]	Gen Loss: 0.065883 
Train Epoch: 71 [700/3631 (19%)]	Gen Loss: 0.071324 
Train Epoch: 71 [800/3631 (22%)]	Gen Loss: 0.065851 
Train Epoch: 71 [900/3631 (25%)]	Gen Loss: 0.060033 
Train Epoch: 71 [1000/3631 (28%)]	Gen Loss: 0.057825 
Train Epoch: 71 [1100/3631 (30%)]	Gen Loss: 0.076481 
Train Epoch: 71 [1200/3631 (33%)]	Gen Loss: 0.065384 
Train Epoch: 71 [1300/3631 (36%)]	Gen Loss: 0.070618 
Train Epoch: 71 [1400/3631 (39%)]	Gen Loss: 0.065718 
Train Epoch: 71 [1500/3631 (41%)]	Gen Loss: 0.062836 
Train Epoch: 71 [1600/3631 (44%)]	Gen Loss: 0.078485 
Train Epoch: 71 [1700/3631 (47%)]	Gen Loss: 0.073976 
Train Epoch: 71 [1800/3631 (50%)]	Gen Loss: 0.066550 
Train Epoch: 71 [1900/3631 (52%)]	Gen Loss: 0.065102 
Train Epoch: 71 [2000/3631 (55%)]	Gen Loss: 0.063373 
Train Epoch: 71 [2100/3631 (58%)]	Gen Loss: 0.077039 
Train Epoch: 71 [2200/3631 (61%)]	Gen Loss: 0.064357 
Train Epoch: 71 [2300/3631 (63%)]	Gen Loss: 0.061018 
Train Epoch: 71 [2400/3631 (66%)]	Gen Loss: 0.058156 
Train Epoch: 71 [2500/3631 (69%)]	Gen Loss: 0.069434 
Train Epoch: 71 [2600/3631 (72%)]	Gen Loss: 0.060164 
Train Epoch: 71 [2700/3631 (74%)]	Gen Loss: 0.065159 
Train Epoch: 71 [2800/3631 (77%)]	Gen Loss: 0.070955 
Train Epoch: 71 [2900/3631 (80%)]	Gen Loss: 0.067057 
Train Epoch: 71 [3000/3631 (83%)]	Gen Loss: 0.075990 
Train Epoch: 71 [3100/3631 (85%)]	Gen Loss: 0.085897 
Train Epoch: 71 [3200/3631 (88%)]	Gen Loss: 0.071415 
Train Epoch: 71 [3300/3631 (91%)]	Gen Loss: 0.077705 
Train Epoch: 71 [3400/3631 (94%)]	Gen Loss: 0.063889 
Train Epoch: 71 [3500/3631 (96%)]	Gen Loss: 0.062189 
Train Epoch: 71 [3600/3631 (99%)]	Gen Loss: 0.074397 
==========Epoch 72==========
Train Epoch: 72 [0/3631 (0%)]	Gen Loss: 0.060126 
Train Epoch: 72 [100/3631 (3%)]	Gen Loss: 0.063444 
Train Epoch: 72 [200/3631 (6%)]	Gen Loss: 0.064378 
Train Epoch: 72 [300/3631 (8%)]	Gen Loss: 0.064739 
Train Epoch: 72 [400/3631 (11%)]	Gen Loss: 0.064370 
Train Epoch: 72 [500/3631 (14%)]	Gen Loss: 0.062841 
Train Epoch: 72 [600/3631 (17%)]	Gen Loss: 0.076875 
Train Epoch: 72 [700/3631 (19%)]	Gen Loss: 0.044528 
Train Epoch: 72 [800/3631 (22%)]	Gen Loss: 0.076244 
Train Epoch: 72 [900/3631 (25%)]	Gen Loss: 0.060745 
Train Epoch: 72 [1000/3631 (28%)]	Gen Loss: 0.060944 
Train Epoch: 72 [1100/3631 (30%)]	Gen Loss: 0.066476 
Train Epoch: 72 [1200/3631 (33%)]	Gen Loss: 0.070922 
Train Epoch: 72 [1300/3631 (36%)]	Gen Loss: 0.074442 
Train Epoch: 72 [1400/3631 (39%)]	Gen Loss: 0.076501 
Train Epoch: 72 [1500/3631 (41%)]	Gen Loss: 0.074055 
Train Epoch: 72 [1600/3631 (44%)]	Gen Loss: 0.064657 
Train Epoch: 72 [1700/3631 (47%)]	Gen Loss: 0.072869 
Train Epoch: 72 [1800/3631 (50%)]	Gen Loss: 0.073191 
Train Epoch: 72 [1900/3631 (52%)]	Gen Loss: 0.075853 
Train Epoch: 72 [2000/3631 (55%)]	Gen Loss: 0.075348 
Train Epoch: 72 [2100/3631 (58%)]	Gen Loss: 0.065678 
Train Epoch: 72 [2200/3631 (61%)]	Gen Loss: 0.057502 
Train Epoch: 72 [2300/3631 (63%)]	Gen Loss: 0.058867 
Train Epoch: 72 [2400/3631 (66%)]	Gen Loss: 0.075281 
Train Epoch: 72 [2500/3631 (69%)]	Gen Loss: 0.060299 
Train Epoch: 72 [2600/3631 (72%)]	Gen Loss: 0.061070 
Train Epoch: 72 [2700/3631 (74%)]	Gen Loss: 0.074038 
Train Epoch: 72 [2800/3631 (77%)]	Gen Loss: 0.065369 
Train Epoch: 72 [2900/3631 (80%)]	Gen Loss: 0.065196 
Train Epoch: 72 [3000/3631 (83%)]	Gen Loss: 0.063464 
Train Epoch: 72 [3100/3631 (85%)]	Gen Loss: 0.071569 
Train Epoch: 72 [3200/3631 (88%)]	Gen Loss: 0.056648 
Train Epoch: 72 [3300/3631 (91%)]	Gen Loss: 0.074914 
Train Epoch: 72 [3400/3631 (94%)]	Gen Loss: 0.070424 
Train Epoch: 72 [3500/3631 (96%)]	Gen Loss: 0.076760 
Train Epoch: 72 [3600/3631 (99%)]	Gen Loss: 0.071254 
==========Epoch 73==========
Train Epoch: 73 [0/3631 (0%)]	Gen Loss: 0.055472 
Train Epoch: 73 [100/3631 (3%)]	Gen Loss: 0.072720 
Train Epoch: 73 [200/3631 (6%)]	Gen Loss: 0.061610 
Train Epoch: 73 [300/3631 (8%)]	Gen Loss: 0.064802 
Train Epoch: 73 [400/3631 (11%)]	Gen Loss: 0.063658 
Train Epoch: 73 [500/3631 (14%)]	Gen Loss: 0.068569 
Train Epoch: 73 [600/3631 (17%)]	Gen Loss: 0.082047 
Train Epoch: 73 [700/3631 (19%)]	Gen Loss: 0.078547 
Train Epoch: 73 [800/3631 (22%)]	Gen Loss: 0.071965 
Train Epoch: 73 [900/3631 (25%)]	Gen Loss: 0.063988 
Train Epoch: 73 [1000/3631 (28%)]	Gen Loss: 0.078691 
Train Epoch: 73 [1100/3631 (30%)]	Gen Loss: 0.066420 
Train Epoch: 73 [1200/3631 (33%)]	Gen Loss: 0.072609 
Train Epoch: 73 [1300/3631 (36%)]	Gen Loss: 0.076800 
Train Epoch: 73 [1400/3631 (39%)]	Gen Loss: 0.065472 
Train Epoch: 73 [1500/3631 (41%)]	Gen Loss: 0.070536 
Train Epoch: 73 [1600/3631 (44%)]	Gen Loss: 0.081666 
Train Epoch: 73 [1700/3631 (47%)]	Gen Loss: 0.071404 
Train Epoch: 73 [1800/3631 (50%)]	Gen Loss: 0.067940 
Train Epoch: 73 [1900/3631 (52%)]	Gen Loss: 0.053907 
Train Epoch: 73 [2000/3631 (55%)]	Gen Loss: 0.065852 
Train Epoch: 73 [2100/3631 (58%)]	Gen Loss: 0.071075 
Train Epoch: 73 [2200/3631 (61%)]	Gen Loss: 0.080590 
Train Epoch: 73 [2300/3631 (63%)]	Gen Loss: 0.062725 
Train Epoch: 73 [2400/3631 (66%)]	Gen Loss: 0.073201 
Train Epoch: 73 [2500/3631 (69%)]	Gen Loss: 0.067541 
Train Epoch: 73 [2600/3631 (72%)]	Gen Loss: 0.059340 
Train Epoch: 73 [2700/3631 (74%)]	Gen Loss: 0.063975 
Train Epoch: 73 [2800/3631 (77%)]	Gen Loss: 0.058763 
Train Epoch: 73 [2900/3631 (80%)]	Gen Loss: 0.075553 
Train Epoch: 73 [3000/3631 (83%)]	Gen Loss: 0.051779 
Train Epoch: 73 [3100/3631 (85%)]	Gen Loss: 0.052419 
Train Epoch: 73 [3200/3631 (88%)]	Gen Loss: 0.065792 
Train Epoch: 73 [3300/3631 (91%)]	Gen Loss: 0.065864 
Train Epoch: 73 [3400/3631 (94%)]	Gen Loss: 0.064924 
Train Epoch: 73 [3500/3631 (96%)]	Gen Loss: 0.064807 
Train Epoch: 73 [3600/3631 (99%)]	Gen Loss: 0.070701 
==========Epoch 74==========
Train Epoch: 74 [0/3631 (0%)]	Gen Loss: 0.065298 
Train Epoch: 74 [100/3631 (3%)]	Gen Loss: 0.073406 
Train Epoch: 74 [200/3631 (6%)]	Gen Loss: 0.063541 
Train Epoch: 74 [300/3631 (8%)]	Gen Loss: 0.080856 
Train Epoch: 74 [400/3631 (11%)]	Gen Loss: 0.067750 
Train Epoch: 74 [500/3631 (14%)]	Gen Loss: 0.066753 
Train Epoch: 74 [600/3631 (17%)]	Gen Loss: 0.061761 
Train Epoch: 74 [700/3631 (19%)]	Gen Loss: 0.056934 
Train Epoch: 74 [800/3631 (22%)]	Gen Loss: 0.063093 
Train Epoch: 74 [900/3631 (25%)]	Gen Loss: 0.065185 
Train Epoch: 74 [1000/3631 (28%)]	Gen Loss: 0.065424 
Train Epoch: 74 [1100/3631 (30%)]	Gen Loss: 0.074620 
Train Epoch: 74 [1200/3631 (33%)]	Gen Loss: 0.070285 
Train Epoch: 74 [1300/3631 (36%)]	Gen Loss: 0.066651 
Train Epoch: 74 [1400/3631 (39%)]	Gen Loss: 0.067911 
Train Epoch: 74 [1500/3631 (41%)]	Gen Loss: 0.071807 
Train Epoch: 74 [1600/3631 (44%)]	Gen Loss: 0.063222 
Train Epoch: 74 [1700/3631 (47%)]	Gen Loss: 0.058876 
Train Epoch: 74 [1800/3631 (50%)]	Gen Loss: 0.065225 
Train Epoch: 74 [1900/3631 (52%)]	Gen Loss: 0.065601 
Train Epoch: 74 [2000/3631 (55%)]	Gen Loss: 0.062101 
Train Epoch: 74 [2100/3631 (58%)]	Gen Loss: 0.061116 
Train Epoch: 74 [2200/3631 (61%)]	Gen Loss: 0.068889 
Train Epoch: 74 [2300/3631 (63%)]	Gen Loss: 0.057586 
Train Epoch: 74 [2400/3631 (66%)]	Gen Loss: 0.075466 
Train Epoch: 74 [2500/3631 (69%)]	Gen Loss: 0.068159 
Train Epoch: 74 [2600/3631 (72%)]	Gen Loss: 0.067951 
Train Epoch: 74 [2700/3631 (74%)]	Gen Loss: 0.055130 
Train Epoch: 74 [2800/3631 (77%)]	Gen Loss: 0.064769 
Train Epoch: 74 [2900/3631 (80%)]	Gen Loss: 0.077093 
Train Epoch: 74 [3000/3631 (83%)]	Gen Loss: 0.069710 
Train Epoch: 74 [3100/3631 (85%)]	Gen Loss: 0.064643 
Train Epoch: 74 [3200/3631 (88%)]	Gen Loss: 0.076089 
Train Epoch: 74 [3300/3631 (91%)]	Gen Loss: 0.066840 
Train Epoch: 74 [3400/3631 (94%)]	Gen Loss: 0.074008 
Train Epoch: 74 [3500/3631 (96%)]	Gen Loss: 0.062254 
Train Epoch: 74 [3600/3631 (99%)]	Gen Loss: 0.061553 
==========Epoch 75==========
Train Epoch: 75 [0/3631 (0%)]	Gen Loss: 0.057370 
Train Epoch: 75 [100/3631 (3%)]	Gen Loss: 0.062063 
Train Epoch: 75 [200/3631 (6%)]	Gen Loss: 0.065188 
Train Epoch: 75 [300/3631 (8%)]	Gen Loss: 0.071690 
Train Epoch: 75 [400/3631 (11%)]	Gen Loss: 0.059768 
Train Epoch: 75 [500/3631 (14%)]	Gen Loss: 0.074225 
Train Epoch: 75 [600/3631 (17%)]	Gen Loss: 0.070216 
Train Epoch: 75 [700/3631 (19%)]	Gen Loss: 0.058678 
Train Epoch: 75 [800/3631 (22%)]	Gen Loss: 0.064183 
Train Epoch: 75 [900/3631 (25%)]	Gen Loss: 0.081192 
Train Epoch: 75 [1000/3631 (28%)]	Gen Loss: 0.067175 
Train Epoch: 75 [1100/3631 (30%)]	Gen Loss: 0.075591 
Train Epoch: 75 [1200/3631 (33%)]	Gen Loss: 0.069847 
Train Epoch: 75 [1300/3631 (36%)]	Gen Loss: 0.067863 
Train Epoch: 75 [1400/3631 (39%)]	Gen Loss: 0.064410 
Train Epoch: 75 [1500/3631 (41%)]	Gen Loss: 0.069171 
Train Epoch: 75 [1600/3631 (44%)]	Gen Loss: 0.060289 
Train Epoch: 75 [1700/3631 (47%)]	Gen Loss: 0.062590 
Train Epoch: 75 [1800/3631 (50%)]	Gen Loss: 0.066078 
Train Epoch: 75 [1900/3631 (52%)]	Gen Loss: 0.060729 
Train Epoch: 75 [2000/3631 (55%)]	Gen Loss: 0.063445 
Train Epoch: 75 [2100/3631 (58%)]	Gen Loss: 0.062734 
Train Epoch: 75 [2200/3631 (61%)]	Gen Loss: 0.062954 
Train Epoch: 75 [2300/3631 (63%)]	Gen Loss: 0.064188 
Train Epoch: 75 [2400/3631 (66%)]	Gen Loss: 0.055991 
Train Epoch: 75 [2500/3631 (69%)]	Gen Loss: 0.072343 
Train Epoch: 75 [2600/3631 (72%)]	Gen Loss: 0.058863 
Train Epoch: 75 [2700/3631 (74%)]	Gen Loss: 0.079533 
Train Epoch: 75 [2800/3631 (77%)]	Gen Loss: 0.065766 
Train Epoch: 75 [2900/3631 (80%)]	Gen Loss: 0.064816 
Train Epoch: 75 [3000/3631 (83%)]	Gen Loss: 0.072564 
Train Epoch: 75 [3100/3631 (85%)]	Gen Loss: 0.075471 
Train Epoch: 75 [3200/3631 (88%)]	Gen Loss: 0.064880 
Train Epoch: 75 [3300/3631 (91%)]	Gen Loss: 0.077028 
Train Epoch: 75 [3400/3631 (94%)]	Gen Loss: 0.063911 
Train Epoch: 75 [3500/3631 (96%)]	Gen Loss: 0.071617 
Train Epoch: 75 [3600/3631 (99%)]	Gen Loss: 0.064849 
==========Epoch 76==========
Train Epoch: 76 [0/3631 (0%)]	Gen Loss: 0.067822 
Train Epoch: 76 [100/3631 (3%)]	Gen Loss: 0.074524 
Train Epoch: 76 [200/3631 (6%)]	Gen Loss: 0.071086 
Train Epoch: 76 [300/3631 (8%)]	Gen Loss: 0.077377 
Train Epoch: 76 [400/3631 (11%)]	Gen Loss: 0.059566 
Train Epoch: 76 [500/3631 (14%)]	Gen Loss: 0.069031 
Train Epoch: 76 [600/3631 (17%)]	Gen Loss: 0.056007 
Train Epoch: 76 [700/3631 (19%)]	Gen Loss: 0.079495 
Train Epoch: 76 [800/3631 (22%)]	Gen Loss: 0.084197 
Train Epoch: 76 [900/3631 (25%)]	Gen Loss: 0.081733 
Train Epoch: 76 [1000/3631 (28%)]	Gen Loss: 0.060273 
Train Epoch: 76 [1100/3631 (30%)]	Gen Loss: 0.062815 
Train Epoch: 76 [1200/3631 (33%)]	Gen Loss: 0.061128 
Train Epoch: 76 [1300/3631 (36%)]	Gen Loss: 0.065234 
Train Epoch: 76 [1400/3631 (39%)]	Gen Loss: 0.063605 
Train Epoch: 76 [1500/3631 (41%)]	Gen Loss: 0.069764 
Train Epoch: 76 [1600/3631 (44%)]	Gen Loss: 0.062972 
Train Epoch: 76 [1700/3631 (47%)]	Gen Loss: 0.057249 
Train Epoch: 76 [1800/3631 (50%)]	Gen Loss: 0.073995 
Train Epoch: 76 [1900/3631 (52%)]	Gen Loss: 0.070867 
Train Epoch: 76 [2000/3631 (55%)]	Gen Loss: 0.067988 
Train Epoch: 76 [2100/3631 (58%)]	Gen Loss: 0.066429 
Train Epoch: 76 [2200/3631 (61%)]	Gen Loss: 0.073559 
Train Epoch: 76 [2300/3631 (63%)]	Gen Loss: 0.054685 
Train Epoch: 76 [2400/3631 (66%)]	Gen Loss: 0.069460 
Train Epoch: 76 [2500/3631 (69%)]	Gen Loss: 0.065945 
Train Epoch: 76 [2600/3631 (72%)]	Gen Loss: 0.066179 
Train Epoch: 76 [2700/3631 (74%)]	Gen Loss: 0.074688 
Train Epoch: 76 [2800/3631 (77%)]	Gen Loss: 0.070994 
Train Epoch: 76 [2900/3631 (80%)]	Gen Loss: 0.059202 
Train Epoch: 76 [3000/3631 (83%)]	Gen Loss: 0.075861 
Train Epoch: 76 [3100/3631 (85%)]	Gen Loss: 0.074196 
Train Epoch: 76 [3200/3631 (88%)]	Gen Loss: 0.062884 
Train Epoch: 76 [3300/3631 (91%)]	Gen Loss: 0.072920 
Train Epoch: 76 [3400/3631 (94%)]	Gen Loss: 0.065318 
Train Epoch: 76 [3500/3631 (96%)]	Gen Loss: 0.072836 
Train Epoch: 76 [3600/3631 (99%)]	Gen Loss: 0.064575 
==========Epoch 77==========
Train Epoch: 77 [0/3631 (0%)]	Gen Loss: 0.066049 
Train Epoch: 77 [100/3631 (3%)]	Gen Loss: 0.075577 
Train Epoch: 77 [200/3631 (6%)]	Gen Loss: 0.067257 
Train Epoch: 77 [300/3631 (8%)]	Gen Loss: 0.075035 
Train Epoch: 77 [400/3631 (11%)]	Gen Loss: 0.065892 
Train Epoch: 77 [500/3631 (14%)]	Gen Loss: 0.073303 
Train Epoch: 77 [600/3631 (17%)]	Gen Loss: 0.062493 
Train Epoch: 77 [700/3631 (19%)]	Gen Loss: 0.083937 
Train Epoch: 77 [800/3631 (22%)]	Gen Loss: 0.078499 
Train Epoch: 77 [900/3631 (25%)]	Gen Loss: 0.063792 
Train Epoch: 77 [1000/3631 (28%)]	Gen Loss: 0.069660 
Train Epoch: 77 [1100/3631 (30%)]	Gen Loss: 0.068112 
Train Epoch: 77 [1200/3631 (33%)]	Gen Loss: 0.067220 
Train Epoch: 77 [1300/3631 (36%)]	Gen Loss: 0.076402 
Train Epoch: 77 [1400/3631 (39%)]	Gen Loss: 0.075717 
Train Epoch: 77 [1500/3631 (41%)]	Gen Loss: 0.062057 
Train Epoch: 77 [1600/3631 (44%)]	Gen Loss: 0.065303 
Train Epoch: 77 [1700/3631 (47%)]	Gen Loss: 0.074453 
Train Epoch: 77 [1800/3631 (50%)]	Gen Loss: 0.081156 
Train Epoch: 77 [1900/3631 (52%)]	Gen Loss: 0.084123 
Train Epoch: 77 [2000/3631 (55%)]	Gen Loss: 0.068509 
Train Epoch: 77 [2100/3631 (58%)]	Gen Loss: 0.063204 
Train Epoch: 77 [2200/3631 (61%)]	Gen Loss: 0.066727 
Train Epoch: 77 [2300/3631 (63%)]	Gen Loss: 0.072696 
Train Epoch: 77 [2400/3631 (66%)]	Gen Loss: 0.066839 
Train Epoch: 77 [2500/3631 (69%)]	Gen Loss: 0.057063 
Train Epoch: 77 [2600/3631 (72%)]	Gen Loss: 0.065945 
Train Epoch: 77 [2700/3631 (74%)]	Gen Loss: 0.068193 
Train Epoch: 77 [2800/3631 (77%)]	Gen Loss: 0.065166 
Train Epoch: 77 [2900/3631 (80%)]	Gen Loss: 0.065294 
Train Epoch: 77 [3000/3631 (83%)]	Gen Loss: 0.066716 
Train Epoch: 77 [3100/3631 (85%)]	Gen Loss: 0.063714 
Train Epoch: 77 [3200/3631 (88%)]	Gen Loss: 0.054762 
Train Epoch: 77 [3300/3631 (91%)]	Gen Loss: 0.068298 
Train Epoch: 77 [3400/3631 (94%)]	Gen Loss: 0.058195 
Train Epoch: 77 [3500/3631 (96%)]	Gen Loss: 0.062682 
Train Epoch: 77 [3600/3631 (99%)]	Gen Loss: 0.070540 
==========Epoch 78==========
Train Epoch: 78 [0/3631 (0%)]	Gen Loss: 0.064424 
Train Epoch: 78 [100/3631 (3%)]	Gen Loss: 0.054628 
Train Epoch: 78 [200/3631 (6%)]	Gen Loss: 0.073620 
Train Epoch: 78 [300/3631 (8%)]	Gen Loss: 0.052864 
Train Epoch: 78 [400/3631 (11%)]	Gen Loss: 0.059999 
Train Epoch: 78 [500/3631 (14%)]	Gen Loss: 0.067823 
Train Epoch: 78 [600/3631 (17%)]	Gen Loss: 0.062119 
Train Epoch: 78 [700/3631 (19%)]	Gen Loss: 0.062891 
Train Epoch: 78 [800/3631 (22%)]	Gen Loss: 0.072948 
Train Epoch: 78 [900/3631 (25%)]	Gen Loss: 0.060177 
Train Epoch: 78 [1000/3631 (28%)]	Gen Loss: 0.068351 
Train Epoch: 78 [1100/3631 (30%)]	Gen Loss: 0.069594 
Train Epoch: 78 [1200/3631 (33%)]	Gen Loss: 0.072568 
Train Epoch: 78 [1300/3631 (36%)]	Gen Loss: 0.084628 
Train Epoch: 78 [1400/3631 (39%)]	Gen Loss: 0.067827 
Train Epoch: 78 [1500/3631 (41%)]	Gen Loss: 0.072102 
Train Epoch: 78 [1600/3631 (44%)]	Gen Loss: 0.064172 
Train Epoch: 78 [1700/3631 (47%)]	Gen Loss: 0.057328 
Train Epoch: 78 [1800/3631 (50%)]	Gen Loss: 0.057878 
Train Epoch: 78 [1900/3631 (52%)]	Gen Loss: 0.055901 
Train Epoch: 78 [2000/3631 (55%)]	Gen Loss: 0.076248 
Train Epoch: 78 [2100/3631 (58%)]	Gen Loss: 0.065401 
Train Epoch: 78 [2200/3631 (61%)]	Gen Loss: 0.070182 
Train Epoch: 78 [2300/3631 (63%)]	Gen Loss: 0.076169 
Train Epoch: 78 [2400/3631 (66%)]	Gen Loss: 0.069977 
Train Epoch: 78 [2500/3631 (69%)]	Gen Loss: 0.066395 
Train Epoch: 78 [2600/3631 (72%)]	Gen Loss: 0.067895 
Train Epoch: 78 [2700/3631 (74%)]	Gen Loss: 0.059055 
Train Epoch: 78 [2800/3631 (77%)]	Gen Loss: 0.062334 
Train Epoch: 78 [2900/3631 (80%)]	Gen Loss: 0.065272 
Train Epoch: 78 [3000/3631 (83%)]	Gen Loss: 0.072042 
Train Epoch: 78 [3100/3631 (85%)]	Gen Loss: 0.065119 
Train Epoch: 78 [3200/3631 (88%)]	Gen Loss: 0.068949 
Train Epoch: 78 [3300/3631 (91%)]	Gen Loss: 0.062064 
Train Epoch: 78 [3400/3631 (94%)]	Gen Loss: 0.074266 
Train Epoch: 78 [3500/3631 (96%)]	Gen Loss: 0.067918 
Train Epoch: 78 [3600/3631 (99%)]	Gen Loss: 0.065838 
==========Epoch 79==========
Train Epoch: 79 [0/3631 (0%)]	Gen Loss: 0.066523 
Train Epoch: 79 [100/3631 (3%)]	Gen Loss: 0.071834 
Train Epoch: 79 [200/3631 (6%)]	Gen Loss: 0.068876 
Train Epoch: 79 [300/3631 (8%)]	Gen Loss: 0.076867 
Train Epoch: 79 [400/3631 (11%)]	Gen Loss: 0.073746 
Train Epoch: 79 [500/3631 (14%)]	Gen Loss: 0.069889 
Train Epoch: 79 [600/3631 (17%)]	Gen Loss: 0.064398 
Train Epoch: 79 [700/3631 (19%)]	Gen Loss: 0.078558 
Train Epoch: 79 [800/3631 (22%)]	Gen Loss: 0.070793 
Train Epoch: 79 [900/3631 (25%)]	Gen Loss: 0.062047 
Train Epoch: 79 [1000/3631 (28%)]	Gen Loss: 0.071674 
Train Epoch: 79 [1100/3631 (30%)]	Gen Loss: 0.065425 
Train Epoch: 79 [1200/3631 (33%)]	Gen Loss: 0.057159 
Train Epoch: 79 [1300/3631 (36%)]	Gen Loss: 0.062083 
Train Epoch: 79 [1400/3631 (39%)]	Gen Loss: 0.067018 
Train Epoch: 79 [1500/3631 (41%)]	Gen Loss: 0.061835 
Train Epoch: 79 [1600/3631 (44%)]	Gen Loss: 0.071823 
Train Epoch: 79 [1700/3631 (47%)]	Gen Loss: 0.064757 
Train Epoch: 79 [1800/3631 (50%)]	Gen Loss: 0.061097 
Train Epoch: 79 [1900/3631 (52%)]	Gen Loss: 0.068524 
Train Epoch: 79 [2000/3631 (55%)]	Gen Loss: 0.058218 
Train Epoch: 79 [2100/3631 (58%)]	Gen Loss: 0.060403 
Train Epoch: 79 [2200/3631 (61%)]	Gen Loss: 0.070225 
Train Epoch: 79 [2300/3631 (63%)]	Gen Loss: 0.075498 
Train Epoch: 79 [2400/3631 (66%)]	Gen Loss: 0.064353 
Train Epoch: 79 [2500/3631 (69%)]	Gen Loss: 0.056609 
Train Epoch: 79 [2600/3631 (72%)]	Gen Loss: 0.073965 
Train Epoch: 79 [2700/3631 (74%)]	Gen Loss: 0.065470 
Train Epoch: 79 [2800/3631 (77%)]	Gen Loss: 0.077990 
Train Epoch: 79 [2900/3631 (80%)]	Gen Loss: 0.073852 
Train Epoch: 79 [3000/3631 (83%)]	Gen Loss: 0.066129 
Train Epoch: 79 [3100/3631 (85%)]	Gen Loss: 0.062006 
Train Epoch: 79 [3200/3631 (88%)]	Gen Loss: 0.074648 
Train Epoch: 79 [3300/3631 (91%)]	Gen Loss: 0.062605 
Train Epoch: 79 [3400/3631 (94%)]	Gen Loss: 0.067237 
Train Epoch: 79 [3500/3631 (96%)]	Gen Loss: 0.056925 
Train Epoch: 79 [3600/3631 (99%)]	Gen Loss: 0.061901 
==========Epoch 80==========
Train Epoch: 80 [0/3631 (0%)]	Gen Loss: 0.060011 
Train Epoch: 80 [100/3631 (3%)]	Gen Loss: 0.059569 
Train Epoch: 80 [200/3631 (6%)]	Gen Loss: 0.063126 
Train Epoch: 80 [300/3631 (8%)]	Gen Loss: 0.070356 
Train Epoch: 80 [400/3631 (11%)]	Gen Loss: 0.070803 
Train Epoch: 80 [500/3631 (14%)]	Gen Loss: 0.059702 
Train Epoch: 80 [600/3631 (17%)]	Gen Loss: 0.060689 
Train Epoch: 80 [700/3631 (19%)]	Gen Loss: 0.068082 
Train Epoch: 80 [800/3631 (22%)]	Gen Loss: 0.068003 
Train Epoch: 80 [900/3631 (25%)]	Gen Loss: 0.068488 
Train Epoch: 80 [1000/3631 (28%)]	Gen Loss: 0.072582 
Train Epoch: 80 [1100/3631 (30%)]	Gen Loss: 0.064466 
Train Epoch: 80 [1200/3631 (33%)]	Gen Loss: 0.063375 
Train Epoch: 80 [1300/3631 (36%)]	Gen Loss: 0.051672 
Train Epoch: 80 [1400/3631 (39%)]	Gen Loss: 0.067720 
Train Epoch: 80 [1500/3631 (41%)]	Gen Loss: 0.074728 
Train Epoch: 80 [1600/3631 (44%)]	Gen Loss: 0.049653 
Train Epoch: 80 [1700/3631 (47%)]	Gen Loss: 0.072941 
Train Epoch: 80 [1800/3631 (50%)]	Gen Loss: 0.069304 
Train Epoch: 80 [1900/3631 (52%)]	Gen Loss: 0.067490 
Train Epoch: 80 [2000/3631 (55%)]	Gen Loss: 0.060032 
Train Epoch: 80 [2100/3631 (58%)]	Gen Loss: 0.074850 
Train Epoch: 80 [2200/3631 (61%)]	Gen Loss: 0.059043 
Train Epoch: 80 [2300/3631 (63%)]	Gen Loss: 0.075614 
Train Epoch: 80 [2400/3631 (66%)]	Gen Loss: 0.069853 
Train Epoch: 80 [2500/3631 (69%)]	Gen Loss: 0.076087 
Train Epoch: 80 [2600/3631 (72%)]	Gen Loss: 0.065065 
Train Epoch: 80 [2700/3631 (74%)]	Gen Loss: 0.070853 
Train Epoch: 80 [2800/3631 (77%)]	Gen Loss: 0.062915 
Train Epoch: 80 [2900/3631 (80%)]	Gen Loss: 0.069790 
Train Epoch: 80 [3000/3631 (83%)]	Gen Loss: 0.072516 
Train Epoch: 80 [3100/3631 (85%)]	Gen Loss: 0.064080 
Train Epoch: 80 [3200/3631 (88%)]	Gen Loss: 0.070871 
Train Epoch: 80 [3300/3631 (91%)]	Gen Loss: 0.068130 
Train Epoch: 80 [3400/3631 (94%)]	Gen Loss: 0.077130 
Train Epoch: 80 [3500/3631 (96%)]	Gen Loss: 0.063191 
Train Epoch: 80 [3600/3631 (99%)]	Gen Loss: 0.058666 
==========Epoch 81==========
Train Epoch: 81 [0/3631 (0%)]	Gen Loss: 0.065003 
Train Epoch: 81 [100/3631 (3%)]	Gen Loss: 0.055234 
Train Epoch: 81 [200/3631 (6%)]	Gen Loss: 0.071349 
Train Epoch: 81 [300/3631 (8%)]	Gen Loss: 0.067809 
Train Epoch: 81 [400/3631 (11%)]	Gen Loss: 0.077333 
Train Epoch: 81 [500/3631 (14%)]	Gen Loss: 0.065226 
Train Epoch: 81 [600/3631 (17%)]	Gen Loss: 0.068953 
Train Epoch: 81 [700/3631 (19%)]	Gen Loss: 0.065181 
Train Epoch: 81 [800/3631 (22%)]	Gen Loss: 0.068462 
Train Epoch: 81 [900/3631 (25%)]	Gen Loss: 0.072630 
Train Epoch: 81 [1000/3631 (28%)]	Gen Loss: 0.074521 
Train Epoch: 81 [1100/3631 (30%)]	Gen Loss: 0.064815 
Train Epoch: 81 [1200/3631 (33%)]	Gen Loss: 0.062363 
Train Epoch: 81 [1300/3631 (36%)]	Gen Loss: 0.070616 
Train Epoch: 81 [1400/3631 (39%)]	Gen Loss: 0.064896 
Train Epoch: 81 [1500/3631 (41%)]	Gen Loss: 0.063892 
Train Epoch: 81 [1600/3631 (44%)]	Gen Loss: 0.060856 
Train Epoch: 81 [1700/3631 (47%)]	Gen Loss: 0.066558 
Train Epoch: 81 [1800/3631 (50%)]	Gen Loss: 0.059963 
Train Epoch: 81 [1900/3631 (52%)]	Gen Loss: 0.061876 
Train Epoch: 81 [2000/3631 (55%)]	Gen Loss: 0.053085 
Train Epoch: 81 [2100/3631 (58%)]	Gen Loss: 0.074885 
Train Epoch: 81 [2200/3631 (61%)]	Gen Loss: 0.067303 
Train Epoch: 81 [2300/3631 (63%)]	Gen Loss: 0.063311 
Train Epoch: 81 [2400/3631 (66%)]	Gen Loss: 0.072351 
Train Epoch: 81 [2500/3631 (69%)]	Gen Loss: 0.061849 
Train Epoch: 81 [2600/3631 (72%)]	Gen Loss: 0.067579 
Train Epoch: 81 [2700/3631 (74%)]	Gen Loss: 0.064686 
Train Epoch: 81 [2800/3631 (77%)]	Gen Loss: 0.069506 
Train Epoch: 81 [2900/3631 (80%)]	Gen Loss: 0.071202 
Train Epoch: 81 [3000/3631 (83%)]	Gen Loss: 0.066454 
Train Epoch: 81 [3100/3631 (85%)]	Gen Loss: 0.071390 
Train Epoch: 81 [3200/3631 (88%)]	Gen Loss: 0.064673 
Train Epoch: 81 [3300/3631 (91%)]	Gen Loss: 0.064331 
Train Epoch: 81 [3400/3631 (94%)]	Gen Loss: 0.064475 
Train Epoch: 81 [3500/3631 (96%)]	Gen Loss: 0.072949 
Train Epoch: 81 [3600/3631 (99%)]	Gen Loss: 0.064038 
==========Epoch 82==========
Train Epoch: 82 [0/3631 (0%)]	Gen Loss: 0.080009 
Train Epoch: 82 [100/3631 (3%)]	Gen Loss: 0.076265 
Train Epoch: 82 [200/3631 (6%)]	Gen Loss: 0.063841 
Train Epoch: 82 [300/3631 (8%)]	Gen Loss: 0.057933 
Train Epoch: 82 [400/3631 (11%)]	Gen Loss: 0.076368 
Train Epoch: 82 [500/3631 (14%)]	Gen Loss: 0.069712 
Train Epoch: 82 [600/3631 (17%)]	Gen Loss: 0.063182 
Train Epoch: 82 [700/3631 (19%)]	Gen Loss: 0.074079 
Train Epoch: 82 [800/3631 (22%)]	Gen Loss: 0.060033 
Train Epoch: 82 [900/3631 (25%)]	Gen Loss: 0.070092 
Train Epoch: 82 [1000/3631 (28%)]	Gen Loss: 0.059538 
Train Epoch: 82 [1100/3631 (30%)]	Gen Loss: 0.071101 
Train Epoch: 82 [1200/3631 (33%)]	Gen Loss: 0.065318 
Train Epoch: 82 [1300/3631 (36%)]	Gen Loss: 0.070963 
Train Epoch: 82 [1400/3631 (39%)]	Gen Loss: 0.075203 
Train Epoch: 82 [1500/3631 (41%)]	Gen Loss: 0.057302 
Train Epoch: 82 [1600/3631 (44%)]	Gen Loss: 0.065266 
Train Epoch: 82 [1700/3631 (47%)]	Gen Loss: 0.064127 
Train Epoch: 82 [1800/3631 (50%)]	Gen Loss: 0.068579 
Train Epoch: 82 [1900/3631 (52%)]	Gen Loss: 0.069218 
Train Epoch: 82 [2000/3631 (55%)]	Gen Loss: 0.064509 
Train Epoch: 82 [2100/3631 (58%)]	Gen Loss: 0.074787 
Train Epoch: 82 [2200/3631 (61%)]	Gen Loss: 0.064333 
Train Epoch: 82 [2300/3631 (63%)]	Gen Loss: 0.077267 
Train Epoch: 82 [2400/3631 (66%)]	Gen Loss: 0.058925 
Train Epoch: 82 [2500/3631 (69%)]	Gen Loss: 0.083850 
Train Epoch: 82 [2600/3631 (72%)]	Gen Loss: 0.076112 
Train Epoch: 82 [2700/3631 (74%)]	Gen Loss: 0.054551 
Train Epoch: 82 [2800/3631 (77%)]	Gen Loss: 0.071383 
Train Epoch: 82 [2900/3631 (80%)]	Gen Loss: 0.078794 
Train Epoch: 82 [3000/3631 (83%)]	Gen Loss: 0.062124 
Train Epoch: 82 [3100/3631 (85%)]	Gen Loss: 0.069193 
Train Epoch: 82 [3200/3631 (88%)]	Gen Loss: 0.081353 
Train Epoch: 82 [3300/3631 (91%)]	Gen Loss: 0.066454 
Train Epoch: 82 [3400/3631 (94%)]	Gen Loss: 0.067340 
Train Epoch: 82 [3500/3631 (96%)]	Gen Loss: 0.078865 
Train Epoch: 82 [3600/3631 (99%)]	Gen Loss: 0.069801 
==========Epoch 83==========
Train Epoch: 83 [0/3631 (0%)]	Gen Loss: 0.068730 
Train Epoch: 83 [100/3631 (3%)]	Gen Loss: 0.068796 
Train Epoch: 83 [200/3631 (6%)]	Gen Loss: 0.066428 
Train Epoch: 83 [300/3631 (8%)]	Gen Loss: 0.073454 
Train Epoch: 83 [400/3631 (11%)]	Gen Loss: 0.056437 
Train Epoch: 83 [500/3631 (14%)]	Gen Loss: 0.068394 
Train Epoch: 83 [600/3631 (17%)]	Gen Loss: 0.061559 
Train Epoch: 83 [700/3631 (19%)]	Gen Loss: 0.067127 
Train Epoch: 83 [800/3631 (22%)]	Gen Loss: 0.076585 
Train Epoch: 83 [900/3631 (25%)]	Gen Loss: 0.071511 
Train Epoch: 83 [1000/3631 (28%)]	Gen Loss: 0.063007 
Train Epoch: 83 [1100/3631 (30%)]	Gen Loss: 0.066426 
Train Epoch: 83 [1200/3631 (33%)]	Gen Loss: 0.073166 
Train Epoch: 83 [1300/3631 (36%)]	Gen Loss: 0.067062 
Train Epoch: 83 [1400/3631 (39%)]	Gen Loss: 0.065540 
Train Epoch: 83 [1500/3631 (41%)]	Gen Loss: 0.069116 
Train Epoch: 83 [1600/3631 (44%)]	Gen Loss: 0.064309 
Train Epoch: 83 [1700/3631 (47%)]	Gen Loss: 0.065735 
Train Epoch: 83 [1800/3631 (50%)]	Gen Loss: 0.069155 
Train Epoch: 83 [1900/3631 (52%)]	Gen Loss: 0.074226 
Train Epoch: 83 [2000/3631 (55%)]	Gen Loss: 0.070472 
Train Epoch: 83 [2100/3631 (58%)]	Gen Loss: 0.065452 
Train Epoch: 83 [2200/3631 (61%)]	Gen Loss: 0.068339 
Train Epoch: 83 [2300/3631 (63%)]	Gen Loss: 0.063892 
Train Epoch: 83 [2400/3631 (66%)]	Gen Loss: 0.076710 
Train Epoch: 83 [2500/3631 (69%)]	Gen Loss: 0.066345 
Train Epoch: 83 [2600/3631 (72%)]	Gen Loss: 0.061577 
Train Epoch: 83 [2700/3631 (74%)]	Gen Loss: 0.065639 
Train Epoch: 83 [2800/3631 (77%)]	Gen Loss: 0.062576 
Train Epoch: 83 [2900/3631 (80%)]	Gen Loss: 0.068837 
Train Epoch: 83 [3000/3631 (83%)]	Gen Loss: 0.061697 
Train Epoch: 83 [3100/3631 (85%)]	Gen Loss: 0.076883 
Train Epoch: 83 [3200/3631 (88%)]	Gen Loss: 0.057320 
Train Epoch: 83 [3300/3631 (91%)]	Gen Loss: 0.062477 
Train Epoch: 83 [3400/3631 (94%)]	Gen Loss: 0.070322 
Train Epoch: 83 [3500/3631 (96%)]	Gen Loss: 0.061104 
Train Epoch: 83 [3600/3631 (99%)]	Gen Loss: 0.063296 
==========Epoch 84==========
Train Epoch: 84 [0/3631 (0%)]	Gen Loss: 0.073900 
Train Epoch: 84 [100/3631 (3%)]	Gen Loss: 0.068380 
Train Epoch: 84 [200/3631 (6%)]	Gen Loss: 0.059899 
Train Epoch: 84 [300/3631 (8%)]	Gen Loss: 0.070302 
Train Epoch: 84 [400/3631 (11%)]	Gen Loss: 0.077762 
Train Epoch: 84 [500/3631 (14%)]	Gen Loss: 0.059190 
Train Epoch: 84 [600/3631 (17%)]	Gen Loss: 0.080622 
Train Epoch: 84 [700/3631 (19%)]	Gen Loss: 0.074647 
Train Epoch: 84 [800/3631 (22%)]	Gen Loss: 0.060725 
Train Epoch: 84 [900/3631 (25%)]	Gen Loss: 0.076524 
Train Epoch: 84 [1000/3631 (28%)]	Gen Loss: 0.068842 
Train Epoch: 84 [1100/3631 (30%)]	Gen Loss: 0.068966 
Train Epoch: 84 [1200/3631 (33%)]	Gen Loss: 0.069020 
Train Epoch: 84 [1300/3631 (36%)]	Gen Loss: 0.067602 
Train Epoch: 84 [1400/3631 (39%)]	Gen Loss: 0.073272 
Train Epoch: 84 [1500/3631 (41%)]	Gen Loss: 0.079615 
Train Epoch: 84 [1600/3631 (44%)]	Gen Loss: 0.072432 
Train Epoch: 84 [1700/3631 (47%)]	Gen Loss: 0.060674 
Train Epoch: 84 [1800/3631 (50%)]	Gen Loss: 0.064233 
Train Epoch: 84 [1900/3631 (52%)]	Gen Loss: 0.062511 
Train Epoch: 84 [2000/3631 (55%)]	Gen Loss: 0.060896 
Train Epoch: 84 [2100/3631 (58%)]	Gen Loss: 0.065573 
Train Epoch: 84 [2200/3631 (61%)]	Gen Loss: 0.061099 
Train Epoch: 84 [2300/3631 (63%)]	Gen Loss: 0.062589 
Train Epoch: 84 [2400/3631 (66%)]	Gen Loss: 0.058882 
Train Epoch: 84 [2500/3631 (69%)]	Gen Loss: 0.057648 
Train Epoch: 84 [2600/3631 (72%)]	Gen Loss: 0.066233 
Train Epoch: 84 [2700/3631 (74%)]	Gen Loss: 0.066847 
Train Epoch: 84 [2800/3631 (77%)]	Gen Loss: 0.079698 
Train Epoch: 84 [2900/3631 (80%)]	Gen Loss: 0.070699 
Train Epoch: 84 [3000/3631 (83%)]	Gen Loss: 0.061546 
Train Epoch: 84 [3100/3631 (85%)]	Gen Loss: 0.075551 
Train Epoch: 84 [3200/3631 (88%)]	Gen Loss: 0.064564 
Train Epoch: 84 [3300/3631 (91%)]	Gen Loss: 0.083974 
Train Epoch: 84 [3400/3631 (94%)]	Gen Loss: 0.066876 
Train Epoch: 84 [3500/3631 (96%)]	Gen Loss: 0.069367 
Train Epoch: 84 [3600/3631 (99%)]	Gen Loss: 0.064308 
==========Epoch 85==========
Train Epoch: 85 [0/3631 (0%)]	Gen Loss: 0.069379 
Train Epoch: 85 [100/3631 (3%)]	Gen Loss: 0.063019 
Train Epoch: 85 [200/3631 (6%)]	Gen Loss: 0.053737 
Train Epoch: 85 [300/3631 (8%)]	Gen Loss: 0.062002 
Train Epoch: 85 [400/3631 (11%)]	Gen Loss: 0.067686 
Train Epoch: 85 [500/3631 (14%)]	Gen Loss: 0.066166 
Train Epoch: 85 [600/3631 (17%)]	Gen Loss: 0.067535 
Train Epoch: 85 [700/3631 (19%)]	Gen Loss: 0.071384 
Train Epoch: 85 [800/3631 (22%)]	Gen Loss: 0.057016 
Train Epoch: 85 [900/3631 (25%)]	Gen Loss: 0.064889 
Train Epoch: 85 [1000/3631 (28%)]	Gen Loss: 0.070735 
Train Epoch: 85 [1100/3631 (30%)]	Gen Loss: 0.061620 
Train Epoch: 85 [1200/3631 (33%)]	Gen Loss: 0.062031 
Train Epoch: 85 [1300/3631 (36%)]	Gen Loss: 0.058454 
Train Epoch: 85 [1400/3631 (39%)]	Gen Loss: 0.066688 
Train Epoch: 85 [1500/3631 (41%)]	Gen Loss: 0.090070 
Train Epoch: 85 [1600/3631 (44%)]	Gen Loss: 0.068344 
Train Epoch: 85 [1700/3631 (47%)]	Gen Loss: 0.076350 
Train Epoch: 85 [1800/3631 (50%)]	Gen Loss: 0.073883 
Train Epoch: 85 [1900/3631 (52%)]	Gen Loss: 0.054067 
Train Epoch: 85 [2000/3631 (55%)]	Gen Loss: 0.064873 
Train Epoch: 85 [2100/3631 (58%)]	Gen Loss: 0.078697 
Train Epoch: 85 [2200/3631 (61%)]	Gen Loss: 0.060534 
Train Epoch: 85 [2300/3631 (63%)]	Gen Loss: 0.066961 
Train Epoch: 85 [2400/3631 (66%)]	Gen Loss: 0.067596 
Train Epoch: 85 [2500/3631 (69%)]	Gen Loss: 0.087075 
Train Epoch: 85 [2600/3631 (72%)]	Gen Loss: 0.068321 
Train Epoch: 85 [2700/3631 (74%)]	Gen Loss: 0.059139 
Train Epoch: 85 [2800/3631 (77%)]	Gen Loss: 0.065171 
Train Epoch: 85 [2900/3631 (80%)]	Gen Loss: 0.061165 
Train Epoch: 85 [3000/3631 (83%)]	Gen Loss: 0.056621 
Train Epoch: 85 [3100/3631 (85%)]	Gen Loss: 0.072833 
Train Epoch: 85 [3200/3631 (88%)]	Gen Loss: 0.061799 
Train Epoch: 85 [3300/3631 (91%)]	Gen Loss: 0.072640 
Train Epoch: 85 [3400/3631 (94%)]	Gen Loss: 0.075378 
Train Epoch: 85 [3500/3631 (96%)]	Gen Loss: 0.077345 
Train Epoch: 85 [3600/3631 (99%)]	Gen Loss: 0.066215 
==========Epoch 86==========
Train Epoch: 86 [0/3631 (0%)]	Gen Loss: 0.075862 
Train Epoch: 86 [100/3631 (3%)]	Gen Loss: 0.054914 
Train Epoch: 86 [200/3631 (6%)]	Gen Loss: 0.060555 
Train Epoch: 86 [300/3631 (8%)]	Gen Loss: 0.066025 
Train Epoch: 86 [400/3631 (11%)]	Gen Loss: 0.062826 
Train Epoch: 86 [500/3631 (14%)]	Gen Loss: 0.067331 
Train Epoch: 86 [600/3631 (17%)]	Gen Loss: 0.077487 
Train Epoch: 86 [700/3631 (19%)]	Gen Loss: 0.068323 
Train Epoch: 86 [800/3631 (22%)]	Gen Loss: 0.066081 
Train Epoch: 86 [900/3631 (25%)]	Gen Loss: 0.074967 
Train Epoch: 86 [1000/3631 (28%)]	Gen Loss: 0.067213 
Train Epoch: 86 [1100/3631 (30%)]	Gen Loss: 0.055768 
Train Epoch: 86 [1200/3631 (33%)]	Gen Loss: 0.069340 
Train Epoch: 86 [1300/3631 (36%)]	Gen Loss: 0.064557 
Train Epoch: 86 [1400/3631 (39%)]	Gen Loss: 0.072992 
Train Epoch: 86 [1500/3631 (41%)]	Gen Loss: 0.059044 
Train Epoch: 86 [1600/3631 (44%)]	Gen Loss: 0.054529 
Train Epoch: 86 [1700/3631 (47%)]	Gen Loss: 0.056371 
Train Epoch: 86 [1800/3631 (50%)]	Gen Loss: 0.066793 
Train Epoch: 86 [1900/3631 (52%)]	Gen Loss: 0.074512 
Train Epoch: 86 [2000/3631 (55%)]	Gen Loss: 0.065285 
Train Epoch: 86 [2100/3631 (58%)]	Gen Loss: 0.068941 
Train Epoch: 86 [2200/3631 (61%)]	Gen Loss: 0.062282 
Train Epoch: 86 [2300/3631 (63%)]	Gen Loss: 0.072106 
Train Epoch: 86 [2400/3631 (66%)]	Gen Loss: 0.066828 
Train Epoch: 86 [2500/3631 (69%)]	Gen Loss: 0.061293 
Train Epoch: 86 [2600/3631 (72%)]	Gen Loss: 0.073314 
Train Epoch: 86 [2700/3631 (74%)]	Gen Loss: 0.078584 
Train Epoch: 86 [2800/3631 (77%)]	Gen Loss: 0.081361 
Train Epoch: 86 [2900/3631 (80%)]	Gen Loss: 0.066089 
Train Epoch: 86 [3000/3631 (83%)]	Gen Loss: 0.064792 
Train Epoch: 86 [3100/3631 (85%)]	Gen Loss: 0.062635 
Train Epoch: 86 [3200/3631 (88%)]	Gen Loss: 0.065485 
Train Epoch: 86 [3300/3631 (91%)]	Gen Loss: 0.064940 
Train Epoch: 86 [3400/3631 (94%)]	Gen Loss: 0.058016 
Train Epoch: 86 [3500/3631 (96%)]	Gen Loss: 0.061850 
Train Epoch: 86 [3600/3631 (99%)]	Gen Loss: 0.068443 
==========Epoch 87==========
Train Epoch: 87 [0/3631 (0%)]	Gen Loss: 0.074231 
Train Epoch: 87 [100/3631 (3%)]	Gen Loss: 0.082811 
Train Epoch: 87 [200/3631 (6%)]	Gen Loss: 0.063501 
Train Epoch: 87 [300/3631 (8%)]	Gen Loss: 0.057120 
Train Epoch: 87 [400/3631 (11%)]	Gen Loss: 0.061940 
Train Epoch: 87 [500/3631 (14%)]	Gen Loss: 0.067676 
Train Epoch: 87 [600/3631 (17%)]	Gen Loss: 0.074956 
Train Epoch: 87 [700/3631 (19%)]	Gen Loss: 0.081305 
Train Epoch: 87 [800/3631 (22%)]	Gen Loss: 0.057633 
Train Epoch: 87 [900/3631 (25%)]	Gen Loss: 0.073420 
Train Epoch: 87 [1000/3631 (28%)]	Gen Loss: 0.052123 
Train Epoch: 87 [1100/3631 (30%)]	Gen Loss: 0.068708 
Train Epoch: 87 [1200/3631 (33%)]	Gen Loss: 0.063397 
Train Epoch: 87 [1300/3631 (36%)]	Gen Loss: 0.056945 
Train Epoch: 87 [1400/3631 (39%)]	Gen Loss: 0.056417 
Train Epoch: 87 [1500/3631 (41%)]	Gen Loss: 0.069997 
Train Epoch: 87 [1600/3631 (44%)]	Gen Loss: 0.069620 
Train Epoch: 87 [1700/3631 (47%)]	Gen Loss: 0.076054 
Train Epoch: 87 [1800/3631 (50%)]	Gen Loss: 0.068364 
Train Epoch: 87 [1900/3631 (52%)]	Gen Loss: 0.067622 
Train Epoch: 87 [2000/3631 (55%)]	Gen Loss: 0.064653 
Train Epoch: 87 [2100/3631 (58%)]	Gen Loss: 0.066800 
Train Epoch: 87 [2200/3631 (61%)]	Gen Loss: 0.074296 
Train Epoch: 87 [2300/3631 (63%)]	Gen Loss: 0.061903 
Train Epoch: 87 [2400/3631 (66%)]	Gen Loss: 0.055147 
Train Epoch: 87 [2500/3631 (69%)]	Gen Loss: 0.060518 
Train Epoch: 87 [2600/3631 (72%)]	Gen Loss: 0.073681 
Train Epoch: 87 [2700/3631 (74%)]	Gen Loss: 0.053801 
Train Epoch: 87 [2800/3631 (77%)]	Gen Loss: 0.067220 
Train Epoch: 87 [2900/3631 (80%)]	Gen Loss: 0.072754 
Train Epoch: 87 [3000/3631 (83%)]	Gen Loss: 0.065850 
Train Epoch: 87 [3100/3631 (85%)]	Gen Loss: 0.070065 
Train Epoch: 87 [3200/3631 (88%)]	Gen Loss: 0.056988 
Train Epoch: 87 [3300/3631 (91%)]	Gen Loss: 0.079730 
Train Epoch: 87 [3400/3631 (94%)]	Gen Loss: 0.067817 
Train Epoch: 87 [3500/3631 (96%)]	Gen Loss: 0.063381 
Train Epoch: 87 [3600/3631 (99%)]	Gen Loss: 0.063713 
==========Epoch 88==========
Train Epoch: 88 [0/3631 (0%)]	Gen Loss: 0.061402 
Train Epoch: 88 [100/3631 (3%)]	Gen Loss: 0.062756 
Train Epoch: 88 [200/3631 (6%)]	Gen Loss: 0.079780 
Train Epoch: 88 [300/3631 (8%)]	Gen Loss: 0.062714 
Train Epoch: 88 [400/3631 (11%)]	Gen Loss: 0.070930 
Train Epoch: 88 [500/3631 (14%)]	Gen Loss: 0.067316 
Train Epoch: 88 [600/3631 (17%)]	Gen Loss: 0.065059 
Train Epoch: 88 [700/3631 (19%)]	Gen Loss: 0.072400 
Train Epoch: 88 [800/3631 (22%)]	Gen Loss: 0.067562 
Train Epoch: 88 [900/3631 (25%)]	Gen Loss: 0.074757 
Train Epoch: 88 [1000/3631 (28%)]	Gen Loss: 0.072812 
Train Epoch: 88 [1100/3631 (30%)]	Gen Loss: 0.069197 
Train Epoch: 88 [1200/3631 (33%)]	Gen Loss: 0.059326 
Train Epoch: 88 [1300/3631 (36%)]	Gen Loss: 0.073546 
Train Epoch: 88 [1400/3631 (39%)]	Gen Loss: 0.058978 
Train Epoch: 88 [1500/3631 (41%)]	Gen Loss: 0.066623 
Train Epoch: 88 [1600/3631 (44%)]	Gen Loss: 0.067863 
Train Epoch: 88 [1700/3631 (47%)]	Gen Loss: 0.071303 
Train Epoch: 88 [1800/3631 (50%)]	Gen Loss: 0.058958 
Train Epoch: 88 [1900/3631 (52%)]	Gen Loss: 0.077196 
Train Epoch: 88 [2000/3631 (55%)]	Gen Loss: 0.086556 
Train Epoch: 88 [2100/3631 (58%)]	Gen Loss: 0.069609 
Train Epoch: 88 [2200/3631 (61%)]	Gen Loss: 0.074017 
Train Epoch: 88 [2300/3631 (63%)]	Gen Loss: 0.065369 
Train Epoch: 88 [2400/3631 (66%)]	Gen Loss: 0.070240 
Train Epoch: 88 [2500/3631 (69%)]	Gen Loss: 0.062014 
Train Epoch: 88 [2600/3631 (72%)]	Gen Loss: 0.066996 
Train Epoch: 88 [2700/3631 (74%)]	Gen Loss: 0.077610 
Train Epoch: 88 [2800/3631 (77%)]	Gen Loss: 0.069461 
Train Epoch: 88 [2900/3631 (80%)]	Gen Loss: 0.064257 
Train Epoch: 88 [3000/3631 (83%)]	Gen Loss: 0.066294 
Train Epoch: 88 [3100/3631 (85%)]	Gen Loss: 0.074160 
Train Epoch: 88 [3200/3631 (88%)]	Gen Loss: 0.062861 
Train Epoch: 88 [3300/3631 (91%)]	Gen Loss: 0.070306 
Train Epoch: 88 [3400/3631 (94%)]	Gen Loss: 0.073774 
Train Epoch: 88 [3500/3631 (96%)]	Gen Loss: 0.062777 
Train Epoch: 88 [3600/3631 (99%)]	Gen Loss: 0.068238 
==========Epoch 89==========
Train Epoch: 89 [0/3631 (0%)]	Gen Loss: 0.068140 
Train Epoch: 89 [100/3631 (3%)]	Gen Loss: 0.074279 
Train Epoch: 89 [200/3631 (6%)]	Gen Loss: 0.077609 
Train Epoch: 89 [300/3631 (8%)]	Gen Loss: 0.065595 
Train Epoch: 89 [400/3631 (11%)]	Gen Loss: 0.065913 
Train Epoch: 89 [500/3631 (14%)]	Gen Loss: 0.071374 
Train Epoch: 89 [600/3631 (17%)]	Gen Loss: 0.087078 
Train Epoch: 89 [700/3631 (19%)]	Gen Loss: 0.064520 
Train Epoch: 89 [800/3631 (22%)]	Gen Loss: 0.074090 
Train Epoch: 89 [900/3631 (25%)]	Gen Loss: 0.064659 
Train Epoch: 89 [1000/3631 (28%)]	Gen Loss: 0.065673 
Train Epoch: 89 [1100/3631 (30%)]	Gen Loss: 0.067881 
Train Epoch: 89 [1200/3631 (33%)]	Gen Loss: 0.066574 
Train Epoch: 89 [1300/3631 (36%)]	Gen Loss: 0.066216 
Train Epoch: 89 [1400/3631 (39%)]	Gen Loss: 0.077478 
Train Epoch: 89 [1500/3631 (41%)]	Gen Loss: 0.074824 
Train Epoch: 89 [1600/3631 (44%)]	Gen Loss: 0.066884 
Train Epoch: 89 [1700/3631 (47%)]	Gen Loss: 0.063962 
Train Epoch: 89 [1800/3631 (50%)]	Gen Loss: 0.065199 
Train Epoch: 89 [1900/3631 (52%)]	Gen Loss: 0.058615 
Train Epoch: 89 [2000/3631 (55%)]	Gen Loss: 0.062464 
Train Epoch: 89 [2100/3631 (58%)]	Gen Loss: 0.072237 
Train Epoch: 89 [2200/3631 (61%)]	Gen Loss: 0.087675 
Train Epoch: 89 [2300/3631 (63%)]	Gen Loss: 0.078766 
Train Epoch: 89 [2400/3631 (66%)]	Gen Loss: 0.066546 
Train Epoch: 89 [2500/3631 (69%)]	Gen Loss: 0.066377 
Train Epoch: 89 [2600/3631 (72%)]	Gen Loss: 0.076447 
Train Epoch: 89 [2700/3631 (74%)]	Gen Loss: 0.065054 
Train Epoch: 89 [2800/3631 (77%)]	Gen Loss: 0.068803 
Train Epoch: 89 [2900/3631 (80%)]	Gen Loss: 0.065824 
Train Epoch: 89 [3000/3631 (83%)]	Gen Loss: 0.067104 
Train Epoch: 89 [3100/3631 (85%)]	Gen Loss: 0.071145 
Train Epoch: 89 [3200/3631 (88%)]	Gen Loss: 0.058021 
Train Epoch: 89 [3300/3631 (91%)]	Gen Loss: 0.076914 
Train Epoch: 89 [3400/3631 (94%)]	Gen Loss: 0.055014 
Train Epoch: 89 [3500/3631 (96%)]	Gen Loss: 0.072476 
Train Epoch: 89 [3600/3631 (99%)]	Gen Loss: 0.066192 
==========Epoch 90==========
Train Epoch: 90 [0/3631 (0%)]	Gen Loss: 0.070651 
Train Epoch: 90 [100/3631 (3%)]	Gen Loss: 0.057857 
Train Epoch: 90 [200/3631 (6%)]	Gen Loss: 0.066722 
Train Epoch: 90 [300/3631 (8%)]	Gen Loss: 0.076718 
Train Epoch: 90 [400/3631 (11%)]	Gen Loss: 0.069248 
Train Epoch: 90 [500/3631 (14%)]	Gen Loss: 0.080893 
Train Epoch: 90 [600/3631 (17%)]	Gen Loss: 0.074512 
Train Epoch: 90 [700/3631 (19%)]	Gen Loss: 0.063960 
Train Epoch: 90 [800/3631 (22%)]	Gen Loss: 0.076787 
Train Epoch: 90 [900/3631 (25%)]	Gen Loss: 0.071831 
Train Epoch: 90 [1000/3631 (28%)]	Gen Loss: 0.068635 
Train Epoch: 90 [1100/3631 (30%)]	Gen Loss: 0.062886 
Train Epoch: 90 [1200/3631 (33%)]	Gen Loss: 0.075303 
Train Epoch: 90 [1300/3631 (36%)]	Gen Loss: 0.064827 
Train Epoch: 90 [1400/3631 (39%)]	Gen Loss: 0.072910 
Train Epoch: 90 [1500/3631 (41%)]	Gen Loss: 0.076214 
Train Epoch: 90 [1600/3631 (44%)]	Gen Loss: 0.064700 
Train Epoch: 90 [1700/3631 (47%)]	Gen Loss: 0.057648 
Train Epoch: 90 [1800/3631 (50%)]	Gen Loss: 0.073068 
Train Epoch: 90 [1900/3631 (52%)]	Gen Loss: 0.064994 
Train Epoch: 90 [2000/3631 (55%)]	Gen Loss: 0.059881 
Train Epoch: 90 [2100/3631 (58%)]	Gen Loss: 0.065399 
Train Epoch: 90 [2200/3631 (61%)]	Gen Loss: 0.065610 
Train Epoch: 90 [2300/3631 (63%)]	Gen Loss: 0.060786 
Train Epoch: 90 [2400/3631 (66%)]	Gen Loss: 0.071274 
Train Epoch: 90 [2500/3631 (69%)]	Gen Loss: 0.062909 
Train Epoch: 90 [2600/3631 (72%)]	Gen Loss: 0.071082 
Train Epoch: 90 [2700/3631 (74%)]	Gen Loss: 0.066978 
Train Epoch: 90 [2800/3631 (77%)]	Gen Loss: 0.061163 
Train Epoch: 90 [2900/3631 (80%)]	Gen Loss: 0.073702 
Train Epoch: 90 [3000/3631 (83%)]	Gen Loss: 0.065158 
Train Epoch: 90 [3100/3631 (85%)]	Gen Loss: 0.066113 
Train Epoch: 90 [3200/3631 (88%)]	Gen Loss: 0.071915 
Train Epoch: 90 [3300/3631 (91%)]	Gen Loss: 0.077251 
Train Epoch: 90 [3400/3631 (94%)]	Gen Loss: 0.069391 
Train Epoch: 90 [3500/3631 (96%)]	Gen Loss: 0.062509 
Train Epoch: 90 [3600/3631 (99%)]	Gen Loss: 0.064254 
==========Epoch 91==========
Train Epoch: 91 [0/3631 (0%)]	Gen Loss: 0.064797 
Train Epoch: 91 [100/3631 (3%)]	Gen Loss: 0.062651 
Train Epoch: 91 [200/3631 (6%)]	Gen Loss: 0.062842 
Train Epoch: 91 [300/3631 (8%)]	Gen Loss: 0.077584 
Train Epoch: 91 [400/3631 (11%)]	Gen Loss: 0.077891 
Train Epoch: 91 [500/3631 (14%)]	Gen Loss: 0.061809 
Train Epoch: 91 [600/3631 (17%)]	Gen Loss: 0.083594 
Train Epoch: 91 [700/3631 (19%)]	Gen Loss: 0.067204 
Train Epoch: 91 [800/3631 (22%)]	Gen Loss: 0.076453 
Train Epoch: 91 [900/3631 (25%)]	Gen Loss: 0.067706 
Train Epoch: 91 [1000/3631 (28%)]	Gen Loss: 0.060056 
Train Epoch: 91 [1100/3631 (30%)]	Gen Loss: 0.072132 
Train Epoch: 91 [1200/3631 (33%)]	Gen Loss: 0.074562 
Train Epoch: 91 [1300/3631 (36%)]	Gen Loss: 0.061770 
Train Epoch: 91 [1400/3631 (39%)]	Gen Loss: 0.067435 
Train Epoch: 91 [1500/3631 (41%)]	Gen Loss: 0.067230 
Train Epoch: 91 [1600/3631 (44%)]	Gen Loss: 0.063240 
Train Epoch: 91 [1700/3631 (47%)]	Gen Loss: 0.056910 
Train Epoch: 91 [1800/3631 (50%)]	Gen Loss: 0.059927 
Train Epoch: 91 [1900/3631 (52%)]	Gen Loss: 0.058093 
Train Epoch: 91 [2000/3631 (55%)]	Gen Loss: 0.067252 
Train Epoch: 91 [2100/3631 (58%)]	Gen Loss: 0.057620 
Train Epoch: 91 [2200/3631 (61%)]	Gen Loss: 0.065417 
Train Epoch: 91 [2300/3631 (63%)]	Gen Loss: 0.073309 
Train Epoch: 91 [2400/3631 (66%)]	Gen Loss: 0.064264 
Train Epoch: 91 [2500/3631 (69%)]	Gen Loss: 0.062631 
Train Epoch: 91 [2600/3631 (72%)]	Gen Loss: 0.078041 
Train Epoch: 91 [2700/3631 (74%)]	Gen Loss: 0.072260 
Train Epoch: 91 [2800/3631 (77%)]	Gen Loss: 0.076978 
Train Epoch: 91 [2900/3631 (80%)]	Gen Loss: 0.066083 
Train Epoch: 91 [3000/3631 (83%)]	Gen Loss: 0.064969 
Train Epoch: 91 [3100/3631 (85%)]	Gen Loss: 0.059953 
Train Epoch: 91 [3200/3631 (88%)]	Gen Loss: 0.066979 
Train Epoch: 91 [3300/3631 (91%)]	Gen Loss: 0.077436 
Train Epoch: 91 [3400/3631 (94%)]	Gen Loss: 0.078094 
Train Epoch: 91 [3500/3631 (96%)]	Gen Loss: 0.065713 
Train Epoch: 91 [3600/3631 (99%)]	Gen Loss: 0.063417 
==========Epoch 92==========
Train Epoch: 92 [0/3631 (0%)]	Gen Loss: 0.073311 
Train Epoch: 92 [100/3631 (3%)]	Gen Loss: 0.062726 
Train Epoch: 92 [200/3631 (6%)]	Gen Loss: 0.065635 
Train Epoch: 92 [300/3631 (8%)]	Gen Loss: 0.072893 
Train Epoch: 92 [400/3631 (11%)]	Gen Loss: 0.071166 
Train Epoch: 92 [500/3631 (14%)]	Gen Loss: 0.061252 
Train Epoch: 92 [600/3631 (17%)]	Gen Loss: 0.079578 
Train Epoch: 92 [700/3631 (19%)]	Gen Loss: 0.062983 
Train Epoch: 92 [800/3631 (22%)]	Gen Loss: 0.059445 
Train Epoch: 92 [900/3631 (25%)]	Gen Loss: 0.060502 
Train Epoch: 92 [1000/3631 (28%)]	Gen Loss: 0.067402 
Train Epoch: 92 [1100/3631 (30%)]	Gen Loss: 0.078718 
Train Epoch: 92 [1200/3631 (33%)]	Gen Loss: 0.059775 
Train Epoch: 92 [1300/3631 (36%)]	Gen Loss: 0.065728 
Train Epoch: 92 [1400/3631 (39%)]	Gen Loss: 0.068855 
Train Epoch: 92 [1500/3631 (41%)]	Gen Loss: 0.073460 
Train Epoch: 92 [1600/3631 (44%)]	Gen Loss: 0.065669 
Train Epoch: 92 [1700/3631 (47%)]	Gen Loss: 0.057703 
Train Epoch: 92 [1800/3631 (50%)]	Gen Loss: 0.073704 
Train Epoch: 92 [1900/3631 (52%)]	Gen Loss: 0.074819 
Train Epoch: 92 [2000/3631 (55%)]	Gen Loss: 0.062348 
Train Epoch: 92 [2100/3631 (58%)]	Gen Loss: 0.066107 
Train Epoch: 92 [2200/3631 (61%)]	Gen Loss: 0.056583 
Train Epoch: 92 [2300/3631 (63%)]	Gen Loss: 0.063425 
Train Epoch: 92 [2400/3631 (66%)]	Gen Loss: 0.074570 
Train Epoch: 92 [2500/3631 (69%)]	Gen Loss: 0.066943 
Train Epoch: 92 [2600/3631 (72%)]	Gen Loss: 0.067812 
Train Epoch: 92 [2700/3631 (74%)]	Gen Loss: 0.064108 
Train Epoch: 92 [2800/3631 (77%)]	Gen Loss: 0.070709 
Train Epoch: 92 [2900/3631 (80%)]	Gen Loss: 0.070621 
Train Epoch: 92 [3000/3631 (83%)]	Gen Loss: 0.063698 
Train Epoch: 92 [3100/3631 (85%)]	Gen Loss: 0.072852 
Train Epoch: 92 [3200/3631 (88%)]	Gen Loss: 0.064602 
Train Epoch: 92 [3300/3631 (91%)]	Gen Loss: 0.068379 
Train Epoch: 92 [3400/3631 (94%)]	Gen Loss: 0.061177 
Train Epoch: 92 [3500/3631 (96%)]	Gen Loss: 0.067245 
Train Epoch: 92 [3600/3631 (99%)]	Gen Loss: 0.069011 
==========Epoch 93==========
Train Epoch: 93 [0/3631 (0%)]	Gen Loss: 0.073258 
Train Epoch: 93 [100/3631 (3%)]	Gen Loss: 0.068269 
Train Epoch: 93 [200/3631 (6%)]	Gen Loss: 0.073298 
Train Epoch: 93 [300/3631 (8%)]	Gen Loss: 0.086342 
Train Epoch: 93 [400/3631 (11%)]	Gen Loss: 0.063646 
Train Epoch: 93 [500/3631 (14%)]	Gen Loss: 0.071504 
Train Epoch: 93 [600/3631 (17%)]	Gen Loss: 0.049587 
Train Epoch: 93 [700/3631 (19%)]	Gen Loss: 0.069584 
Train Epoch: 93 [800/3631 (22%)]	Gen Loss: 0.055679 
Train Epoch: 93 [900/3631 (25%)]	Gen Loss: 0.066318 
Train Epoch: 93 [1000/3631 (28%)]	Gen Loss: 0.064032 
Train Epoch: 93 [1100/3631 (30%)]	Gen Loss: 0.061243 
Train Epoch: 93 [1200/3631 (33%)]	Gen Loss: 0.064161 
Train Epoch: 93 [1300/3631 (36%)]	Gen Loss: 0.068163 
Train Epoch: 93 [1400/3631 (39%)]	Gen Loss: 0.070924 
Train Epoch: 93 [1500/3631 (41%)]	Gen Loss: 0.061884 
Train Epoch: 93 [1600/3631 (44%)]	Gen Loss: 0.059610 
Train Epoch: 93 [1700/3631 (47%)]	Gen Loss: 0.069027 
Train Epoch: 93 [1800/3631 (50%)]	Gen Loss: 0.055651 
Train Epoch: 93 [1900/3631 (52%)]	Gen Loss: 0.057780 
Train Epoch: 93 [2000/3631 (55%)]	Gen Loss: 0.071533 
Train Epoch: 93 [2100/3631 (58%)]	Gen Loss: 0.072190 
Train Epoch: 93 [2200/3631 (61%)]	Gen Loss: 0.062512 
Train Epoch: 93 [2300/3631 (63%)]	Gen Loss: 0.077290 
Train Epoch: 93 [2400/3631 (66%)]	Gen Loss: 0.071964 
Train Epoch: 93 [2500/3631 (69%)]	Gen Loss: 0.060806 
Train Epoch: 93 [2600/3631 (72%)]	Gen Loss: 0.072435 
Train Epoch: 93 [2700/3631 (74%)]	Gen Loss: 0.077781 
Train Epoch: 93 [2800/3631 (77%)]	Gen Loss: 0.063239 
Train Epoch: 93 [2900/3631 (80%)]	Gen Loss: 0.057533 
Train Epoch: 93 [3000/3631 (83%)]	Gen Loss: 0.081739 
Train Epoch: 93 [3100/3631 (85%)]	Gen Loss: 0.072250 
Train Epoch: 93 [3200/3631 (88%)]	Gen Loss: 0.068031 
Train Epoch: 93 [3300/3631 (91%)]	Gen Loss: 0.059431 
Train Epoch: 93 [3400/3631 (94%)]	Gen Loss: 0.075058 
Train Epoch: 93 [3500/3631 (96%)]	Gen Loss: 0.065767 
Train Epoch: 93 [3600/3631 (99%)]	Gen Loss: 0.067227 
==========Epoch 94==========
Train Epoch: 94 [0/3631 (0%)]	Gen Loss: 0.049606 
Train Epoch: 94 [100/3631 (3%)]	Gen Loss: 0.065896 
Train Epoch: 94 [200/3631 (6%)]	Gen Loss: 0.055395 
Train Epoch: 94 [300/3631 (8%)]	Gen Loss: 0.074974 
Train Epoch: 94 [400/3631 (11%)]	Gen Loss: 0.062224 
Train Epoch: 94 [500/3631 (14%)]	Gen Loss: 0.074728 
Train Epoch: 94 [600/3631 (17%)]	Gen Loss: 0.052182 
Train Epoch: 94 [700/3631 (19%)]	Gen Loss: 0.064090 
Train Epoch: 94 [800/3631 (22%)]	Gen Loss: 0.063391 
Train Epoch: 94 [900/3631 (25%)]	Gen Loss: 0.055391 
Train Epoch: 94 [1000/3631 (28%)]	Gen Loss: 0.070998 
Train Epoch: 94 [1100/3631 (30%)]	Gen Loss: 0.065114 
Train Epoch: 94 [1200/3631 (33%)]	Gen Loss: 0.067025 
Train Epoch: 94 [1300/3631 (36%)]	Gen Loss: 0.066074 
Train Epoch: 94 [1400/3631 (39%)]	Gen Loss: 0.080951 
Train Epoch: 94 [1500/3631 (41%)]	Gen Loss: 0.054816 
Train Epoch: 94 [1600/3631 (44%)]	Gen Loss: 0.060868 
Train Epoch: 94 [1700/3631 (47%)]	Gen Loss: 0.064638 
Train Epoch: 94 [1800/3631 (50%)]	Gen Loss: 0.070197 
Train Epoch: 94 [1900/3631 (52%)]	Gen Loss: 0.066514 
Train Epoch: 94 [2000/3631 (55%)]	Gen Loss: 0.061888 
Train Epoch: 94 [2100/3631 (58%)]	Gen Loss: 0.076323 
Train Epoch: 94 [2200/3631 (61%)]	Gen Loss: 0.063096 
Train Epoch: 94 [2300/3631 (63%)]	Gen Loss: 0.060038 
Train Epoch: 94 [2400/3631 (66%)]	Gen Loss: 0.067228 
Train Epoch: 94 [2500/3631 (69%)]	Gen Loss: 0.065342 
Train Epoch: 94 [2600/3631 (72%)]	Gen Loss: 0.058813 
Train Epoch: 94 [2700/3631 (74%)]	Gen Loss: 0.068906 
Train Epoch: 94 [2800/3631 (77%)]	Gen Loss: 0.064965 
Train Epoch: 94 [2900/3631 (80%)]	Gen Loss: 0.064021 
Train Epoch: 94 [3000/3631 (83%)]	Gen Loss: 0.066347 
Train Epoch: 94 [3100/3631 (85%)]	Gen Loss: 0.060697 
Train Epoch: 94 [3200/3631 (88%)]	Gen Loss: 0.068142 
Train Epoch: 94 [3300/3631 (91%)]	Gen Loss: 0.073010 
Train Epoch: 94 [3400/3631 (94%)]	Gen Loss: 0.066446 
Train Epoch: 94 [3500/3631 (96%)]	Gen Loss: 0.073454 
Train Epoch: 94 [3600/3631 (99%)]	Gen Loss: 0.068707 
==========Epoch 95==========
Train Epoch: 95 [0/3631 (0%)]	Gen Loss: 0.065053 
Train Epoch: 95 [100/3631 (3%)]	Gen Loss: 0.066826 
Train Epoch: 95 [200/3631 (6%)]	Gen Loss: 0.071111 
Train Epoch: 95 [300/3631 (8%)]	Gen Loss: 0.067097 
Train Epoch: 95 [400/3631 (11%)]	Gen Loss: 0.053468 
Train Epoch: 95 [500/3631 (14%)]	Gen Loss: 0.074235 
Train Epoch: 95 [600/3631 (17%)]	Gen Loss: 0.074164 
Train Epoch: 95 [700/3631 (19%)]	Gen Loss: 0.065433 
Train Epoch: 95 [800/3631 (22%)]	Gen Loss: 0.055245 
Train Epoch: 95 [900/3631 (25%)]	Gen Loss: 0.063174 
Train Epoch: 95 [1000/3631 (28%)]	Gen Loss: 0.069976 
Train Epoch: 95 [1100/3631 (30%)]	Gen Loss: 0.076536 
Train Epoch: 95 [1200/3631 (33%)]	Gen Loss: 0.066454 
Train Epoch: 95 [1300/3631 (36%)]	Gen Loss: 0.065692 
Train Epoch: 95 [1400/3631 (39%)]	Gen Loss: 0.065916 
Train Epoch: 95 [1500/3631 (41%)]	Gen Loss: 0.073001 
Train Epoch: 95 [1600/3631 (44%)]	Gen Loss: 0.065923 
Train Epoch: 95 [1700/3631 (47%)]	Gen Loss: 0.074540 
Train Epoch: 95 [1800/3631 (50%)]	Gen Loss: 0.070658 
Train Epoch: 95 [1900/3631 (52%)]	Gen Loss: 0.068884 
Train Epoch: 95 [2000/3631 (55%)]	Gen Loss: 0.084474 
Train Epoch: 95 [2100/3631 (58%)]	Gen Loss: 0.070326 
Train Epoch: 95 [2200/3631 (61%)]	Gen Loss: 0.072490 
Train Epoch: 95 [2300/3631 (63%)]	Gen Loss: 0.070229 
Train Epoch: 95 [2400/3631 (66%)]	Gen Loss: 0.063282 
Train Epoch: 95 [2500/3631 (69%)]	Gen Loss: 0.062463 
Train Epoch: 95 [2600/3631 (72%)]	Gen Loss: 0.073237 
Train Epoch: 95 [2700/3631 (74%)]	Gen Loss: 0.071751 
Train Epoch: 95 [2800/3631 (77%)]	Gen Loss: 0.068048 
Train Epoch: 95 [2900/3631 (80%)]	Gen Loss: 0.059989 
Train Epoch: 95 [3000/3631 (83%)]	Gen Loss: 0.060235 
Train Epoch: 95 [3100/3631 (85%)]	Gen Loss: 0.075345 
Train Epoch: 95 [3200/3631 (88%)]	Gen Loss: 0.060883 
Train Epoch: 95 [3300/3631 (91%)]	Gen Loss: 0.073709 
Train Epoch: 95 [3400/3631 (94%)]	Gen Loss: 0.065789 
Train Epoch: 95 [3500/3631 (96%)]	Gen Loss: 0.055706 
Train Epoch: 95 [3600/3631 (99%)]	Gen Loss: 0.078844 
==========Epoch 96==========
Train Epoch: 96 [0/3631 (0%)]	Gen Loss: 0.058551 
Train Epoch: 96 [100/3631 (3%)]	Gen Loss: 0.066590 
Train Epoch: 96 [200/3631 (6%)]	Gen Loss: 0.056228 
Train Epoch: 96 [300/3631 (8%)]	Gen Loss: 0.069289 
Train Epoch: 96 [400/3631 (11%)]	Gen Loss: 0.070154 
Train Epoch: 96 [500/3631 (14%)]	Gen Loss: 0.080209 
Train Epoch: 96 [600/3631 (17%)]	Gen Loss: 0.062904 
Train Epoch: 96 [700/3631 (19%)]	Gen Loss: 0.050083 
Train Epoch: 96 [800/3631 (22%)]	Gen Loss: 0.062028 
Train Epoch: 96 [900/3631 (25%)]	Gen Loss: 0.065046 
Train Epoch: 96 [1000/3631 (28%)]	Gen Loss: 0.083329 
Train Epoch: 96 [1100/3631 (30%)]	Gen Loss: 0.067127 
Train Epoch: 96 [1200/3631 (33%)]	Gen Loss: 0.066529 
Train Epoch: 96 [1300/3631 (36%)]	Gen Loss: 0.059693 
Train Epoch: 96 [1400/3631 (39%)]	Gen Loss: 0.062479 
Train Epoch: 96 [1500/3631 (41%)]	Gen Loss: 0.070279 
Train Epoch: 96 [1600/3631 (44%)]	Gen Loss: 0.076952 
Train Epoch: 96 [1700/3631 (47%)]	Gen Loss: 0.067852 
Train Epoch: 96 [1800/3631 (50%)]	Gen Loss: 0.062504 
Train Epoch: 96 [1900/3631 (52%)]	Gen Loss: 0.070415 
Train Epoch: 96 [2000/3631 (55%)]	Gen Loss: 0.062422 
Train Epoch: 96 [2100/3631 (58%)]	Gen Loss: 0.069767 
Train Epoch: 96 [2200/3631 (61%)]	Gen Loss: 0.065229 
Train Epoch: 96 [2300/3631 (63%)]	Gen Loss: 0.081063 
Train Epoch: 96 [2400/3631 (66%)]	Gen Loss: 0.067110 
Train Epoch: 96 [2500/3631 (69%)]	Gen Loss: 0.078581 
Train Epoch: 96 [2600/3631 (72%)]	Gen Loss: 0.070010 
Train Epoch: 96 [2700/3631 (74%)]	Gen Loss: 0.066688 
Train Epoch: 96 [2800/3631 (77%)]	Gen Loss: 0.080509 
Train Epoch: 96 [2900/3631 (80%)]	Gen Loss: 0.064134 
Train Epoch: 96 [3000/3631 (83%)]	Gen Loss: 0.066599 
Train Epoch: 96 [3100/3631 (85%)]	Gen Loss: 0.051595 
Train Epoch: 96 [3200/3631 (88%)]	Gen Loss: 0.066294 
Train Epoch: 96 [3300/3631 (91%)]	Gen Loss: 0.077710 
Train Epoch: 96 [3400/3631 (94%)]	Gen Loss: 0.062710 
Train Epoch: 96 [3500/3631 (96%)]	Gen Loss: 0.061630 
Train Epoch: 96 [3600/3631 (99%)]	Gen Loss: 0.056130 
==========Epoch 97==========
Train Epoch: 97 [0/3631 (0%)]	Gen Loss: 0.063456 
Train Epoch: 97 [100/3631 (3%)]	Gen Loss: 0.065711 
Train Epoch: 97 [200/3631 (6%)]	Gen Loss: 0.065970 
Train Epoch: 97 [300/3631 (8%)]	Gen Loss: 0.066303 
Train Epoch: 97 [400/3631 (11%)]	Gen Loss: 0.062695 
Train Epoch: 97 [500/3631 (14%)]	Gen Loss: 0.061902 
Train Epoch: 97 [600/3631 (17%)]	Gen Loss: 0.085784 
Train Epoch: 97 [700/3631 (19%)]	Gen Loss: 0.056204 
Train Epoch: 97 [800/3631 (22%)]	Gen Loss: 0.058524 
Train Epoch: 97 [900/3631 (25%)]	Gen Loss: 0.065757 
Train Epoch: 97 [1000/3631 (28%)]	Gen Loss: 0.069875 
Train Epoch: 97 [1100/3631 (30%)]	Gen Loss: 0.065261 
Train Epoch: 97 [1200/3631 (33%)]	Gen Loss: 0.063229 
Train Epoch: 97 [1300/3631 (36%)]	Gen Loss: 0.076089 
Train Epoch: 97 [1400/3631 (39%)]	Gen Loss: 0.079269 
Train Epoch: 97 [1500/3631 (41%)]	Gen Loss: 0.057070 
Train Epoch: 97 [1600/3631 (44%)]	Gen Loss: 0.070698 
Train Epoch: 97 [1700/3631 (47%)]	Gen Loss: 0.065485 
Train Epoch: 97 [1800/3631 (50%)]	Gen Loss: 0.062077 
Train Epoch: 97 [1900/3631 (52%)]	Gen Loss: 0.059390 
Train Epoch: 97 [2000/3631 (55%)]	Gen Loss: 0.056393 
Train Epoch: 97 [2100/3631 (58%)]	Gen Loss: 0.063801 
Train Epoch: 97 [2200/3631 (61%)]	Gen Loss: 0.057117 
Train Epoch: 97 [2300/3631 (63%)]	Gen Loss: 0.057633 
Train Epoch: 97 [2400/3631 (66%)]	Gen Loss: 0.082534 
Train Epoch: 97 [2500/3631 (69%)]	Gen Loss: 0.069887 
Train Epoch: 97 [2600/3631 (72%)]	Gen Loss: 0.058358 
Train Epoch: 97 [2700/3631 (74%)]	Gen Loss: 0.065543 
Train Epoch: 97 [2800/3631 (77%)]	Gen Loss: 0.067145 
Train Epoch: 97 [2900/3631 (80%)]	Gen Loss: 0.073796 
Train Epoch: 97 [3000/3631 (83%)]	Gen Loss: 0.069934 
Train Epoch: 97 [3100/3631 (85%)]	Gen Loss: 0.065116 
Train Epoch: 97 [3200/3631 (88%)]	Gen Loss: 0.070323 
Train Epoch: 97 [3300/3631 (91%)]	Gen Loss: 0.064894 
Train Epoch: 97 [3400/3631 (94%)]	Gen Loss: 0.066690 
Train Epoch: 97 [3500/3631 (96%)]	Gen Loss: 0.056531 
Train Epoch: 97 [3600/3631 (99%)]	Gen Loss: 0.073812 
==========Epoch 98==========
Train Epoch: 98 [0/3631 (0%)]	Gen Loss: 0.064336 
Train Epoch: 98 [100/3631 (3%)]	Gen Loss: 0.054606 
Train Epoch: 98 [200/3631 (6%)]	Gen Loss: 0.066278 
Train Epoch: 98 [300/3631 (8%)]	Gen Loss: 0.077086 
Train Epoch: 98 [400/3631 (11%)]	Gen Loss: 0.074898 
Train Epoch: 98 [500/3631 (14%)]	Gen Loss: 0.063952 
Train Epoch: 98 [600/3631 (17%)]	Gen Loss: 0.080668 
Train Epoch: 98 [700/3631 (19%)]	Gen Loss: 0.057042 
Train Epoch: 98 [800/3631 (22%)]	Gen Loss: 0.072694 
Train Epoch: 98 [900/3631 (25%)]	Gen Loss: 0.062353 
Train Epoch: 98 [1000/3631 (28%)]	Gen Loss: 0.059608 
Train Epoch: 98 [1100/3631 (30%)]	Gen Loss: 0.060314 
Train Epoch: 98 [1200/3631 (33%)]	Gen Loss: 0.072094 
Train Epoch: 98 [1300/3631 (36%)]	Gen Loss: 0.067312 
Train Epoch: 98 [1400/3631 (39%)]	Gen Loss: 0.053633 
Train Epoch: 98 [1500/3631 (41%)]	Gen Loss: 0.061174 
Train Epoch: 98 [1600/3631 (44%)]	Gen Loss: 0.069389 
Train Epoch: 98 [1700/3631 (47%)]	Gen Loss: 0.062599 
Train Epoch: 98 [1800/3631 (50%)]	Gen Loss: 0.081205 
Train Epoch: 98 [1900/3631 (52%)]	Gen Loss: 0.063628 
Train Epoch: 98 [2000/3631 (55%)]	Gen Loss: 0.074666 
Train Epoch: 98 [2100/3631 (58%)]	Gen Loss: 0.059736 
Train Epoch: 98 [2200/3631 (61%)]	Gen Loss: 0.067036 
Train Epoch: 98 [2300/3631 (63%)]	Gen Loss: 0.069256 
Train Epoch: 98 [2400/3631 (66%)]	Gen Loss: 0.067277 
Train Epoch: 98 [2500/3631 (69%)]	Gen Loss: 0.067869 
Train Epoch: 98 [2600/3631 (72%)]	Gen Loss: 0.064044 
Train Epoch: 98 [2700/3631 (74%)]	Gen Loss: 0.073687 
Train Epoch: 98 [2800/3631 (77%)]	Gen Loss: 0.065592 
Train Epoch: 98 [2900/3631 (80%)]	Gen Loss: 0.066925 
Train Epoch: 98 [3000/3631 (83%)]	Gen Loss: 0.069544 
Train Epoch: 98 [3100/3631 (85%)]	Gen Loss: 0.059085 
Train Epoch: 98 [3200/3631 (88%)]	Gen Loss: 0.070572 
Train Epoch: 98 [3300/3631 (91%)]	Gen Loss: 0.075918 
Train Epoch: 98 [3400/3631 (94%)]	Gen Loss: 0.072463 
Train Epoch: 98 [3500/3631 (96%)]	Gen Loss: 0.058308 
Train Epoch: 98 [3600/3631 (99%)]	Gen Loss: 0.079297 
==========Epoch 99==========
Train Epoch: 99 [0/3631 (0%)]	Gen Loss: 0.073162 
Train Epoch: 99 [100/3631 (3%)]	Gen Loss: 0.064138 
Train Epoch: 99 [200/3631 (6%)]	Gen Loss: 0.068828 
Train Epoch: 99 [300/3631 (8%)]	Gen Loss: 0.069580 
Train Epoch: 99 [400/3631 (11%)]	Gen Loss: 0.060149 
Train Epoch: 99 [500/3631 (14%)]	Gen Loss: 0.066293 
Train Epoch: 99 [600/3631 (17%)]	Gen Loss: 0.060400 
Train Epoch: 99 [700/3631 (19%)]	Gen Loss: 0.057940 
Train Epoch: 99 [800/3631 (22%)]	Gen Loss: 0.056591 
Train Epoch: 99 [900/3631 (25%)]	Gen Loss: 0.058049 
Train Epoch: 99 [1000/3631 (28%)]	Gen Loss: 0.061153 
Train Epoch: 99 [1100/3631 (30%)]	Gen Loss: 0.074044 
Train Epoch: 99 [1200/3631 (33%)]	Gen Loss: 0.074855 
Train Epoch: 99 [1300/3631 (36%)]	Gen Loss: 0.062200 
Train Epoch: 99 [1400/3631 (39%)]	Gen Loss: 0.063173 
Train Epoch: 99 [1500/3631 (41%)]	Gen Loss: 0.061699 
Train Epoch: 99 [1600/3631 (44%)]	Gen Loss: 0.068903 
Train Epoch: 99 [1700/3631 (47%)]	Gen Loss: 0.068485 
Train Epoch: 99 [1800/3631 (50%)]	Gen Loss: 0.077480 
Train Epoch: 99 [1900/3631 (52%)]	Gen Loss: 0.068472 
Train Epoch: 99 [2000/3631 (55%)]	Gen Loss: 0.061353 
Train Epoch: 99 [2100/3631 (58%)]	Gen Loss: 0.056236 
Train Epoch: 99 [2200/3631 (61%)]	Gen Loss: 0.079017 
Train Epoch: 99 [2300/3631 (63%)]	Gen Loss: 0.068886 
Train Epoch: 99 [2400/3631 (66%)]	Gen Loss: 0.072115 
Train Epoch: 99 [2500/3631 (69%)]	Gen Loss: 0.058110 
Train Epoch: 99 [2600/3631 (72%)]	Gen Loss: 0.065825 
Train Epoch: 99 [2700/3631 (74%)]	Gen Loss: 0.068228 
Train Epoch: 99 [2800/3631 (77%)]	Gen Loss: 0.060948 
Train Epoch: 99 [2900/3631 (80%)]	Gen Loss: 0.067262 
Train Epoch: 99 [3000/3631 (83%)]	Gen Loss: 0.064560 
Train Epoch: 99 [3100/3631 (85%)]	Gen Loss: 0.065297 
Train Epoch: 99 [3200/3631 (88%)]	Gen Loss: 0.069467 
Train Epoch: 99 [3300/3631 (91%)]	Gen Loss: 0.062239 
Train Epoch: 99 [3400/3631 (94%)]	Gen Loss: 0.056295 
Train Epoch: 99 [3500/3631 (96%)]	Gen Loss: 0.069886 
Train Epoch: 99 [3600/3631 (99%)]	Gen Loss: 0.062880 
==========Epoch 100==========
Train Epoch: 100 [0/3631 (0%)]	Gen Loss: 0.078437 
Train Epoch: 100 [100/3631 (3%)]	Gen Loss: 0.056949 
Train Epoch: 100 [200/3631 (6%)]	Gen Loss: 0.061849 
Train Epoch: 100 [300/3631 (8%)]	Gen Loss: 0.070844 
Train Epoch: 100 [400/3631 (11%)]	Gen Loss: 0.071625 
Train Epoch: 100 [500/3631 (14%)]	Gen Loss: 0.064568 
Train Epoch: 100 [600/3631 (17%)]	Gen Loss: 0.065644 
Train Epoch: 100 [700/3631 (19%)]	Gen Loss: 0.074159 
Train Epoch: 100 [800/3631 (22%)]	Gen Loss: 0.070864 
Train Epoch: 100 [900/3631 (25%)]	Gen Loss: 0.077013 
Train Epoch: 100 [1000/3631 (28%)]	Gen Loss: 0.063020 
Train Epoch: 100 [1100/3631 (30%)]	Gen Loss: 0.067316 
Train Epoch: 100 [1200/3631 (33%)]	Gen Loss: 0.070811 
Train Epoch: 100 [1300/3631 (36%)]	Gen Loss: 0.067697 
Train Epoch: 100 [1400/3631 (39%)]	Gen Loss: 0.070799 
Train Epoch: 100 [1500/3631 (41%)]	Gen Loss: 0.064774 
Train Epoch: 100 [1600/3631 (44%)]	Gen Loss: 0.060971 
Train Epoch: 100 [1700/3631 (47%)]	Gen Loss: 0.062007 
Train Epoch: 100 [1800/3631 (50%)]	Gen Loss: 0.066813 
Train Epoch: 100 [1900/3631 (52%)]	Gen Loss: 0.070087 
Train Epoch: 100 [2000/3631 (55%)]	Gen Loss: 0.060551 
Train Epoch: 100 [2100/3631 (58%)]	Gen Loss: 0.062512 
Train Epoch: 100 [2200/3631 (61%)]	Gen Loss: 0.064447 
Train Epoch: 100 [2300/3631 (63%)]	Gen Loss: 0.065601 
Train Epoch: 100 [2400/3631 (66%)]	Gen Loss: 0.075968 
Train Epoch: 100 [2500/3631 (69%)]	Gen Loss: 0.080005 
Train Epoch: 100 [2600/3631 (72%)]	Gen Loss: 0.059946 
Train Epoch: 100 [2700/3631 (74%)]	Gen Loss: 0.061118 
Train Epoch: 100 [2800/3631 (77%)]	Gen Loss: 0.061267 
Train Epoch: 100 [2900/3631 (80%)]	Gen Loss: 0.070050 
Train Epoch: 100 [3000/3631 (83%)]	Gen Loss: 0.071233 
Train Epoch: 100 [3100/3631 (85%)]	Gen Loss: 0.078329 
Train Epoch: 100 [3200/3631 (88%)]	Gen Loss: 0.064078 
Train Epoch: 100 [3300/3631 (91%)]	Gen Loss: 0.071154 
Train Epoch: 100 [3400/3631 (94%)]	Gen Loss: 0.066402 
Train Epoch: 100 [3500/3631 (96%)]	Gen Loss: 0.078170 
Train Epoch: 100 [3600/3631 (99%)]	Gen Loss: 0.071275 
==========Epoch 101==========
Train Epoch: 101 [0/3631 (0%)]	Gen Loss: 0.068224 
Train Epoch: 101 [100/3631 (3%)]	Gen Loss: 0.076302 
Train Epoch: 101 [200/3631 (6%)]	Gen Loss: 0.072011 
Train Epoch: 101 [300/3631 (8%)]	Gen Loss: 0.067065 
Train Epoch: 101 [400/3631 (11%)]	Gen Loss: 0.064414 
Train Epoch: 101 [500/3631 (14%)]	Gen Loss: 0.060210 
Train Epoch: 101 [600/3631 (17%)]	Gen Loss: 0.063226 
Train Epoch: 101 [700/3631 (19%)]	Gen Loss: 0.057745 
Train Epoch: 101 [800/3631 (22%)]	Gen Loss: 0.071519 
Train Epoch: 101 [900/3631 (25%)]	Gen Loss: 0.065295 
Train Epoch: 101 [1000/3631 (28%)]	Gen Loss: 0.067739 
Train Epoch: 101 [1100/3631 (30%)]	Gen Loss: 0.067724 
Train Epoch: 101 [1200/3631 (33%)]	Gen Loss: 0.058443 
Train Epoch: 101 [1300/3631 (36%)]	Gen Loss: 0.069458 
Train Epoch: 101 [1400/3631 (39%)]	Gen Loss: 0.061168 
Train Epoch: 101 [1500/3631 (41%)]	Gen Loss: 0.060415 
Train Epoch: 101 [1600/3631 (44%)]	Gen Loss: 0.065991 
Train Epoch: 101 [1700/3631 (47%)]	Gen Loss: 0.058093 
Train Epoch: 101 [1800/3631 (50%)]	Gen Loss: 0.064058 
Train Epoch: 101 [1900/3631 (52%)]	Gen Loss: 0.070994 
Train Epoch: 101 [2000/3631 (55%)]	Gen Loss: 0.064023 
Train Epoch: 101 [2100/3631 (58%)]	Gen Loss: 0.059472 
Train Epoch: 101 [2200/3631 (61%)]	Gen Loss: 0.070790 
Train Epoch: 101 [2300/3631 (63%)]	Gen Loss: 0.054569 
Train Epoch: 101 [2400/3631 (66%)]	Gen Loss: 0.067152 
Train Epoch: 101 [2500/3631 (69%)]	Gen Loss: 0.060620 
Train Epoch: 101 [2600/3631 (72%)]	Gen Loss: 0.068920 
Train Epoch: 101 [2700/3631 (74%)]	Gen Loss: 0.074091 
Train Epoch: 101 [2800/3631 (77%)]	Gen Loss: 0.070966 
Train Epoch: 101 [2900/3631 (80%)]	Gen Loss: 0.062625 
Train Epoch: 101 [3000/3631 (83%)]	Gen Loss: 0.050405 
Train Epoch: 101 [3100/3631 (85%)]	Gen Loss: 0.064446 
Train Epoch: 101 [3200/3631 (88%)]	Gen Loss: 0.072406 
Train Epoch: 101 [3300/3631 (91%)]	Gen Loss: 0.059310 
Train Epoch: 101 [3400/3631 (94%)]	Gen Loss: 0.074523 
Train Epoch: 101 [3500/3631 (96%)]	Gen Loss: 0.064907 
Train Epoch: 101 [3600/3631 (99%)]	Gen Loss: 0.058068 
==========Epoch 102==========
Train Epoch: 102 [0/3631 (0%)]	Gen Loss: 0.077785 
Train Epoch: 102 [100/3631 (3%)]	Gen Loss: 0.069003 
Train Epoch: 102 [200/3631 (6%)]	Gen Loss: 0.060377 
Train Epoch: 102 [300/3631 (8%)]	Gen Loss: 0.076073 
Train Epoch: 102 [400/3631 (11%)]	Gen Loss: 0.089460 
Train Epoch: 102 [500/3631 (14%)]	Gen Loss: 0.080266 
Train Epoch: 102 [600/3631 (17%)]	Gen Loss: 0.050570 
Train Epoch: 102 [700/3631 (19%)]	Gen Loss: 0.060854 
Train Epoch: 102 [800/3631 (22%)]	Gen Loss: 0.063369 
Train Epoch: 102 [900/3631 (25%)]	Gen Loss: 0.065311 
Train Epoch: 102 [1000/3631 (28%)]	Gen Loss: 0.064957 
Train Epoch: 102 [1100/3631 (30%)]	Gen Loss: 0.076607 
Train Epoch: 102 [1200/3631 (33%)]	Gen Loss: 0.066791 
Train Epoch: 102 [1300/3631 (36%)]	Gen Loss: 0.071740 
Train Epoch: 102 [1400/3631 (39%)]	Gen Loss: 0.064318 
Train Epoch: 102 [1500/3631 (41%)]	Gen Loss: 0.069245 
Train Epoch: 102 [1600/3631 (44%)]	Gen Loss: 0.061440 
Train Epoch: 102 [1700/3631 (47%)]	Gen Loss: 0.052895 
Train Epoch: 102 [1800/3631 (50%)]	Gen Loss: 0.064560 
Train Epoch: 102 [1900/3631 (52%)]	Gen Loss: 0.068239 
Train Epoch: 102 [2000/3631 (55%)]	Gen Loss: 0.077633 
Train Epoch: 102 [2100/3631 (58%)]	Gen Loss: 0.071182 
Train Epoch: 102 [2200/3631 (61%)]	Gen Loss: 0.063800 
Train Epoch: 102 [2300/3631 (63%)]	Gen Loss: 0.082481 
Train Epoch: 102 [2400/3631 (66%)]	Gen Loss: 0.057039 
Train Epoch: 102 [2500/3631 (69%)]	Gen Loss: 0.072086 
Train Epoch: 102 [2600/3631 (72%)]	Gen Loss: 0.084846 
Train Epoch: 102 [2700/3631 (74%)]	Gen Loss: 0.067900 
Train Epoch: 102 [2800/3631 (77%)]	Gen Loss: 0.067211 
Train Epoch: 102 [2900/3631 (80%)]	Gen Loss: 0.070751 
Train Epoch: 102 [3000/3631 (83%)]	Gen Loss: 0.070618 
Train Epoch: 102 [3100/3631 (85%)]	Gen Loss: 0.074069 
Train Epoch: 102 [3200/3631 (88%)]	Gen Loss: 0.079041 
Train Epoch: 102 [3300/3631 (91%)]	Gen Loss: 0.059027 
Train Epoch: 102 [3400/3631 (94%)]	Gen Loss: 0.049599 
Train Epoch: 102 [3500/3631 (96%)]	Gen Loss: 0.065263 
Train Epoch: 102 [3600/3631 (99%)]	Gen Loss: 0.062245 
==========Epoch 103==========
Train Epoch: 103 [0/3631 (0%)]	Gen Loss: 0.071668 
Train Epoch: 103 [100/3631 (3%)]	Gen Loss: 0.056804 
Train Epoch: 103 [200/3631 (6%)]	Gen Loss: 0.062360 
Train Epoch: 103 [300/3631 (8%)]	Gen Loss: 0.067266 
Train Epoch: 103 [400/3631 (11%)]	Gen Loss: 0.076776 
Train Epoch: 103 [500/3631 (14%)]	Gen Loss: 0.063471 
Train Epoch: 103 [600/3631 (17%)]	Gen Loss: 0.063267 
Train Epoch: 103 [700/3631 (19%)]	Gen Loss: 0.058934 
Train Epoch: 103 [800/3631 (22%)]	Gen Loss: 0.064045 
Train Epoch: 103 [900/3631 (25%)]	Gen Loss: 0.067561 
Train Epoch: 103 [1000/3631 (28%)]	Gen Loss: 0.060884 
Train Epoch: 103 [1100/3631 (30%)]	Gen Loss: 0.071912 
Train Epoch: 103 [1200/3631 (33%)]	Gen Loss: 0.067610 
Train Epoch: 103 [1300/3631 (36%)]	Gen Loss: 0.063549 
Train Epoch: 103 [1400/3631 (39%)]	Gen Loss: 0.066868 
Train Epoch: 103 [1500/3631 (41%)]	Gen Loss: 0.065361 
Train Epoch: 103 [1600/3631 (44%)]	Gen Loss: 0.073063 
Train Epoch: 103 [1700/3631 (47%)]	Gen Loss: 0.051802 
Train Epoch: 103 [1800/3631 (50%)]	Gen Loss: 0.074129 
Train Epoch: 103 [1900/3631 (52%)]	Gen Loss: 0.077034 
Train Epoch: 103 [2000/3631 (55%)]	Gen Loss: 0.075123 
Train Epoch: 103 [2100/3631 (58%)]	Gen Loss: 0.055860 
Train Epoch: 103 [2200/3631 (61%)]	Gen Loss: 0.070361 
Train Epoch: 103 [2300/3631 (63%)]	Gen Loss: 0.067243 
Train Epoch: 103 [2400/3631 (66%)]	Gen Loss: 0.067076 
Train Epoch: 103 [2500/3631 (69%)]	Gen Loss: 0.069212 
Train Epoch: 103 [2600/3631 (72%)]	Gen Loss: 0.073003 
Train Epoch: 103 [2700/3631 (74%)]	Gen Loss: 0.063453 
Train Epoch: 103 [2800/3631 (77%)]	Gen Loss: 0.074112 
Train Epoch: 103 [2900/3631 (80%)]	Gen Loss: 0.064084 
Train Epoch: 103 [3000/3631 (83%)]	Gen Loss: 0.066549 
Train Epoch: 103 [3100/3631 (85%)]	Gen Loss: 0.058909 
Train Epoch: 103 [3200/3631 (88%)]	Gen Loss: 0.069944 
Train Epoch: 103 [3300/3631 (91%)]	Gen Loss: 0.060245 
Train Epoch: 103 [3400/3631 (94%)]	Gen Loss: 0.063836 
Train Epoch: 103 [3500/3631 (96%)]	Gen Loss: 0.054919 
Train Epoch: 103 [3600/3631 (99%)]	Gen Loss: 0.075146 
==========Epoch 104==========
Train Epoch: 104 [0/3631 (0%)]	Gen Loss: 0.074252 
Train Epoch: 104 [100/3631 (3%)]	Gen Loss: 0.063110 
Train Epoch: 104 [200/3631 (6%)]	Gen Loss: 0.074858 
Train Epoch: 104 [300/3631 (8%)]	Gen Loss: 0.075216 
Train Epoch: 104 [400/3631 (11%)]	Gen Loss: 0.072228 
Train Epoch: 104 [500/3631 (14%)]	Gen Loss: 0.072535 
Train Epoch: 104 [600/3631 (17%)]	Gen Loss: 0.075066 
Train Epoch: 104 [700/3631 (19%)]	Gen Loss: 0.069155 
Train Epoch: 104 [800/3631 (22%)]	Gen Loss: 0.064421 
Train Epoch: 104 [900/3631 (25%)]	Gen Loss: 0.070316 
Train Epoch: 104 [1000/3631 (28%)]	Gen Loss: 0.056516 
Train Epoch: 104 [1100/3631 (30%)]	Gen Loss: 0.076803 
Train Epoch: 104 [1200/3631 (33%)]	Gen Loss: 0.074005 
Train Epoch: 104 [1300/3631 (36%)]	Gen Loss: 0.070129 
Train Epoch: 104 [1400/3631 (39%)]	Gen Loss: 0.073540 
Train Epoch: 104 [1500/3631 (41%)]	Gen Loss: 0.057189 
Train Epoch: 104 [1600/3631 (44%)]	Gen Loss: 0.072875 
Train Epoch: 104 [1700/3631 (47%)]	Gen Loss: 0.070728 
Train Epoch: 104 [1800/3631 (50%)]	Gen Loss: 0.065092 
Train Epoch: 104 [1900/3631 (52%)]	Gen Loss: 0.060475 
Train Epoch: 104 [2000/3631 (55%)]	Gen Loss: 0.072752 
Train Epoch: 104 [2100/3631 (58%)]	Gen Loss: 0.069215 
Train Epoch: 104 [2200/3631 (61%)]	Gen Loss: 0.056690 
Train Epoch: 104 [2300/3631 (63%)]	Gen Loss: 0.068360 
Train Epoch: 104 [2400/3631 (66%)]	Gen Loss: 0.066419 
Train Epoch: 104 [2500/3631 (69%)]	Gen Loss: 0.070432 
Train Epoch: 104 [2600/3631 (72%)]	Gen Loss: 0.063004 
Train Epoch: 104 [2700/3631 (74%)]	Gen Loss: 0.076106 
Train Epoch: 104 [2800/3631 (77%)]	Gen Loss: 0.080371 
Train Epoch: 104 [2900/3631 (80%)]	Gen Loss: 0.069449 
Train Epoch: 104 [3000/3631 (83%)]	Gen Loss: 0.063945 
Train Epoch: 104 [3100/3631 (85%)]	Gen Loss: 0.065538 
Train Epoch: 104 [3200/3631 (88%)]	Gen Loss: 0.063295 
Train Epoch: 104 [3300/3631 (91%)]	Gen Loss: 0.064307 
Train Epoch: 104 [3400/3631 (94%)]	Gen Loss: 0.072763 
Train Epoch: 104 [3500/3631 (96%)]	Gen Loss: 0.063102 
Train Epoch: 104 [3600/3631 (99%)]	Gen Loss: 0.081016 
==========Epoch 105==========
Train Epoch: 105 [0/3631 (0%)]	Gen Loss: 0.058502 
Train Epoch: 105 [100/3631 (3%)]	Gen Loss: 0.061876 
Train Epoch: 105 [200/3631 (6%)]	Gen Loss: 0.077487 
Train Epoch: 105 [300/3631 (8%)]	Gen Loss: 0.056677 
Train Epoch: 105 [400/3631 (11%)]	Gen Loss: 0.061259 
Train Epoch: 105 [500/3631 (14%)]	Gen Loss: 0.061909 
Train Epoch: 105 [600/3631 (17%)]	Gen Loss: 0.067923 
Train Epoch: 105 [700/3631 (19%)]	Gen Loss: 0.064429 
Train Epoch: 105 [800/3631 (22%)]	Gen Loss: 0.071325 
Train Epoch: 105 [900/3631 (25%)]	Gen Loss: 0.064724 
Train Epoch: 105 [1000/3631 (28%)]	Gen Loss: 0.059904 
Train Epoch: 105 [1100/3631 (30%)]	Gen Loss: 0.070410 
Train Epoch: 105 [1200/3631 (33%)]	Gen Loss: 0.060619 
Train Epoch: 105 [1300/3631 (36%)]	Gen Loss: 0.068035 
Train Epoch: 105 [1400/3631 (39%)]	Gen Loss: 0.064771 
Train Epoch: 105 [1500/3631 (41%)]	Gen Loss: 0.069816 
Train Epoch: 105 [1600/3631 (44%)]	Gen Loss: 0.063480 
Train Epoch: 105 [1700/3631 (47%)]	Gen Loss: 0.070534 
Train Epoch: 105 [1800/3631 (50%)]	Gen Loss: 0.062343 
Train Epoch: 105 [1900/3631 (52%)]	Gen Loss: 0.070547 
Train Epoch: 105 [2000/3631 (55%)]	Gen Loss: 0.072506 
Train Epoch: 105 [2100/3631 (58%)]	Gen Loss: 0.074943 
Train Epoch: 105 [2200/3631 (61%)]	Gen Loss: 0.074793 
Train Epoch: 105 [2300/3631 (63%)]	Gen Loss: 0.066286 
Train Epoch: 105 [2400/3631 (66%)]	Gen Loss: 0.064683 
Train Epoch: 105 [2500/3631 (69%)]	Gen Loss: 0.063928 
Train Epoch: 105 [2600/3631 (72%)]	Gen Loss: 0.070861 
Train Epoch: 105 [2700/3631 (74%)]	Gen Loss: 0.060549 
Train Epoch: 105 [2800/3631 (77%)]	Gen Loss: 0.065010 
Train Epoch: 105 [2900/3631 (80%)]	Gen Loss: 0.070223 
Train Epoch: 105 [3000/3631 (83%)]	Gen Loss: 0.068747 
Train Epoch: 105 [3100/3631 (85%)]	Gen Loss: 0.063607 
Train Epoch: 105 [3200/3631 (88%)]	Gen Loss: 0.060975 
Train Epoch: 105 [3300/3631 (91%)]	Gen Loss: 0.063758 
Train Epoch: 105 [3400/3631 (94%)]	Gen Loss: 0.071158 
Train Epoch: 105 [3500/3631 (96%)]	Gen Loss: 0.078965 
Train Epoch: 105 [3600/3631 (99%)]	Gen Loss: 0.061115 
==========Epoch 106==========
Train Epoch: 106 [0/3631 (0%)]	Gen Loss: 0.068246 
Train Epoch: 106 [100/3631 (3%)]	Gen Loss: 0.060680 
Train Epoch: 106 [200/3631 (6%)]	Gen Loss: 0.067942 
Train Epoch: 106 [300/3631 (8%)]	Gen Loss: 0.063383 
Train Epoch: 106 [400/3631 (11%)]	Gen Loss: 0.068549 
Train Epoch: 106 [500/3631 (14%)]	Gen Loss: 0.065692 
Train Epoch: 106 [600/3631 (17%)]	Gen Loss: 0.077674 
Train Epoch: 106 [700/3631 (19%)]	Gen Loss: 0.075314 
Train Epoch: 106 [800/3631 (22%)]	Gen Loss: 0.067512 
Train Epoch: 106 [900/3631 (25%)]	Gen Loss: 0.063857 
Train Epoch: 106 [1000/3631 (28%)]	Gen Loss: 0.068227 
Train Epoch: 106 [1100/3631 (30%)]	Gen Loss: 0.073635 
Train Epoch: 106 [1200/3631 (33%)]	Gen Loss: 0.065165 
Train Epoch: 106 [1300/3631 (36%)]	Gen Loss: 0.058909 
Train Epoch: 106 [1400/3631 (39%)]	Gen Loss: 0.058118 
Train Epoch: 106 [1500/3631 (41%)]	Gen Loss: 0.064415 
Train Epoch: 106 [1600/3631 (44%)]	Gen Loss: 0.063972 
Train Epoch: 106 [1700/3631 (47%)]	Gen Loss: 0.070869 
Train Epoch: 106 [1800/3631 (50%)]	Gen Loss: 0.078879 
Train Epoch: 106 [1900/3631 (52%)]	Gen Loss: 0.066957 
Train Epoch: 106 [2000/3631 (55%)]	Gen Loss: 0.063633 
Train Epoch: 106 [2100/3631 (58%)]	Gen Loss: 0.063180 
Train Epoch: 106 [2200/3631 (61%)]	Gen Loss: 0.078044 
Train Epoch: 106 [2300/3631 (63%)]	Gen Loss: 0.059355 
Train Epoch: 106 [2400/3631 (66%)]	Gen Loss: 0.053400 
Train Epoch: 106 [2500/3631 (69%)]	Gen Loss: 0.068058 
Train Epoch: 106 [2600/3631 (72%)]	Gen Loss: 0.053025 
Train Epoch: 106 [2700/3631 (74%)]	Gen Loss: 0.065648 
Train Epoch: 106 [2800/3631 (77%)]	Gen Loss: 0.065591 
Train Epoch: 106 [2900/3631 (80%)]	Gen Loss: 0.079941 
Train Epoch: 106 [3000/3631 (83%)]	Gen Loss: 0.061603 
Train Epoch: 106 [3100/3631 (85%)]	Gen Loss: 0.063108 
Train Epoch: 106 [3200/3631 (88%)]	Gen Loss: 0.068823 
Train Epoch: 106 [3300/3631 (91%)]	Gen Loss: 0.079669 
Train Epoch: 106 [3400/3631 (94%)]	Gen Loss: 0.071103 
Train Epoch: 106 [3500/3631 (96%)]	Gen Loss: 0.083460 
Train Epoch: 106 [3600/3631 (99%)]	Gen Loss: 0.072046 
==========Epoch 107==========
Train Epoch: 107 [0/3631 (0%)]	Gen Loss: 0.064045 
Train Epoch: 107 [100/3631 (3%)]	Gen Loss: 0.071787 
Train Epoch: 107 [200/3631 (6%)]	Gen Loss: 0.061143 
Train Epoch: 107 [300/3631 (8%)]	Gen Loss: 0.080729 
Train Epoch: 107 [400/3631 (11%)]	Gen Loss: 0.067775 
Train Epoch: 107 [500/3631 (14%)]	Gen Loss: 0.075017 
Train Epoch: 107 [600/3631 (17%)]	Gen Loss: 0.072042 
Train Epoch: 107 [700/3631 (19%)]	Gen Loss: 0.057807 
Train Epoch: 107 [800/3631 (22%)]	Gen Loss: 0.053944 
Train Epoch: 107 [900/3631 (25%)]	Gen Loss: 0.067950 
Train Epoch: 107 [1000/3631 (28%)]	Gen Loss: 0.064738 
Train Epoch: 107 [1100/3631 (30%)]	Gen Loss: 0.067586 
Train Epoch: 107 [1200/3631 (33%)]	Gen Loss: 0.070662 
Train Epoch: 107 [1300/3631 (36%)]	Gen Loss: 0.066500 
Train Epoch: 107 [1400/3631 (39%)]	Gen Loss: 0.074980 
Train Epoch: 107 [1500/3631 (41%)]	Gen Loss: 0.072036 
Train Epoch: 107 [1600/3631 (44%)]	Gen Loss: 0.073335 
Train Epoch: 107 [1700/3631 (47%)]	Gen Loss: 0.060116 
Train Epoch: 107 [1800/3631 (50%)]	Gen Loss: 0.053969 
Train Epoch: 107 [1900/3631 (52%)]	Gen Loss: 0.067995 
Train Epoch: 107 [2000/3631 (55%)]	Gen Loss: 0.060915 
Train Epoch: 107 [2100/3631 (58%)]	Gen Loss: 0.064119 
Train Epoch: 107 [2200/3631 (61%)]	Gen Loss: 0.059452 
Train Epoch: 107 [2300/3631 (63%)]	Gen Loss: 0.064806 
Train Epoch: 107 [2400/3631 (66%)]	Gen Loss: 0.068099 
Train Epoch: 107 [2500/3631 (69%)]	Gen Loss: 0.071071 
Train Epoch: 107 [2600/3631 (72%)]	Gen Loss: 0.067437 
Train Epoch: 107 [2700/3631 (74%)]	Gen Loss: 0.062448 
Train Epoch: 107 [2800/3631 (77%)]	Gen Loss: 0.070080 
Train Epoch: 107 [2900/3631 (80%)]	Gen Loss: 0.063941 
Train Epoch: 107 [3000/3631 (83%)]	Gen Loss: 0.071406 
Train Epoch: 107 [3100/3631 (85%)]	Gen Loss: 0.081386 
Train Epoch: 107 [3200/3631 (88%)]	Gen Loss: 0.062164 
Train Epoch: 107 [3300/3631 (91%)]	Gen Loss: 0.065464 
Train Epoch: 107 [3400/3631 (94%)]	Gen Loss: 0.055980 
Train Epoch: 107 [3500/3631 (96%)]	Gen Loss: 0.058678 
Train Epoch: 107 [3600/3631 (99%)]	Gen Loss: 0.063519 
==========Epoch 108==========
Train Epoch: 108 [0/3631 (0%)]	Gen Loss: 0.072156 
Train Epoch: 108 [100/3631 (3%)]	Gen Loss: 0.064826 
Train Epoch: 108 [200/3631 (6%)]	Gen Loss: 0.069952 
Train Epoch: 108 [300/3631 (8%)]	Gen Loss: 0.068209 
Train Epoch: 108 [400/3631 (11%)]	Gen Loss: 0.065287 
Train Epoch: 108 [500/3631 (14%)]	Gen Loss: 0.065385 
Train Epoch: 108 [600/3631 (17%)]	Gen Loss: 0.073110 
Train Epoch: 108 [700/3631 (19%)]	Gen Loss: 0.057863 
Train Epoch: 108 [800/3631 (22%)]	Gen Loss: 0.077331 
Train Epoch: 108 [900/3631 (25%)]	Gen Loss: 0.067178 
Train Epoch: 108 [1000/3631 (28%)]	Gen Loss: 0.059988 
Train Epoch: 108 [1100/3631 (30%)]	Gen Loss: 0.068305 
Train Epoch: 108 [1200/3631 (33%)]	Gen Loss: 0.063405 
Train Epoch: 108 [1300/3631 (36%)]	Gen Loss: 0.063013 
Train Epoch: 108 [1400/3631 (39%)]	Gen Loss: 0.071992 
Train Epoch: 108 [1500/3631 (41%)]	Gen Loss: 0.069889 
Train Epoch: 108 [1600/3631 (44%)]	Gen Loss: 0.074759 
Train Epoch: 108 [1700/3631 (47%)]	Gen Loss: 0.058011 
Train Epoch: 108 [1800/3631 (50%)]	Gen Loss: 0.055236 
Train Epoch: 108 [1900/3631 (52%)]	Gen Loss: 0.073814 
Train Epoch: 108 [2000/3631 (55%)]	Gen Loss: 0.066557 
Train Epoch: 108 [2100/3631 (58%)]	Gen Loss: 0.061253 
Train Epoch: 108 [2200/3631 (61%)]	Gen Loss: 0.055795 
Train Epoch: 108 [2300/3631 (63%)]	Gen Loss: 0.068509 
Train Epoch: 108 [2400/3631 (66%)]	Gen Loss: 0.062232 
Train Epoch: 108 [2500/3631 (69%)]	Gen Loss: 0.063685 
Train Epoch: 108 [2600/3631 (72%)]	Gen Loss: 0.069435 
Train Epoch: 108 [2700/3631 (74%)]	Gen Loss: 0.058871 
Train Epoch: 108 [2800/3631 (77%)]	Gen Loss: 0.071428 
Train Epoch: 108 [2900/3631 (80%)]	Gen Loss: 0.070910 
Train Epoch: 108 [3000/3631 (83%)]	Gen Loss: 0.076257 
Train Epoch: 108 [3100/3631 (85%)]	Gen Loss: 0.072620 
Train Epoch: 108 [3200/3631 (88%)]	Gen Loss: 0.080859 
Train Epoch: 108 [3300/3631 (91%)]	Gen Loss: 0.065033 
Train Epoch: 108 [3400/3631 (94%)]	Gen Loss: 0.066137 
Train Epoch: 108 [3500/3631 (96%)]	Gen Loss: 0.068493 
Train Epoch: 108 [3600/3631 (99%)]	Gen Loss: 0.061973 
==========Epoch 109==========
Train Epoch: 109 [0/3631 (0%)]	Gen Loss: 0.062327 
Train Epoch: 109 [100/3631 (3%)]	Gen Loss: 0.063636 
Train Epoch: 109 [200/3631 (6%)]	Gen Loss: 0.070242 
Train Epoch: 109 [300/3631 (8%)]	Gen Loss: 0.064696 
Train Epoch: 109 [400/3631 (11%)]	Gen Loss: 0.071650 
Train Epoch: 109 [500/3631 (14%)]	Gen Loss: 0.064950 
Train Epoch: 109 [600/3631 (17%)]	Gen Loss: 0.066595 
Train Epoch: 109 [700/3631 (19%)]	Gen Loss: 0.065827 
Train Epoch: 109 [800/3631 (22%)]	Gen Loss: 0.059834 
Train Epoch: 109 [900/3631 (25%)]	Gen Loss: 0.066170 
Train Epoch: 109 [1000/3631 (28%)]	Gen Loss: 0.077557 
Train Epoch: 109 [1100/3631 (30%)]	Gen Loss: 0.054173 
Train Epoch: 109 [1200/3631 (33%)]	Gen Loss: 0.060493 
Train Epoch: 109 [1300/3631 (36%)]	Gen Loss: 0.069481 
Train Epoch: 109 [1400/3631 (39%)]	Gen Loss: 0.078464 
Train Epoch: 109 [1500/3631 (41%)]	Gen Loss: 0.071026 
Train Epoch: 109 [1600/3631 (44%)]	Gen Loss: 0.070155 
Train Epoch: 109 [1700/3631 (47%)]	Gen Loss: 0.075824 
Train Epoch: 109 [1800/3631 (50%)]	Gen Loss: 0.068431 
Train Epoch: 109 [1900/3631 (52%)]	Gen Loss: 0.067028 
Train Epoch: 109 [2000/3631 (55%)]	Gen Loss: 0.065564 
Train Epoch: 109 [2100/3631 (58%)]	Gen Loss: 0.074412 
Train Epoch: 109 [2200/3631 (61%)]	Gen Loss: 0.063035 
Train Epoch: 109 [2300/3631 (63%)]	Gen Loss: 0.067938 
Train Epoch: 109 [2400/3631 (66%)]	Gen Loss: 0.070546 
Train Epoch: 109 [2500/3631 (69%)]	Gen Loss: 0.079042 
Train Epoch: 109 [2600/3631 (72%)]	Gen Loss: 0.065925 
Train Epoch: 109 [2700/3631 (74%)]	Gen Loss: 0.056694 
Train Epoch: 109 [2800/3631 (77%)]	Gen Loss: 0.059321 
Train Epoch: 109 [2900/3631 (80%)]	Gen Loss: 0.063098 
Train Epoch: 109 [3000/3631 (83%)]	Gen Loss: 0.066247 
Train Epoch: 109 [3100/3631 (85%)]	Gen Loss: 0.064278 
Train Epoch: 109 [3200/3631 (88%)]	Gen Loss: 0.075181 
Train Epoch: 109 [3300/3631 (91%)]	Gen Loss: 0.062600 
Train Epoch: 109 [3400/3631 (94%)]	Gen Loss: 0.064973 
Train Epoch: 109 [3500/3631 (96%)]	Gen Loss: 0.071967 
Train Epoch: 109 [3600/3631 (99%)]	Gen Loss: 0.068348 
==========Epoch 110==========
Train Epoch: 110 [0/3631 (0%)]	Gen Loss: 0.066658 
Train Epoch: 110 [100/3631 (3%)]	Gen Loss: 0.055778 
Train Epoch: 110 [200/3631 (6%)]	Gen Loss: 0.062975 
Train Epoch: 110 [300/3631 (8%)]	Gen Loss: 0.064507 
Train Epoch: 110 [400/3631 (11%)]	Gen Loss: 0.067305 
Train Epoch: 110 [500/3631 (14%)]	Gen Loss: 0.065062 
Train Epoch: 110 [600/3631 (17%)]	Gen Loss: 0.063630 
Train Epoch: 110 [700/3631 (19%)]	Gen Loss: 0.064941 
Train Epoch: 110 [800/3631 (22%)]	Gen Loss: 0.056057 
Train Epoch: 110 [900/3631 (25%)]	Gen Loss: 0.072279 
Train Epoch: 110 [1000/3631 (28%)]	Gen Loss: 0.074770 
Train Epoch: 110 [1100/3631 (30%)]	Gen Loss: 0.062184 
Train Epoch: 110 [1200/3631 (33%)]	Gen Loss: 0.064644 
Train Epoch: 110 [1300/3631 (36%)]	Gen Loss: 0.055479 
Train Epoch: 110 [1400/3631 (39%)]	Gen Loss: 0.070023 
Train Epoch: 110 [1500/3631 (41%)]	Gen Loss: 0.061872 
Train Epoch: 110 [1600/3631 (44%)]	Gen Loss: 0.063876 
Train Epoch: 110 [1700/3631 (47%)]	Gen Loss: 0.064039 
Train Epoch: 110 [1800/3631 (50%)]	Gen Loss: 0.070709 
Train Epoch: 110 [1900/3631 (52%)]	Gen Loss: 0.076770 
Train Epoch: 110 [2000/3631 (55%)]	Gen Loss: 0.069140 
Train Epoch: 110 [2100/3631 (58%)]	Gen Loss: 0.077350 
Train Epoch: 110 [2200/3631 (61%)]	Gen Loss: 0.058312 
Train Epoch: 110 [2300/3631 (63%)]	Gen Loss: 0.070087 
Train Epoch: 110 [2400/3631 (66%)]	Gen Loss: 0.062908 
Train Epoch: 110 [2500/3631 (69%)]	Gen Loss: 0.075916 
Train Epoch: 110 [2600/3631 (72%)]	Gen Loss: 0.062299 
Train Epoch: 110 [2700/3631 (74%)]	Gen Loss: 0.072411 
Train Epoch: 110 [2800/3631 (77%)]	Gen Loss: 0.070650 
Train Epoch: 110 [2900/3631 (80%)]	Gen Loss: 0.068684 
Train Epoch: 110 [3000/3631 (83%)]	Gen Loss: 0.056065 
Train Epoch: 110 [3100/3631 (85%)]	Gen Loss: 0.075604 
Train Epoch: 110 [3200/3631 (88%)]	Gen Loss: 0.076108 
Train Epoch: 110 [3300/3631 (91%)]	Gen Loss: 0.070676 
Train Epoch: 110 [3400/3631 (94%)]	Gen Loss: 0.057784 
Train Epoch: 110 [3500/3631 (96%)]	Gen Loss: 0.061489 
Train Epoch: 110 [3600/3631 (99%)]	Gen Loss: 0.078330 
==========Epoch 111==========
Train Epoch: 111 [0/3631 (0%)]	Gen Loss: 0.070221 
Train Epoch: 111 [100/3631 (3%)]	Gen Loss: 0.065380 
Train Epoch: 111 [200/3631 (6%)]	Gen Loss: 0.062930 
Train Epoch: 111 [300/3631 (8%)]	Gen Loss: 0.068062 
Train Epoch: 111 [400/3631 (11%)]	Gen Loss: 0.065030 
Train Epoch: 111 [500/3631 (14%)]	Gen Loss: 0.062000 
Train Epoch: 111 [600/3631 (17%)]	Gen Loss: 0.076055 
Train Epoch: 111 [700/3631 (19%)]	Gen Loss: 0.065853 
Train Epoch: 111 [800/3631 (22%)]	Gen Loss: 0.062716 
Train Epoch: 111 [900/3631 (25%)]	Gen Loss: 0.066183 
Train Epoch: 111 [1000/3631 (28%)]	Gen Loss: 0.066972 
Train Epoch: 111 [1100/3631 (30%)]	Gen Loss: 0.068178 
Train Epoch: 111 [1200/3631 (33%)]	Gen Loss: 0.077176 
Train Epoch: 111 [1300/3631 (36%)]	Gen Loss: 0.070208 
Train Epoch: 111 [1400/3631 (39%)]	Gen Loss: 0.066975 
Train Epoch: 111 [1500/3631 (41%)]	Gen Loss: 0.075157 
Train Epoch: 111 [1600/3631 (44%)]	Gen Loss: 0.070903 
Train Epoch: 111 [1700/3631 (47%)]	Gen Loss: 0.065191 
Train Epoch: 111 [1800/3631 (50%)]	Gen Loss: 0.068503 
Train Epoch: 111 [1900/3631 (52%)]	Gen Loss: 0.052911 
Train Epoch: 111 [2000/3631 (55%)]	Gen Loss: 0.068098 
Train Epoch: 111 [2100/3631 (58%)]	Gen Loss: 0.061741 
Train Epoch: 111 [2200/3631 (61%)]	Gen Loss: 0.067191 
Train Epoch: 111 [2300/3631 (63%)]	Gen Loss: 0.068573 
Train Epoch: 111 [2400/3631 (66%)]	Gen Loss: 0.047403 
Train Epoch: 111 [2500/3631 (69%)]	Gen Loss: 0.067570 
Train Epoch: 111 [2600/3631 (72%)]	Gen Loss: 0.072557 
Train Epoch: 111 [2700/3631 (74%)]	Gen Loss: 0.055714 
Train Epoch: 111 [2800/3631 (77%)]	Gen Loss: 0.060193 
Train Epoch: 111 [2900/3631 (80%)]	Gen Loss: 0.069321 
Train Epoch: 111 [3000/3631 (83%)]	Gen Loss: 0.077328 
Train Epoch: 111 [3100/3631 (85%)]	Gen Loss: 0.087921 
Train Epoch: 111 [3200/3631 (88%)]	Gen Loss: 0.068579 
Train Epoch: 111 [3300/3631 (91%)]	Gen Loss: 0.074970 
Train Epoch: 111 [3400/3631 (94%)]	Gen Loss: 0.069550 
Train Epoch: 111 [3500/3631 (96%)]	Gen Loss: 0.077700 
Train Epoch: 111 [3600/3631 (99%)]	Gen Loss: 0.062512 
==========Epoch 112==========
Train Epoch: 112 [0/3631 (0%)]	Gen Loss: 0.071433 
Train Epoch: 112 [100/3631 (3%)]	Gen Loss: 0.049423 
Train Epoch: 112 [200/3631 (6%)]	Gen Loss: 0.067980 
Train Epoch: 112 [300/3631 (8%)]	Gen Loss: 0.072015 
Train Epoch: 112 [400/3631 (11%)]	Gen Loss: 0.055039 
Train Epoch: 112 [500/3631 (14%)]	Gen Loss: 0.056221 
Train Epoch: 112 [600/3631 (17%)]	Gen Loss: 0.067383 
Train Epoch: 112 [700/3631 (19%)]	Gen Loss: 0.060991 
Train Epoch: 112 [800/3631 (22%)]	Gen Loss: 0.066956 
Train Epoch: 112 [900/3631 (25%)]	Gen Loss: 0.061430 
Train Epoch: 112 [1000/3631 (28%)]	Gen Loss: 0.071238 
Train Epoch: 112 [1100/3631 (30%)]	Gen Loss: 0.058490 
Train Epoch: 112 [1200/3631 (33%)]	Gen Loss: 0.064140 
Train Epoch: 112 [1300/3631 (36%)]	Gen Loss: 0.064663 
Train Epoch: 112 [1400/3631 (39%)]	Gen Loss: 0.062184 
Train Epoch: 112 [1500/3631 (41%)]	Gen Loss: 0.065076 
Train Epoch: 112 [1600/3631 (44%)]	Gen Loss: 0.070532 
Train Epoch: 112 [1700/3631 (47%)]	Gen Loss: 0.073215 
Train Epoch: 112 [1800/3631 (50%)]	Gen Loss: 0.062955 
Train Epoch: 112 [1900/3631 (52%)]	Gen Loss: 0.081406 
Train Epoch: 112 [2000/3631 (55%)]	Gen Loss: 0.062806 
Train Epoch: 112 [2100/3631 (58%)]	Gen Loss: 0.069683 
Train Epoch: 112 [2200/3631 (61%)]	Gen Loss: 0.070909 
Train Epoch: 112 [2300/3631 (63%)]	Gen Loss: 0.065868 
Train Epoch: 112 [2400/3631 (66%)]	Gen Loss: 0.058033 
Train Epoch: 112 [2500/3631 (69%)]	Gen Loss: 0.059899 
Train Epoch: 112 [2600/3631 (72%)]	Gen Loss: 0.066720 
Train Epoch: 112 [2700/3631 (74%)]	Gen Loss: 0.067883 
Train Epoch: 112 [2800/3631 (77%)]	Gen Loss: 0.069269 
Train Epoch: 112 [2900/3631 (80%)]	Gen Loss: 0.065061 
Train Epoch: 112 [3000/3631 (83%)]	Gen Loss: 0.065912 
Train Epoch: 112 [3100/3631 (85%)]	Gen Loss: 0.067273 
Train Epoch: 112 [3200/3631 (88%)]	Gen Loss: 0.061636 
Train Epoch: 112 [3300/3631 (91%)]	Gen Loss: 0.056359 
Train Epoch: 112 [3400/3631 (94%)]	Gen Loss: 0.066151 
Train Epoch: 112 [3500/3631 (96%)]	Gen Loss: 0.074628 
Train Epoch: 112 [3600/3631 (99%)]	Gen Loss: 0.063786 
==========Epoch 113==========
Train Epoch: 113 [0/3631 (0%)]	Gen Loss: 0.076377 
Train Epoch: 113 [100/3631 (3%)]	Gen Loss: 0.061965 
Train Epoch: 113 [200/3631 (6%)]	Gen Loss: 0.063337 
Train Epoch: 113 [300/3631 (8%)]	Gen Loss: 0.063487 
Train Epoch: 113 [400/3631 (11%)]	Gen Loss: 0.076887 
Train Epoch: 113 [500/3631 (14%)]	Gen Loss: 0.060806 
Train Epoch: 113 [600/3631 (17%)]	Gen Loss: 0.080162 
Train Epoch: 113 [700/3631 (19%)]	Gen Loss: 0.057467 
Train Epoch: 113 [800/3631 (22%)]	Gen Loss: 0.066543 
Train Epoch: 113 [900/3631 (25%)]	Gen Loss: 0.055072 
Train Epoch: 113 [1000/3631 (28%)]	Gen Loss: 0.068063 
Train Epoch: 113 [1100/3631 (30%)]	Gen Loss: 0.060437 
Train Epoch: 113 [1200/3631 (33%)]	Gen Loss: 0.065327 
Train Epoch: 113 [1300/3631 (36%)]	Gen Loss: 0.067732 
Train Epoch: 113 [1400/3631 (39%)]	Gen Loss: 0.068861 
Train Epoch: 113 [1500/3631 (41%)]	Gen Loss: 0.065243 
Train Epoch: 113 [1600/3631 (44%)]	Gen Loss: 0.062599 
Train Epoch: 113 [1700/3631 (47%)]	Gen Loss: 0.061580 
Train Epoch: 113 [1800/3631 (50%)]	Gen Loss: 0.060842 
Train Epoch: 113 [1900/3631 (52%)]	Gen Loss: 0.071570 
Train Epoch: 113 [2000/3631 (55%)]	Gen Loss: 0.067898 
Train Epoch: 113 [2100/3631 (58%)]	Gen Loss: 0.060546 
Train Epoch: 113 [2200/3631 (61%)]	Gen Loss: 0.062782 
Train Epoch: 113 [2300/3631 (63%)]	Gen Loss: 0.065130 
Train Epoch: 113 [2400/3631 (66%)]	Gen Loss: 0.063337 
Train Epoch: 113 [2500/3631 (69%)]	Gen Loss: 0.070170 
Train Epoch: 113 [2600/3631 (72%)]	Gen Loss: 0.070112 
Train Epoch: 113 [2700/3631 (74%)]	Gen Loss: 0.057656 
Train Epoch: 113 [2800/3631 (77%)]	Gen Loss: 0.075240 
Train Epoch: 113 [2900/3631 (80%)]	Gen Loss: 0.066409 
Train Epoch: 113 [3000/3631 (83%)]	Gen Loss: 0.054279 
Train Epoch: 113 [3100/3631 (85%)]	Gen Loss: 0.055086 
Train Epoch: 113 [3200/3631 (88%)]	Gen Loss: 0.071667 
Train Epoch: 113 [3300/3631 (91%)]	Gen Loss: 0.063186 
Train Epoch: 113 [3400/3631 (94%)]	Gen Loss: 0.064172 
Train Epoch: 113 [3500/3631 (96%)]	Gen Loss: 0.069014 
Train Epoch: 113 [3600/3631 (99%)]	Gen Loss: 0.074774 
==========Epoch 114==========
Train Epoch: 114 [0/3631 (0%)]	Gen Loss: 0.063936 
Train Epoch: 114 [100/3631 (3%)]	Gen Loss: 0.061797 
Train Epoch: 114 [200/3631 (6%)]	Gen Loss: 0.067223 
Train Epoch: 114 [300/3631 (8%)]	Gen Loss: 0.072185 
Train Epoch: 114 [400/3631 (11%)]	Gen Loss: 0.061839 
Train Epoch: 114 [500/3631 (14%)]	Gen Loss: 0.069968 
Train Epoch: 114 [600/3631 (17%)]	Gen Loss: 0.058385 
Train Epoch: 114 [700/3631 (19%)]	Gen Loss: 0.062105 
Train Epoch: 114 [800/3631 (22%)]	Gen Loss: 0.060993 
Train Epoch: 114 [900/3631 (25%)]	Gen Loss: 0.068642 
Train Epoch: 114 [1000/3631 (28%)]	Gen Loss: 0.063503 
Train Epoch: 114 [1100/3631 (30%)]	Gen Loss: 0.074150 
Train Epoch: 114 [1200/3631 (33%)]	Gen Loss: 0.069759 
Train Epoch: 114 [1300/3631 (36%)]	Gen Loss: 0.056834 
Train Epoch: 114 [1400/3631 (39%)]	Gen Loss: 0.072975 
Train Epoch: 114 [1500/3631 (41%)]	Gen Loss: 0.080266 
Train Epoch: 114 [1600/3631 (44%)]	Gen Loss: 0.065022 
Train Epoch: 114 [1700/3631 (47%)]	Gen Loss: 0.064789 
Train Epoch: 114 [1800/3631 (50%)]	Gen Loss: 0.074502 
Train Epoch: 114 [1900/3631 (52%)]	Gen Loss: 0.079119 
Train Epoch: 114 [2000/3631 (55%)]	Gen Loss: 0.066010 
Train Epoch: 114 [2100/3631 (58%)]	Gen Loss: 0.061528 
Train Epoch: 114 [2200/3631 (61%)]	Gen Loss: 0.054415 
Train Epoch: 114 [2300/3631 (63%)]	Gen Loss: 0.073967 
Train Epoch: 114 [2400/3631 (66%)]	Gen Loss: 0.072087 
Train Epoch: 114 [2500/3631 (69%)]	Gen Loss: 0.067085 
Train Epoch: 114 [2600/3631 (72%)]	Gen Loss: 0.070900 
Train Epoch: 114 [2700/3631 (74%)]	Gen Loss: 0.073427 
Train Epoch: 114 [2800/3631 (77%)]	Gen Loss: 0.060961 
Train Epoch: 114 [2900/3631 (80%)]	Gen Loss: 0.059906 
Train Epoch: 114 [3000/3631 (83%)]	Gen Loss: 0.060091 
Train Epoch: 114 [3100/3631 (85%)]	Gen Loss: 0.064490 
Train Epoch: 114 [3200/3631 (88%)]	Gen Loss: 0.070036 
Train Epoch: 114 [3300/3631 (91%)]	Gen Loss: 0.064044 
Train Epoch: 114 [3400/3631 (94%)]	Gen Loss: 0.070349 
Train Epoch: 114 [3500/3631 (96%)]	Gen Loss: 0.071016 
Train Epoch: 114 [3600/3631 (99%)]	Gen Loss: 0.068678 
==========Epoch 115==========
Train Epoch: 115 [0/3631 (0%)]	Gen Loss: 0.071022 
Train Epoch: 115 [100/3631 (3%)]	Gen Loss: 0.065031 
Train Epoch: 115 [200/3631 (6%)]	Gen Loss: 0.057968 
Train Epoch: 115 [300/3631 (8%)]	Gen Loss: 0.064283 
Train Epoch: 115 [400/3631 (11%)]	Gen Loss: 0.067470 
Train Epoch: 115 [500/3631 (14%)]	Gen Loss: 0.063334 
Train Epoch: 115 [600/3631 (17%)]	Gen Loss: 0.078094 
Train Epoch: 115 [700/3631 (19%)]	Gen Loss: 0.059011 
Train Epoch: 115 [800/3631 (22%)]	Gen Loss: 0.071869 
Train Epoch: 115 [900/3631 (25%)]	Gen Loss: 0.058802 
Train Epoch: 115 [1000/3631 (28%)]	Gen Loss: 0.064063 
Train Epoch: 115 [1100/3631 (30%)]	Gen Loss: 0.064431 
Train Epoch: 115 [1200/3631 (33%)]	Gen Loss: 0.059537 
Train Epoch: 115 [1300/3631 (36%)]	Gen Loss: 0.085844 
Train Epoch: 115 [1400/3631 (39%)]	Gen Loss: 0.066549 
Train Epoch: 115 [1500/3631 (41%)]	Gen Loss: 0.061582 
Train Epoch: 115 [1600/3631 (44%)]	Gen Loss: 0.066330 
Train Epoch: 115 [1700/3631 (47%)]	Gen Loss: 0.059101 
Train Epoch: 115 [1800/3631 (50%)]	Gen Loss: 0.061181 
Train Epoch: 115 [1900/3631 (52%)]	Gen Loss: 0.067667 
Train Epoch: 115 [2000/3631 (55%)]	Gen Loss: 0.073417 
Train Epoch: 115 [2100/3631 (58%)]	Gen Loss: 0.068411 
Train Epoch: 115 [2200/3631 (61%)]	Gen Loss: 0.072946 
Train Epoch: 115 [2300/3631 (63%)]	Gen Loss: 0.067448 
Train Epoch: 115 [2400/3631 (66%)]	Gen Loss: 0.052632 
Train Epoch: 115 [2500/3631 (69%)]	Gen Loss: 0.057236 
Train Epoch: 115 [2600/3631 (72%)]	Gen Loss: 0.070725 
Train Epoch: 115 [2700/3631 (74%)]	Gen Loss: 0.077083 
Train Epoch: 115 [2800/3631 (77%)]	Gen Loss: 0.064681 
Train Epoch: 115 [2900/3631 (80%)]	Gen Loss: 0.061333 
Train Epoch: 115 [3000/3631 (83%)]	Gen Loss: 0.054673 
Train Epoch: 115 [3100/3631 (85%)]	Gen Loss: 0.070890 
Train Epoch: 115 [3200/3631 (88%)]	Gen Loss: 0.057586 
Train Epoch: 115 [3300/3631 (91%)]	Gen Loss: 0.073318 
Train Epoch: 115 [3400/3631 (94%)]	Gen Loss: 0.072382 
Train Epoch: 115 [3500/3631 (96%)]	Gen Loss: 0.065184 
Train Epoch: 115 [3600/3631 (99%)]	Gen Loss: 0.052539 
==========Epoch 116==========
Train Epoch: 116 [0/3631 (0%)]	Gen Loss: 0.060418 
Train Epoch: 116 [100/3631 (3%)]	Gen Loss: 0.078888 
Train Epoch: 116 [200/3631 (6%)]	Gen Loss: 0.058748 
Train Epoch: 116 [300/3631 (8%)]	Gen Loss: 0.058759 
Train Epoch: 116 [400/3631 (11%)]	Gen Loss: 0.056236 
Train Epoch: 116 [500/3631 (14%)]	Gen Loss: 0.078297 
Train Epoch: 116 [600/3631 (17%)]	Gen Loss: 0.060829 
Train Epoch: 116 [700/3631 (19%)]	Gen Loss: 0.082018 
Train Epoch: 116 [800/3631 (22%)]	Gen Loss: 0.053704 
Train Epoch: 116 [900/3631 (25%)]	Gen Loss: 0.077530 
Train Epoch: 116 [1000/3631 (28%)]	Gen Loss: 0.072421 
Train Epoch: 116 [1100/3631 (30%)]	Gen Loss: 0.069173 
Train Epoch: 116 [1200/3631 (33%)]	Gen Loss: 0.069375 
Train Epoch: 116 [1300/3631 (36%)]	Gen Loss: 0.057220 
Train Epoch: 116 [1400/3631 (39%)]	Gen Loss: 0.072551 
Train Epoch: 116 [1500/3631 (41%)]	Gen Loss: 0.074328 
Train Epoch: 116 [1600/3631 (44%)]	Gen Loss: 0.073481 
Train Epoch: 116 [1700/3631 (47%)]	Gen Loss: 0.073446 
Train Epoch: 116 [1800/3631 (50%)]	Gen Loss: 0.067688 
Train Epoch: 116 [1900/3631 (52%)]	Gen Loss: 0.050007 
Train Epoch: 116 [2000/3631 (55%)]	Gen Loss: 0.058336 
Train Epoch: 116 [2100/3631 (58%)]	Gen Loss: 0.068495 
Train Epoch: 116 [2200/3631 (61%)]	Gen Loss: 0.060508 
Train Epoch: 116 [2300/3631 (63%)]	Gen Loss: 0.057951 
Train Epoch: 116 [2400/3631 (66%)]	Gen Loss: 0.072804 
Train Epoch: 116 [2500/3631 (69%)]	Gen Loss: 0.063024 
Train Epoch: 116 [2600/3631 (72%)]	Gen Loss: 0.076967 
Train Epoch: 116 [2700/3631 (74%)]	Gen Loss: 0.062315 
Train Epoch: 116 [2800/3631 (77%)]	Gen Loss: 0.062974 
Train Epoch: 116 [2900/3631 (80%)]	Gen Loss: 0.068919 
Train Epoch: 116 [3000/3631 (83%)]	Gen Loss: 0.053414 
Train Epoch: 116 [3100/3631 (85%)]	Gen Loss: 0.063333 
Train Epoch: 116 [3200/3631 (88%)]	Gen Loss: 0.058947 
Train Epoch: 116 [3300/3631 (91%)]	Gen Loss: 0.069267 
Train Epoch: 116 [3400/3631 (94%)]	Gen Loss: 0.072921 
Train Epoch: 116 [3500/3631 (96%)]	Gen Loss: 0.069696 
Train Epoch: 116 [3600/3631 (99%)]	Gen Loss: 0.069439 
==========Epoch 117==========
Train Epoch: 117 [0/3631 (0%)]	Gen Loss: 0.061886 
Train Epoch: 117 [100/3631 (3%)]	Gen Loss: 0.070890 
Train Epoch: 117 [200/3631 (6%)]	Gen Loss: 0.085985 
Train Epoch: 117 [300/3631 (8%)]	Gen Loss: 0.060254 
Train Epoch: 117 [400/3631 (11%)]	Gen Loss: 0.065716 
Train Epoch: 117 [500/3631 (14%)]	Gen Loss: 0.073966 
Train Epoch: 117 [600/3631 (17%)]	Gen Loss: 0.061108 
Train Epoch: 117 [700/3631 (19%)]	Gen Loss: 0.054508 
Train Epoch: 117 [800/3631 (22%)]	Gen Loss: 0.067195 
Train Epoch: 117 [900/3631 (25%)]	Gen Loss: 0.068312 
Train Epoch: 117 [1000/3631 (28%)]	Gen Loss: 0.068656 
Train Epoch: 117 [1100/3631 (30%)]	Gen Loss: 0.064354 
Train Epoch: 117 [1200/3631 (33%)]	Gen Loss: 0.068146 
Train Epoch: 117 [1300/3631 (36%)]	Gen Loss: 0.056149 
Train Epoch: 117 [1400/3631 (39%)]	Gen Loss: 0.055840 
Train Epoch: 117 [1500/3631 (41%)]	Gen Loss: 0.071028 
Train Epoch: 117 [1600/3631 (44%)]	Gen Loss: 0.078187 
Train Epoch: 117 [1700/3631 (47%)]	Gen Loss: 0.068264 
Train Epoch: 117 [1800/3631 (50%)]	Gen Loss: 0.053933 
Train Epoch: 117 [1900/3631 (52%)]	Gen Loss: 0.066709 
Train Epoch: 117 [2000/3631 (55%)]	Gen Loss: 0.064992 
Train Epoch: 117 [2100/3631 (58%)]	Gen Loss: 0.069608 
Train Epoch: 117 [2200/3631 (61%)]	Gen Loss: 0.068516 
Train Epoch: 117 [2300/3631 (63%)]	Gen Loss: 0.076498 
Train Epoch: 117 [2400/3631 (66%)]	Gen Loss: 0.058068 
Train Epoch: 117 [2500/3631 (69%)]	Gen Loss: 0.063854 
Train Epoch: 117 [2600/3631 (72%)]	Gen Loss: 0.060121 
Train Epoch: 117 [2700/3631 (74%)]	Gen Loss: 0.067001 
Train Epoch: 117 [2800/3631 (77%)]	Gen Loss: 0.071455 
Train Epoch: 117 [2900/3631 (80%)]	Gen Loss: 0.053765 
Train Epoch: 117 [3000/3631 (83%)]	Gen Loss: 0.067929 
Train Epoch: 117 [3100/3631 (85%)]	Gen Loss: 0.064943 
Train Epoch: 117 [3200/3631 (88%)]	Gen Loss: 0.061557 
Train Epoch: 117 [3300/3631 (91%)]	Gen Loss: 0.065782 
Train Epoch: 117 [3400/3631 (94%)]	Gen Loss: 0.068545 
Train Epoch: 117 [3500/3631 (96%)]	Gen Loss: 0.069003 
Train Epoch: 117 [3600/3631 (99%)]	Gen Loss: 0.063817 
==========Epoch 118==========
Train Epoch: 118 [0/3631 (0%)]	Gen Loss: 0.082691 
Train Epoch: 118 [100/3631 (3%)]	Gen Loss: 0.063089 
Train Epoch: 118 [200/3631 (6%)]	Gen Loss: 0.066248 
Train Epoch: 118 [300/3631 (8%)]	Gen Loss: 0.056084 
Train Epoch: 118 [400/3631 (11%)]	Gen Loss: 0.071930 
Train Epoch: 118 [500/3631 (14%)]	Gen Loss: 0.077895 
Train Epoch: 118 [600/3631 (17%)]	Gen Loss: 0.063710 
Train Epoch: 118 [700/3631 (19%)]	Gen Loss: 0.066287 
Train Epoch: 118 [800/3631 (22%)]	Gen Loss: 0.067215 
Train Epoch: 118 [900/3631 (25%)]	Gen Loss: 0.062192 
Train Epoch: 118 [1000/3631 (28%)]	Gen Loss: 0.059387 
Train Epoch: 118 [1100/3631 (30%)]	Gen Loss: 0.065561 
Train Epoch: 118 [1200/3631 (33%)]	Gen Loss: 0.067334 
Train Epoch: 118 [1300/3631 (36%)]	Gen Loss: 0.064886 
Train Epoch: 118 [1400/3631 (39%)]	Gen Loss: 0.064671 
Train Epoch: 118 [1500/3631 (41%)]	Gen Loss: 0.063058 
Train Epoch: 118 [1600/3631 (44%)]	Gen Loss: 0.068852 
Train Epoch: 118 [1700/3631 (47%)]	Gen Loss: 0.063017 
Train Epoch: 118 [1800/3631 (50%)]	Gen Loss: 0.069716 
Train Epoch: 118 [1900/3631 (52%)]	Gen Loss: 0.062966 
Train Epoch: 118 [2000/3631 (55%)]	Gen Loss: 0.070764 
Train Epoch: 118 [2100/3631 (58%)]	Gen Loss: 0.065155 
Train Epoch: 118 [2200/3631 (61%)]	Gen Loss: 0.072360 
Train Epoch: 118 [2300/3631 (63%)]	Gen Loss: 0.073757 
Train Epoch: 118 [2400/3631 (66%)]	Gen Loss: 0.066892 
Train Epoch: 118 [2500/3631 (69%)]	Gen Loss: 0.073495 
Train Epoch: 118 [2600/3631 (72%)]	Gen Loss: 0.071176 
Train Epoch: 118 [2700/3631 (74%)]	Gen Loss: 0.070417 
Train Epoch: 118 [2800/3631 (77%)]	Gen Loss: 0.063817 
Train Epoch: 118 [2900/3631 (80%)]	Gen Loss: 0.076846 
Train Epoch: 118 [3000/3631 (83%)]	Gen Loss: 0.070308 
Train Epoch: 118 [3100/3631 (85%)]	Gen Loss: 0.060662 
Train Epoch: 118 [3200/3631 (88%)]	Gen Loss: 0.072316 
Train Epoch: 118 [3300/3631 (91%)]	Gen Loss: 0.069861 
Train Epoch: 118 [3400/3631 (94%)]	Gen Loss: 0.065588 
Train Epoch: 118 [3500/3631 (96%)]	Gen Loss: 0.063210 
Train Epoch: 118 [3600/3631 (99%)]	Gen Loss: 0.058332 
==========Epoch 119==========
Train Epoch: 119 [0/3631 (0%)]	Gen Loss: 0.069065 
Train Epoch: 119 [100/3631 (3%)]	Gen Loss: 0.076641 
Train Epoch: 119 [200/3631 (6%)]	Gen Loss: 0.059203 
Train Epoch: 119 [300/3631 (8%)]	Gen Loss: 0.061073 
Train Epoch: 119 [400/3631 (11%)]	Gen Loss: 0.074466 
Train Epoch: 119 [500/3631 (14%)]	Gen Loss: 0.073252 
Train Epoch: 119 [600/3631 (17%)]	Gen Loss: 0.079200 
Train Epoch: 119 [700/3631 (19%)]	Gen Loss: 0.067470 
Train Epoch: 119 [800/3631 (22%)]	Gen Loss: 0.069105 
Train Epoch: 119 [900/3631 (25%)]	Gen Loss: 0.057967 
Train Epoch: 119 [1000/3631 (28%)]	Gen Loss: 0.064464 
Train Epoch: 119 [1100/3631 (30%)]	Gen Loss: 0.067779 
Train Epoch: 119 [1200/3631 (33%)]	Gen Loss: 0.056569 
Train Epoch: 119 [1300/3631 (36%)]	Gen Loss: 0.065289 
Train Epoch: 119 [1400/3631 (39%)]	Gen Loss: 0.068534 
Train Epoch: 119 [1500/3631 (41%)]	Gen Loss: 0.078174 
Train Epoch: 119 [1600/3631 (44%)]	Gen Loss: 0.066574 
Train Epoch: 119 [1700/3631 (47%)]	Gen Loss: 0.085876 
Train Epoch: 119 [1800/3631 (50%)]	Gen Loss: 0.068421 
Train Epoch: 119 [1900/3631 (52%)]	Gen Loss: 0.064876 
Train Epoch: 119 [2000/3631 (55%)]	Gen Loss: 0.080913 
Train Epoch: 119 [2100/3631 (58%)]	Gen Loss: 0.063009 
Train Epoch: 119 [2200/3631 (61%)]	Gen Loss: 0.062466 
Train Epoch: 119 [2300/3631 (63%)]	Gen Loss: 0.062603 
Train Epoch: 119 [2400/3631 (66%)]	Gen Loss: 0.056077 
Train Epoch: 119 [2500/3631 (69%)]	Gen Loss: 0.058387 
Train Epoch: 119 [2600/3631 (72%)]	Gen Loss: 0.058711 
Train Epoch: 119 [2700/3631 (74%)]	Gen Loss: 0.062830 
Train Epoch: 119 [2800/3631 (77%)]	Gen Loss: 0.068665 
Train Epoch: 119 [2900/3631 (80%)]	Gen Loss: 0.061775 
Train Epoch: 119 [3000/3631 (83%)]	Gen Loss: 0.071325 
Train Epoch: 119 [3100/3631 (85%)]	Gen Loss: 0.056823 
Train Epoch: 119 [3200/3631 (88%)]	Gen Loss: 0.059208 
Train Epoch: 119 [3300/3631 (91%)]	Gen Loss: 0.065135 
Train Epoch: 119 [3400/3631 (94%)]	Gen Loss: 0.068852 
Train Epoch: 119 [3500/3631 (96%)]	Gen Loss: 0.060702 
Train Epoch: 119 [3600/3631 (99%)]	Gen Loss: 0.063570 
==========Epoch 120==========
Train Epoch: 120 [0/3631 (0%)]	Gen Loss: 0.075497 
Train Epoch: 120 [100/3631 (3%)]	Gen Loss: 0.059466 
Train Epoch: 120 [200/3631 (6%)]	Gen Loss: 0.053206 
Train Epoch: 120 [300/3631 (8%)]	Gen Loss: 0.062355 
Train Epoch: 120 [400/3631 (11%)]	Gen Loss: 0.062211 
Train Epoch: 120 [500/3631 (14%)]	Gen Loss: 0.074251 
Train Epoch: 120 [600/3631 (17%)]	Gen Loss: 0.059974 
Train Epoch: 120 [700/3631 (19%)]	Gen Loss: 0.064655 
Train Epoch: 120 [800/3631 (22%)]	Gen Loss: 0.062538 
Train Epoch: 120 [900/3631 (25%)]	Gen Loss: 0.071097 
Train Epoch: 120 [1000/3631 (28%)]	Gen Loss: 0.061756 
Train Epoch: 120 [1100/3631 (30%)]	Gen Loss: 0.060476 
Train Epoch: 120 [1200/3631 (33%)]	Gen Loss: 0.072125 
Train Epoch: 120 [1300/3631 (36%)]	Gen Loss: 0.061753 
Train Epoch: 120 [1400/3631 (39%)]	Gen Loss: 0.071944 
Train Epoch: 120 [1500/3631 (41%)]	Gen Loss: 0.071956 
Train Epoch: 120 [1600/3631 (44%)]	Gen Loss: 0.062356 
Train Epoch: 120 [1700/3631 (47%)]	Gen Loss: 0.068107 
Train Epoch: 120 [1800/3631 (50%)]	Gen Loss: 0.077302 
Train Epoch: 120 [1900/3631 (52%)]	Gen Loss: 0.059285 
Train Epoch: 120 [2000/3631 (55%)]	Gen Loss: 0.059886 
Train Epoch: 120 [2100/3631 (58%)]	Gen Loss: 0.054685 
Train Epoch: 120 [2200/3631 (61%)]	Gen Loss: 0.079974 
Train Epoch: 120 [2300/3631 (63%)]	Gen Loss: 0.067431 
Train Epoch: 120 [2400/3631 (66%)]	Gen Loss: 0.056525 
Train Epoch: 120 [2500/3631 (69%)]	Gen Loss: 0.068101 
Train Epoch: 120 [2600/3631 (72%)]	Gen Loss: 0.067947 
Train Epoch: 120 [2700/3631 (74%)]	Gen Loss: 0.055176 
Train Epoch: 120 [2800/3631 (77%)]	Gen Loss: 0.068314 
Train Epoch: 120 [2900/3631 (80%)]	Gen Loss: 0.060690 
Train Epoch: 120 [3000/3631 (83%)]	Gen Loss: 0.067373 
Train Epoch: 120 [3100/3631 (85%)]	Gen Loss: 0.061494 
Train Epoch: 120 [3200/3631 (88%)]	Gen Loss: 0.075760 
Train Epoch: 120 [3300/3631 (91%)]	Gen Loss: 0.074826 
Train Epoch: 120 [3400/3631 (94%)]	Gen Loss: 0.071910 
Train Epoch: 120 [3500/3631 (96%)]	Gen Loss: 0.061772 
Train Epoch: 120 [3600/3631 (99%)]	Gen Loss: 0.066165 
==========Epoch 121==========
Train Epoch: 121 [0/3631 (0%)]	Gen Loss: 0.072098 
Train Epoch: 121 [100/3631 (3%)]	Gen Loss: 0.057694 
Train Epoch: 121 [200/3631 (6%)]	Gen Loss: 0.067841 
Train Epoch: 121 [300/3631 (8%)]	Gen Loss: 0.074683 
Train Epoch: 121 [400/3631 (11%)]	Gen Loss: 0.068370 
Train Epoch: 121 [500/3631 (14%)]	Gen Loss: 0.070630 
Train Epoch: 121 [600/3631 (17%)]	Gen Loss: 0.059210 
Train Epoch: 121 [700/3631 (19%)]	Gen Loss: 0.063350 
Train Epoch: 121 [800/3631 (22%)]	Gen Loss: 0.055788 
Train Epoch: 121 [900/3631 (25%)]	Gen Loss: 0.072896 
Train Epoch: 121 [1000/3631 (28%)]	Gen Loss: 0.070628 
Train Epoch: 121 [1100/3631 (30%)]	Gen Loss: 0.060526 
Train Epoch: 121 [1200/3631 (33%)]	Gen Loss: 0.062732 
Train Epoch: 121 [1300/3631 (36%)]	Gen Loss: 0.060777 
Train Epoch: 121 [1400/3631 (39%)]	Gen Loss: 0.053320 
Train Epoch: 121 [1500/3631 (41%)]	Gen Loss: 0.064871 
Train Epoch: 121 [1600/3631 (44%)]	Gen Loss: 0.074519 
Train Epoch: 121 [1700/3631 (47%)]	Gen Loss: 0.057865 
Train Epoch: 121 [1800/3631 (50%)]	Gen Loss: 0.070465 
Train Epoch: 121 [1900/3631 (52%)]	Gen Loss: 0.060446 
Train Epoch: 121 [2000/3631 (55%)]	Gen Loss: 0.066582 
Train Epoch: 121 [2100/3631 (58%)]	Gen Loss: 0.062639 
Train Epoch: 121 [2200/3631 (61%)]	Gen Loss: 0.057803 
Train Epoch: 121 [2300/3631 (63%)]	Gen Loss: 0.059730 
Train Epoch: 121 [2400/3631 (66%)]	Gen Loss: 0.060678 
Train Epoch: 121 [2500/3631 (69%)]	Gen Loss: 0.063831 
Train Epoch: 121 [2600/3631 (72%)]	Gen Loss: 0.085004 
Train Epoch: 121 [2700/3631 (74%)]	Gen Loss: 0.068332 
Train Epoch: 121 [2800/3631 (77%)]	Gen Loss: 0.070863 
Train Epoch: 121 [2900/3631 (80%)]	Gen Loss: 0.083253 
Train Epoch: 121 [3000/3631 (83%)]	Gen Loss: 0.067782 
Train Epoch: 121 [3100/3631 (85%)]	Gen Loss: 0.069973 
Train Epoch: 121 [3200/3631 (88%)]	Gen Loss: 0.083325 
Train Epoch: 121 [3300/3631 (91%)]	Gen Loss: 0.064898 
Train Epoch: 121 [3400/3631 (94%)]	Gen Loss: 0.071491 
Train Epoch: 121 [3500/3631 (96%)]	Gen Loss: 0.079449 
Train Epoch: 121 [3600/3631 (99%)]	Gen Loss: 0.057258 
==========Epoch 122==========
Train Epoch: 122 [0/3631 (0%)]	Gen Loss: 0.069934 
Train Epoch: 122 [100/3631 (3%)]	Gen Loss: 0.072322 
Train Epoch: 122 [200/3631 (6%)]	Gen Loss: 0.060570 
Train Epoch: 122 [300/3631 (8%)]	Gen Loss: 0.055673 
Train Epoch: 122 [400/3631 (11%)]	Gen Loss: 0.070247 
Train Epoch: 122 [500/3631 (14%)]	Gen Loss: 0.066408 
Train Epoch: 122 [600/3631 (17%)]	Gen Loss: 0.056882 
Train Epoch: 122 [700/3631 (19%)]	Gen Loss: 0.057125 
Train Epoch: 122 [800/3631 (22%)]	Gen Loss: 0.062231 
Train Epoch: 122 [900/3631 (25%)]	Gen Loss: 0.059046 
Train Epoch: 122 [1000/3631 (28%)]	Gen Loss: 0.056853 
Train Epoch: 122 [1100/3631 (30%)]	Gen Loss: 0.062932 
Train Epoch: 122 [1200/3631 (33%)]	Gen Loss: 0.061431 
Train Epoch: 122 [1300/3631 (36%)]	Gen Loss: 0.073370 
Train Epoch: 122 [1400/3631 (39%)]	Gen Loss: 0.057743 
Train Epoch: 122 [1500/3631 (41%)]	Gen Loss: 0.066298 
Train Epoch: 122 [1600/3631 (44%)]	Gen Loss: 0.057715 
Train Epoch: 122 [1700/3631 (47%)]	Gen Loss: 0.076558 
Train Epoch: 122 [1800/3631 (50%)]	Gen Loss: 0.056796 
Train Epoch: 122 [1900/3631 (52%)]	Gen Loss: 0.061297 
Train Epoch: 122 [2000/3631 (55%)]	Gen Loss: 0.069428 
Train Epoch: 122 [2100/3631 (58%)]	Gen Loss: 0.058593 
Train Epoch: 122 [2200/3631 (61%)]	Gen Loss: 0.061232 
Train Epoch: 122 [2300/3631 (63%)]	Gen Loss: 0.066169 
Train Epoch: 122 [2400/3631 (66%)]	Gen Loss: 0.077350 
Train Epoch: 122 [2500/3631 (69%)]	Gen Loss: 0.064355 
Train Epoch: 122 [2600/3631 (72%)]	Gen Loss: 0.078381 
Train Epoch: 122 [2700/3631 (74%)]	Gen Loss: 0.061107 
Train Epoch: 122 [2800/3631 (77%)]	Gen Loss: 0.064043 
Train Epoch: 122 [2900/3631 (80%)]	Gen Loss: 0.068686 
Train Epoch: 122 [3000/3631 (83%)]	Gen Loss: 0.065876 
Train Epoch: 122 [3100/3631 (85%)]	Gen Loss: 0.069162 
Train Epoch: 122 [3200/3631 (88%)]	Gen Loss: 0.073661 
Train Epoch: 122 [3300/3631 (91%)]	Gen Loss: 0.064967 
Train Epoch: 122 [3400/3631 (94%)]	Gen Loss: 0.067337 
Train Epoch: 122 [3500/3631 (96%)]	Gen Loss: 0.072826 
Train Epoch: 122 [3600/3631 (99%)]	Gen Loss: 0.061757 
==========Epoch 123==========
Train Epoch: 123 [0/3631 (0%)]	Gen Loss: 0.065557 
Train Epoch: 123 [100/3631 (3%)]	Gen Loss: 0.050868 
Train Epoch: 123 [200/3631 (6%)]	Gen Loss: 0.063371 
Train Epoch: 123 [300/3631 (8%)]	Gen Loss: 0.072855 
Train Epoch: 123 [400/3631 (11%)]	Gen Loss: 0.068896 
Train Epoch: 123 [500/3631 (14%)]	Gen Loss: 0.064242 
Train Epoch: 123 [600/3631 (17%)]	Gen Loss: 0.063234 
Train Epoch: 123 [700/3631 (19%)]	Gen Loss: 0.067800 
Train Epoch: 123 [800/3631 (22%)]	Gen Loss: 0.061102 
Train Epoch: 123 [900/3631 (25%)]	Gen Loss: 0.062858 
Train Epoch: 123 [1000/3631 (28%)]	Gen Loss: 0.069116 
Train Epoch: 123 [1100/3631 (30%)]	Gen Loss: 0.062324 
Train Epoch: 123 [1200/3631 (33%)]	Gen Loss: 0.056510 
Train Epoch: 123 [1300/3631 (36%)]	Gen Loss: 0.061911 
Train Epoch: 123 [1400/3631 (39%)]	Gen Loss: 0.070619 
Train Epoch: 123 [1500/3631 (41%)]	Gen Loss: 0.081116 
Train Epoch: 123 [1600/3631 (44%)]	Gen Loss: 0.060996 
Train Epoch: 123 [1700/3631 (47%)]	Gen Loss: 0.068162 
Train Epoch: 123 [1800/3631 (50%)]	Gen Loss: 0.065117 
Train Epoch: 123 [1900/3631 (52%)]	Gen Loss: 0.056439 
Train Epoch: 123 [2000/3631 (55%)]	Gen Loss: 0.067064 
Train Epoch: 123 [2100/3631 (58%)]	Gen Loss: 0.068797 
Train Epoch: 123 [2200/3631 (61%)]	Gen Loss: 0.077969 
Train Epoch: 123 [2300/3631 (63%)]	Gen Loss: 0.072595 
Train Epoch: 123 [2400/3631 (66%)]	Gen Loss: 0.057708 
Train Epoch: 123 [2500/3631 (69%)]	Gen Loss: 0.092429 
Train Epoch: 123 [2600/3631 (72%)]	Gen Loss: 0.069469 
Train Epoch: 123 [2700/3631 (74%)]	Gen Loss: 0.057071 
Train Epoch: 123 [2800/3631 (77%)]	Gen Loss: 0.063653 
Train Epoch: 123 [2900/3631 (80%)]	Gen Loss: 0.066022 
Train Epoch: 123 [3000/3631 (83%)]	Gen Loss: 0.062095 
Train Epoch: 123 [3100/3631 (85%)]	Gen Loss: 0.078453 
Train Epoch: 123 [3200/3631 (88%)]	Gen Loss: 0.069315 
Train Epoch: 123 [3300/3631 (91%)]	Gen Loss: 0.065071 
Train Epoch: 123 [3400/3631 (94%)]	Gen Loss: 0.069672 
Train Epoch: 123 [3500/3631 (96%)]	Gen Loss: 0.070372 
Train Epoch: 123 [3600/3631 (99%)]	Gen Loss: 0.061893 
==========Epoch 124==========
Train Epoch: 124 [0/3631 (0%)]	Gen Loss: 0.066471 
Train Epoch: 124 [100/3631 (3%)]	Gen Loss: 0.061414 
Train Epoch: 124 [200/3631 (6%)]	Gen Loss: 0.061814 
Train Epoch: 124 [300/3631 (8%)]	Gen Loss: 0.064551 
Train Epoch: 124 [400/3631 (11%)]	Gen Loss: 0.062946 
Train Epoch: 124 [500/3631 (14%)]	Gen Loss: 0.063765 
Train Epoch: 124 [600/3631 (17%)]	Gen Loss: 0.070774 
Train Epoch: 124 [700/3631 (19%)]	Gen Loss: 0.054896 
Train Epoch: 124 [800/3631 (22%)]	Gen Loss: 0.065170 
Train Epoch: 124 [900/3631 (25%)]	Gen Loss: 0.058938 
Train Epoch: 124 [1000/3631 (28%)]	Gen Loss: 0.064491 
Train Epoch: 124 [1100/3631 (30%)]	Gen Loss: 0.076025 
Train Epoch: 124 [1200/3631 (33%)]	Gen Loss: 0.060480 
Train Epoch: 124 [1300/3631 (36%)]	Gen Loss: 0.057666 
Train Epoch: 124 [1400/3631 (39%)]	Gen Loss: 0.065637 
Train Epoch: 124 [1500/3631 (41%)]	Gen Loss: 0.061203 
Train Epoch: 124 [1600/3631 (44%)]	Gen Loss: 0.077151 
Train Epoch: 124 [1700/3631 (47%)]	Gen Loss: 0.068590 
Train Epoch: 124 [1800/3631 (50%)]	Gen Loss: 0.066839 
Train Epoch: 124 [1900/3631 (52%)]	Gen Loss: 0.069381 
Train Epoch: 124 [2000/3631 (55%)]	Gen Loss: 0.068046 
Train Epoch: 124 [2100/3631 (58%)]	Gen Loss: 0.056542 
Train Epoch: 124 [2200/3631 (61%)]	Gen Loss: 0.062358 
Train Epoch: 124 [2300/3631 (63%)]	Gen Loss: 0.073887 
Train Epoch: 124 [2400/3631 (66%)]	Gen Loss: 0.067110 
Train Epoch: 124 [2500/3631 (69%)]	Gen Loss: 0.071090 
Train Epoch: 124 [2600/3631 (72%)]	Gen Loss: 0.068808 
Train Epoch: 124 [2700/3631 (74%)]	Gen Loss: 0.060562 
Train Epoch: 124 [2800/3631 (77%)]	Gen Loss: 0.063796 
Train Epoch: 124 [2900/3631 (80%)]	Gen Loss: 0.061015 
Train Epoch: 124 [3000/3631 (83%)]	Gen Loss: 0.060324 
Train Epoch: 124 [3100/3631 (85%)]	Gen Loss: 0.065866 
Train Epoch: 124 [3200/3631 (88%)]	Gen Loss: 0.055519 
Train Epoch: 124 [3300/3631 (91%)]	Gen Loss: 0.059438 
Train Epoch: 124 [3400/3631 (94%)]	Gen Loss: 0.082118 
Train Epoch: 124 [3500/3631 (96%)]	Gen Loss: 0.068076 
Train Epoch: 124 [3600/3631 (99%)]	Gen Loss: 0.074512 
==========Epoch 125==========
Train Epoch: 125 [0/3631 (0%)]	Gen Loss: 0.066927 
Train Epoch: 125 [100/3631 (3%)]	Gen Loss: 0.067609 
Train Epoch: 125 [200/3631 (6%)]	Gen Loss: 0.066702 
Train Epoch: 125 [300/3631 (8%)]	Gen Loss: 0.056817 
Train Epoch: 125 [400/3631 (11%)]	Gen Loss: 0.062235 
Train Epoch: 125 [500/3631 (14%)]	Gen Loss: 0.062131 
Train Epoch: 125 [600/3631 (17%)]	Gen Loss: 0.070066 
Train Epoch: 125 [700/3631 (19%)]	Gen Loss: 0.047096 
Train Epoch: 125 [800/3631 (22%)]	Gen Loss: 0.066288 
Train Epoch: 125 [900/3631 (25%)]	Gen Loss: 0.064654 
Train Epoch: 125 [1000/3631 (28%)]	Gen Loss: 0.064974 
Train Epoch: 125 [1100/3631 (30%)]	Gen Loss: 0.070552 
Train Epoch: 125 [1200/3631 (33%)]	Gen Loss: 0.080539 
Train Epoch: 125 [1300/3631 (36%)]	Gen Loss: 0.068170 
Train Epoch: 125 [1400/3631 (39%)]	Gen Loss: 0.063978 
Train Epoch: 125 [1500/3631 (41%)]	Gen Loss: 0.064096 
Train Epoch: 125 [1600/3631 (44%)]	Gen Loss: 0.079228 
Train Epoch: 125 [1700/3631 (47%)]	Gen Loss: 0.073855 
Train Epoch: 125 [1800/3631 (50%)]	Gen Loss: 0.063362 
Train Epoch: 125 [1900/3631 (52%)]	Gen Loss: 0.059369 
Train Epoch: 125 [2000/3631 (55%)]	Gen Loss: 0.072121 
Train Epoch: 125 [2100/3631 (58%)]	Gen Loss: 0.077029 
Train Epoch: 125 [2200/3631 (61%)]	Gen Loss: 0.074401 
Train Epoch: 125 [2300/3631 (63%)]	Gen Loss: 0.066601 
Train Epoch: 125 [2400/3631 (66%)]	Gen Loss: 0.061629 
Train Epoch: 125 [2500/3631 (69%)]	Gen Loss: 0.061322 
Train Epoch: 125 [2600/3631 (72%)]	Gen Loss: 0.066140 
Train Epoch: 125 [2700/3631 (74%)]	Gen Loss: 0.071935 
Train Epoch: 125 [2800/3631 (77%)]	Gen Loss: 0.072213 
Train Epoch: 125 [2900/3631 (80%)]	Gen Loss: 0.073404 
Train Epoch: 125 [3000/3631 (83%)]	Gen Loss: 0.065801 
Train Epoch: 125 [3100/3631 (85%)]	Gen Loss: 0.072519 
Train Epoch: 125 [3200/3631 (88%)]	Gen Loss: 0.063043 
Train Epoch: 125 [3300/3631 (91%)]	Gen Loss: 0.069820 
Train Epoch: 125 [3400/3631 (94%)]	Gen Loss: 0.057579 
Train Epoch: 125 [3500/3631 (96%)]	Gen Loss: 0.069007 
Train Epoch: 125 [3600/3631 (99%)]	Gen Loss: 0.066767 
==========Epoch 126==========
Train Epoch: 126 [0/3631 (0%)]	Gen Loss: 0.073235 
Train Epoch: 126 [100/3631 (3%)]	Gen Loss: 0.077318 
Train Epoch: 126 [200/3631 (6%)]	Gen Loss: 0.059593 
Train Epoch: 126 [300/3631 (8%)]	Gen Loss: 0.055046 
Train Epoch: 126 [400/3631 (11%)]	Gen Loss: 0.058685 
Train Epoch: 126 [500/3631 (14%)]	Gen Loss: 0.066535 
Train Epoch: 126 [600/3631 (17%)]	Gen Loss: 0.054364 
Train Epoch: 126 [700/3631 (19%)]	Gen Loss: 0.070055 
Train Epoch: 126 [800/3631 (22%)]	Gen Loss: 0.069683 
Train Epoch: 126 [900/3631 (25%)]	Gen Loss: 0.054318 
Train Epoch: 126 [1000/3631 (28%)]	Gen Loss: 0.067481 
Train Epoch: 126 [1100/3631 (30%)]	Gen Loss: 0.061641 
Train Epoch: 126 [1200/3631 (33%)]	Gen Loss: 0.065170 
Train Epoch: 126 [1300/3631 (36%)]	Gen Loss: 0.070769 
Train Epoch: 126 [1400/3631 (39%)]	Gen Loss: 0.070438 
Train Epoch: 126 [1500/3631 (41%)]	Gen Loss: 0.064477 
Train Epoch: 126 [1600/3631 (44%)]	Gen Loss: 0.066417 
Train Epoch: 126 [1700/3631 (47%)]	Gen Loss: 0.072303 
Train Epoch: 126 [1800/3631 (50%)]	Gen Loss: 0.075444 
Train Epoch: 126 [1900/3631 (52%)]	Gen Loss: 0.066993 
Train Epoch: 126 [2000/3631 (55%)]	Gen Loss: 0.067989 
Train Epoch: 126 [2100/3631 (58%)]	Gen Loss: 0.063882 
Train Epoch: 126 [2200/3631 (61%)]	Gen Loss: 0.075699 
Train Epoch: 126 [2300/3631 (63%)]	Gen Loss: 0.073634 
Train Epoch: 126 [2400/3631 (66%)]	Gen Loss: 0.070290 
Train Epoch: 126 [2500/3631 (69%)]	Gen Loss: 0.079391 
Train Epoch: 126 [2600/3631 (72%)]	Gen Loss: 0.065872 
Train Epoch: 126 [2700/3631 (74%)]	Gen Loss: 0.069496 
Train Epoch: 126 [2800/3631 (77%)]	Gen Loss: 0.058449 
Train Epoch: 126 [2900/3631 (80%)]	Gen Loss: 0.058336 
Train Epoch: 126 [3000/3631 (83%)]	Gen Loss: 0.063364 
Train Epoch: 126 [3100/3631 (85%)]	Gen Loss: 0.068969 
Train Epoch: 126 [3200/3631 (88%)]	Gen Loss: 0.073616 
Train Epoch: 126 [3300/3631 (91%)]	Gen Loss: 0.064622 
Train Epoch: 126 [3400/3631 (94%)]	Gen Loss: 0.077650 
Train Epoch: 126 [3500/3631 (96%)]	Gen Loss: 0.062453 
Train Epoch: 126 [3600/3631 (99%)]	Gen Loss: 0.059764 
==========Epoch 127==========
Train Epoch: 127 [0/3631 (0%)]	Gen Loss: 0.070781 
Train Epoch: 127 [100/3631 (3%)]	Gen Loss: 0.056901 
Train Epoch: 127 [200/3631 (6%)]	Gen Loss: 0.060159 
Train Epoch: 127 [300/3631 (8%)]	Gen Loss: 0.064650 
Train Epoch: 127 [400/3631 (11%)]	Gen Loss: 0.073503 
Train Epoch: 127 [500/3631 (14%)]	Gen Loss: 0.079453 
Train Epoch: 127 [600/3631 (17%)]	Gen Loss: 0.061360 
Train Epoch: 127 [700/3631 (19%)]	Gen Loss: 0.069239 
Train Epoch: 127 [800/3631 (22%)]	Gen Loss: 0.071129 
Train Epoch: 127 [900/3631 (25%)]	Gen Loss: 0.063252 
Train Epoch: 127 [1000/3631 (28%)]	Gen Loss: 0.067628 
Train Epoch: 127 [1100/3631 (30%)]	Gen Loss: 0.065778 
Train Epoch: 127 [1200/3631 (33%)]	Gen Loss: 0.074529 
Train Epoch: 127 [1300/3631 (36%)]	Gen Loss: 0.059136 
Train Epoch: 127 [1400/3631 (39%)]	Gen Loss: 0.065075 
Train Epoch: 127 [1500/3631 (41%)]	Gen Loss: 0.062552 
Train Epoch: 127 [1600/3631 (44%)]	Gen Loss: 0.067610 
Train Epoch: 127 [1700/3631 (47%)]	Gen Loss: 0.071092 
Train Epoch: 127 [1800/3631 (50%)]	Gen Loss: 0.068362 
Train Epoch: 127 [1900/3631 (52%)]	Gen Loss: 0.055048 
Train Epoch: 127 [2000/3631 (55%)]	Gen Loss: 0.056936 
Train Epoch: 127 [2100/3631 (58%)]	Gen Loss: 0.051253 
Train Epoch: 127 [2200/3631 (61%)]	Gen Loss: 0.071497 
Train Epoch: 127 [2300/3631 (63%)]	Gen Loss: 0.067764 
Train Epoch: 127 [2400/3631 (66%)]	Gen Loss: 0.054214 
Train Epoch: 127 [2500/3631 (69%)]	Gen Loss: 0.077164 
Train Epoch: 127 [2600/3631 (72%)]	Gen Loss: 0.065174 
Train Epoch: 127 [2700/3631 (74%)]	Gen Loss: 0.071444 
Train Epoch: 127 [2800/3631 (77%)]	Gen Loss: 0.066028 
Train Epoch: 127 [2900/3631 (80%)]	Gen Loss: 0.058010 
Train Epoch: 127 [3000/3631 (83%)]	Gen Loss: 0.068925 
Train Epoch: 127 [3100/3631 (85%)]	Gen Loss: 0.059752 
Train Epoch: 127 [3200/3631 (88%)]	Gen Loss: 0.065766 
Train Epoch: 127 [3300/3631 (91%)]	Gen Loss: 0.067360 
Train Epoch: 127 [3400/3631 (94%)]	Gen Loss: 0.064348 
Train Epoch: 127 [3500/3631 (96%)]	Gen Loss: 0.058088 
Train Epoch: 127 [3600/3631 (99%)]	Gen Loss: 0.071003 
==========Epoch 128==========
Train Epoch: 128 [0/3631 (0%)]	Gen Loss: 0.056525 
Train Epoch: 128 [100/3631 (3%)]	Gen Loss: 0.064321 
Train Epoch: 128 [200/3631 (6%)]	Gen Loss: 0.084592 
Train Epoch: 128 [300/3631 (8%)]	Gen Loss: 0.065830 
Train Epoch: 128 [400/3631 (11%)]	Gen Loss: 0.067333 
Train Epoch: 128 [500/3631 (14%)]	Gen Loss: 0.064707 
Train Epoch: 128 [600/3631 (17%)]	Gen Loss: 0.061748 
Train Epoch: 128 [700/3631 (19%)]	Gen Loss: 0.078359 
Train Epoch: 128 [800/3631 (22%)]	Gen Loss: 0.064818 
Train Epoch: 128 [900/3631 (25%)]	Gen Loss: 0.059142 
Train Epoch: 128 [1000/3631 (28%)]	Gen Loss: 0.066134 
Train Epoch: 128 [1100/3631 (30%)]	Gen Loss: 0.063082 
Train Epoch: 128 [1200/3631 (33%)]	Gen Loss: 0.072965 
Train Epoch: 128 [1300/3631 (36%)]	Gen Loss: 0.073847 
Train Epoch: 128 [1400/3631 (39%)]	Gen Loss: 0.066065 
Train Epoch: 128 [1500/3631 (41%)]	Gen Loss: 0.062188 
Train Epoch: 128 [1600/3631 (44%)]	Gen Loss: 0.071118 
Train Epoch: 128 [1700/3631 (47%)]	Gen Loss: 0.079813 
Train Epoch: 128 [1800/3631 (50%)]	Gen Loss: 0.064979 
Train Epoch: 128 [1900/3631 (52%)]	Gen Loss: 0.064989 
Train Epoch: 128 [2000/3631 (55%)]	Gen Loss: 0.057688 
Train Epoch: 128 [2100/3631 (58%)]	Gen Loss: 0.060415 
Train Epoch: 128 [2200/3631 (61%)]	Gen Loss: 0.065530 
Train Epoch: 128 [2300/3631 (63%)]	Gen Loss: 0.073081 
Train Epoch: 128 [2400/3631 (66%)]	Gen Loss: 0.075094 
Train Epoch: 128 [2500/3631 (69%)]	Gen Loss: 0.069386 
Train Epoch: 128 [2600/3631 (72%)]	Gen Loss: 0.067503 
Train Epoch: 128 [2700/3631 (74%)]	Gen Loss: 0.069966 
Train Epoch: 128 [2800/3631 (77%)]	Gen Loss: 0.077723 
Train Epoch: 128 [2900/3631 (80%)]	Gen Loss: 0.072566 
Train Epoch: 128 [3000/3631 (83%)]	Gen Loss: 0.074698 
Train Epoch: 128 [3100/3631 (85%)]	Gen Loss: 0.067204 
Train Epoch: 128 [3200/3631 (88%)]	Gen Loss: 0.066473 
Train Epoch: 128 [3300/3631 (91%)]	Gen Loss: 0.061261 
Train Epoch: 128 [3400/3631 (94%)]	Gen Loss: 0.065604 
Train Epoch: 128 [3500/3631 (96%)]	Gen Loss: 0.063621 
Train Epoch: 128 [3600/3631 (99%)]	Gen Loss: 0.060807 
==========Epoch 129==========
Train Epoch: 129 [0/3631 (0%)]	Gen Loss: 0.067921 
Train Epoch: 129 [100/3631 (3%)]	Gen Loss: 0.060361 
Train Epoch: 129 [200/3631 (6%)]	Gen Loss: 0.057606 
Train Epoch: 129 [300/3631 (8%)]	Gen Loss: 0.054167 
Train Epoch: 129 [400/3631 (11%)]	Gen Loss: 0.061515 
Train Epoch: 129 [500/3631 (14%)]	Gen Loss: 0.063562 
Train Epoch: 129 [600/3631 (17%)]	Gen Loss: 0.062777 
Train Epoch: 129 [700/3631 (19%)]	Gen Loss: 0.070132 
Train Epoch: 129 [800/3631 (22%)]	Gen Loss: 0.068812 
Train Epoch: 129 [900/3631 (25%)]	Gen Loss: 0.065627 
Train Epoch: 129 [1000/3631 (28%)]	Gen Loss: 0.076043 
Train Epoch: 129 [1100/3631 (30%)]	Gen Loss: 0.056573 
Train Epoch: 129 [1200/3631 (33%)]	Gen Loss: 0.061665 
Train Epoch: 129 [1300/3631 (36%)]	Gen Loss: 0.077866 
Train Epoch: 129 [1400/3631 (39%)]	Gen Loss: 0.071804 
Train Epoch: 129 [1500/3631 (41%)]	Gen Loss: 0.066352 
Train Epoch: 129 [1600/3631 (44%)]	Gen Loss: 0.064317 
Train Epoch: 129 [1700/3631 (47%)]	Gen Loss: 0.062867 
Train Epoch: 129 [1800/3631 (50%)]	Gen Loss: 0.064724 
Train Epoch: 129 [1900/3631 (52%)]	Gen Loss: 0.056661 
Train Epoch: 129 [2000/3631 (55%)]	Gen Loss: 0.056252 
Train Epoch: 129 [2100/3631 (58%)]	Gen Loss: 0.061175 
Train Epoch: 129 [2200/3631 (61%)]	Gen Loss: 0.068164 
Train Epoch: 129 [2300/3631 (63%)]	Gen Loss: 0.053615 
Train Epoch: 129 [2400/3631 (66%)]	Gen Loss: 0.063437 
Train Epoch: 129 [2500/3631 (69%)]	Gen Loss: 0.075983 
Train Epoch: 129 [2600/3631 (72%)]	Gen Loss: 0.056058 
Train Epoch: 129 [2700/3631 (74%)]	Gen Loss: 0.066274 
Train Epoch: 129 [2800/3631 (77%)]	Gen Loss: 0.062893 
Train Epoch: 129 [2900/3631 (80%)]	Gen Loss: 0.074454 
Train Epoch: 129 [3000/3631 (83%)]	Gen Loss: 0.065560 
Train Epoch: 129 [3100/3631 (85%)]	Gen Loss: 0.069954 
Train Epoch: 129 [3200/3631 (88%)]	Gen Loss: 0.066727 
Train Epoch: 129 [3300/3631 (91%)]	Gen Loss: 0.052195 
Train Epoch: 129 [3400/3631 (94%)]	Gen Loss: 0.061719 
Train Epoch: 129 [3500/3631 (96%)]	Gen Loss: 0.057630 
Train Epoch: 129 [3600/3631 (99%)]	Gen Loss: 0.065610 
==========Epoch 130==========
Train Epoch: 130 [0/3631 (0%)]	Gen Loss: 0.071974 
Train Epoch: 130 [100/3631 (3%)]	Gen Loss: 0.071149 
Train Epoch: 130 [200/3631 (6%)]	Gen Loss: 0.060525 
Train Epoch: 130 [300/3631 (8%)]	Gen Loss: 0.070887 
Train Epoch: 130 [400/3631 (11%)]	Gen Loss: 0.059491 
Train Epoch: 130 [500/3631 (14%)]	Gen Loss: 0.062660 
Train Epoch: 130 [600/3631 (17%)]	Gen Loss: 0.067821 
Train Epoch: 130 [700/3631 (19%)]	Gen Loss: 0.063820 
Train Epoch: 130 [800/3631 (22%)]	Gen Loss: 0.065906 
Train Epoch: 130 [900/3631 (25%)]	Gen Loss: 0.069484 
Train Epoch: 130 [1000/3631 (28%)]	Gen Loss: 0.065818 
Train Epoch: 130 [1100/3631 (30%)]	Gen Loss: 0.062966 
Train Epoch: 130 [1200/3631 (33%)]	Gen Loss: 0.068600 
Train Epoch: 130 [1300/3631 (36%)]	Gen Loss: 0.056582 
Train Epoch: 130 [1400/3631 (39%)]	Gen Loss: 0.060498 
Train Epoch: 130 [1500/3631 (41%)]	Gen Loss: 0.059573 
Train Epoch: 130 [1600/3631 (44%)]	Gen Loss: 0.065264 
Train Epoch: 130 [1700/3631 (47%)]	Gen Loss: 0.068269 
Train Epoch: 130 [1800/3631 (50%)]	Gen Loss: 0.063681 
Train Epoch: 130 [1900/3631 (52%)]	Gen Loss: 0.058125 
Train Epoch: 130 [2000/3631 (55%)]	Gen Loss: 0.065919 
Train Epoch: 130 [2100/3631 (58%)]	Gen Loss: 0.056948 
Train Epoch: 130 [2200/3631 (61%)]	Gen Loss: 0.072413 
Train Epoch: 130 [2300/3631 (63%)]	Gen Loss: 0.062956 
Train Epoch: 130 [2400/3631 (66%)]	Gen Loss: 0.075046 
Train Epoch: 130 [2500/3631 (69%)]	Gen Loss: 0.075155 
Train Epoch: 130 [2600/3631 (72%)]	Gen Loss: 0.059954 
Train Epoch: 130 [2700/3631 (74%)]	Gen Loss: 0.067477 
Train Epoch: 130 [2800/3631 (77%)]	Gen Loss: 0.068841 
Train Epoch: 130 [2900/3631 (80%)]	Gen Loss: 0.078436 
Train Epoch: 130 [3000/3631 (83%)]	Gen Loss: 0.074018 
Train Epoch: 130 [3100/3631 (85%)]	Gen Loss: 0.075547 
Train Epoch: 130 [3200/3631 (88%)]	Gen Loss: 0.059661 
Train Epoch: 130 [3300/3631 (91%)]	Gen Loss: 0.071970 
Train Epoch: 130 [3400/3631 (94%)]	Gen Loss: 0.063587 
Train Epoch: 130 [3500/3631 (96%)]	Gen Loss: 0.061066 
Train Epoch: 130 [3600/3631 (99%)]	Gen Loss: 0.071090 
==========Epoch 131==========
Train Epoch: 131 [0/3631 (0%)]	Gen Loss: 0.062806 
Train Epoch: 131 [100/3631 (3%)]	Gen Loss: 0.061243 
Train Epoch: 131 [200/3631 (6%)]	Gen Loss: 0.075254 
Train Epoch: 131 [300/3631 (8%)]	Gen Loss: 0.066077 
Train Epoch: 131 [400/3631 (11%)]	Gen Loss: 0.068607 
Train Epoch: 131 [500/3631 (14%)]	Gen Loss: 0.068478 
Train Epoch: 131 [600/3631 (17%)]	Gen Loss: 0.077099 
Train Epoch: 131 [700/3631 (19%)]	Gen Loss: 0.072821 
Train Epoch: 131 [800/3631 (22%)]	Gen Loss: 0.059947 
Train Epoch: 131 [900/3631 (25%)]	Gen Loss: 0.056253 
Train Epoch: 131 [1000/3631 (28%)]	Gen Loss: 0.062715 
Train Epoch: 131 [1100/3631 (30%)]	Gen Loss: 0.059479 
Train Epoch: 131 [1200/3631 (33%)]	Gen Loss: 0.051422 
Train Epoch: 131 [1300/3631 (36%)]	Gen Loss: 0.062732 
Train Epoch: 131 [1400/3631 (39%)]	Gen Loss: 0.075860 
Train Epoch: 131 [1500/3631 (41%)]	Gen Loss: 0.064313 
Train Epoch: 131 [1600/3631 (44%)]	Gen Loss: 0.059317 
Train Epoch: 131 [1700/3631 (47%)]	Gen Loss: 0.072216 
Train Epoch: 131 [1800/3631 (50%)]	Gen Loss: 0.063528 
Train Epoch: 131 [1900/3631 (52%)]	Gen Loss: 0.068028 
Train Epoch: 131 [2000/3631 (55%)]	Gen Loss: 0.069529 
Train Epoch: 131 [2100/3631 (58%)]	Gen Loss: 0.060070 
Train Epoch: 131 [2200/3631 (61%)]	Gen Loss: 0.057335 
Train Epoch: 131 [2300/3631 (63%)]	Gen Loss: 0.067490 
Train Epoch: 131 [2400/3631 (66%)]	Gen Loss: 0.061650 
Train Epoch: 131 [2500/3631 (69%)]	Gen Loss: 0.069914 
Train Epoch: 131 [2600/3631 (72%)]	Gen Loss: 0.069980 
Train Epoch: 131 [2700/3631 (74%)]	Gen Loss: 0.072111 
Train Epoch: 131 [2800/3631 (77%)]	Gen Loss: 0.068116 
Train Epoch: 131 [2900/3631 (80%)]	Gen Loss: 0.085499 
Train Epoch: 131 [3000/3631 (83%)]	Gen Loss: 0.067055 
Train Epoch: 131 [3100/3631 (85%)]	Gen Loss: 0.060707 
Train Epoch: 131 [3200/3631 (88%)]	Gen Loss: 0.082704 
Train Epoch: 131 [3300/3631 (91%)]	Gen Loss: 0.065732 
Train Epoch: 131 [3400/3631 (94%)]	Gen Loss: 0.069822 
Train Epoch: 131 [3500/3631 (96%)]	Gen Loss: 0.059905 
Train Epoch: 131 [3600/3631 (99%)]	Gen Loss: 0.061337 
==========Epoch 132==========
Train Epoch: 132 [0/3631 (0%)]	Gen Loss: 0.069404 
Train Epoch: 132 [100/3631 (3%)]	Gen Loss: 0.070159 
Train Epoch: 132 [200/3631 (6%)]	Gen Loss: 0.054068 
Train Epoch: 132 [300/3631 (8%)]	Gen Loss: 0.085475 
Train Epoch: 132 [400/3631 (11%)]	Gen Loss: 0.067035 
Train Epoch: 132 [500/3631 (14%)]	Gen Loss: 0.069223 
Train Epoch: 132 [600/3631 (17%)]	Gen Loss: 0.059778 
Train Epoch: 132 [700/3631 (19%)]	Gen Loss: 0.067253 
Train Epoch: 132 [800/3631 (22%)]	Gen Loss: 0.077506 
Train Epoch: 132 [900/3631 (25%)]	Gen Loss: 0.065881 
Train Epoch: 132 [1000/3631 (28%)]	Gen Loss: 0.072505 
Train Epoch: 132 [1100/3631 (30%)]	Gen Loss: 0.067082 
Train Epoch: 132 [1200/3631 (33%)]	Gen Loss: 0.072021 
Train Epoch: 132 [1300/3631 (36%)]	Gen Loss: 0.073385 
Train Epoch: 132 [1400/3631 (39%)]	Gen Loss: 0.078757 
Train Epoch: 132 [1500/3631 (41%)]	Gen Loss: 0.068444 
Train Epoch: 132 [1600/3631 (44%)]	Gen Loss: 0.072363 
Train Epoch: 132 [1700/3631 (47%)]	Gen Loss: 0.073802 
Train Epoch: 132 [1800/3631 (50%)]	Gen Loss: 0.067269 
Train Epoch: 132 [1900/3631 (52%)]	Gen Loss: 0.061716 
Train Epoch: 132 [2000/3631 (55%)]	Gen Loss: 0.069682 
Train Epoch: 132 [2100/3631 (58%)]	Gen Loss: 0.063013 
Train Epoch: 132 [2200/3631 (61%)]	Gen Loss: 0.071230 
Train Epoch: 132 [2300/3631 (63%)]	Gen Loss: 0.066792 
Train Epoch: 132 [2400/3631 (66%)]	Gen Loss: 0.061774 
Train Epoch: 132 [2500/3631 (69%)]	Gen Loss: 0.071108 
Train Epoch: 132 [2600/3631 (72%)]	Gen Loss: 0.069610 
Train Epoch: 132 [2700/3631 (74%)]	Gen Loss: 0.072808 
Train Epoch: 132 [2800/3631 (77%)]	Gen Loss: 0.053749 
Train Epoch: 132 [2900/3631 (80%)]	Gen Loss: 0.069730 
Train Epoch: 132 [3000/3631 (83%)]	Gen Loss: 0.069332 
Train Epoch: 132 [3100/3631 (85%)]	Gen Loss: 0.068265 
Train Epoch: 132 [3200/3631 (88%)]	Gen Loss: 0.055217 
Train Epoch: 132 [3300/3631 (91%)]	Gen Loss: 0.061033 
Train Epoch: 132 [3400/3631 (94%)]	Gen Loss: 0.057309 
Train Epoch: 132 [3500/3631 (96%)]	Gen Loss: 0.068270 
Train Epoch: 132 [3600/3631 (99%)]	Gen Loss: 0.073999 
==========Epoch 133==========
Train Epoch: 133 [0/3631 (0%)]	Gen Loss: 0.067932 
Train Epoch: 133 [100/3631 (3%)]	Gen Loss: 0.061979 
Train Epoch: 133 [200/3631 (6%)]	Gen Loss: 0.049937 
Train Epoch: 133 [300/3631 (8%)]	Gen Loss: 0.067867 
Train Epoch: 133 [400/3631 (11%)]	Gen Loss: 0.059647 
Train Epoch: 133 [500/3631 (14%)]	Gen Loss: 0.058199 
Train Epoch: 133 [600/3631 (17%)]	Gen Loss: 0.054963 
Train Epoch: 133 [700/3631 (19%)]	Gen Loss: 0.070898 
Train Epoch: 133 [800/3631 (22%)]	Gen Loss: 0.068128 
Train Epoch: 133 [900/3631 (25%)]	Gen Loss: 0.056993 
Train Epoch: 133 [1000/3631 (28%)]	Gen Loss: 0.070306 
Train Epoch: 133 [1100/3631 (30%)]	Gen Loss: 0.074985 
Train Epoch: 133 [1200/3631 (33%)]	Gen Loss: 0.069694 
Train Epoch: 133 [1300/3631 (36%)]	Gen Loss: 0.060025 
Train Epoch: 133 [1400/3631 (39%)]	Gen Loss: 0.067936 
Train Epoch: 133 [1500/3631 (41%)]	Gen Loss: 0.069444 
Train Epoch: 133 [1600/3631 (44%)]	Gen Loss: 0.059094 
Train Epoch: 133 [1700/3631 (47%)]	Gen Loss: 0.065285 
Train Epoch: 133 [1800/3631 (50%)]	Gen Loss: 0.066455 
Train Epoch: 133 [1900/3631 (52%)]	Gen Loss: 0.068708 
Train Epoch: 133 [2000/3631 (55%)]	Gen Loss: 0.075544 
Train Epoch: 133 [2100/3631 (58%)]	Gen Loss: 0.071322 
Train Epoch: 133 [2200/3631 (61%)]	Gen Loss: 0.067702 
Train Epoch: 133 [2300/3631 (63%)]	Gen Loss: 0.062992 
Train Epoch: 133 [2400/3631 (66%)]	Gen Loss: 0.072680 
Train Epoch: 133 [2500/3631 (69%)]	Gen Loss: 0.064444 
Train Epoch: 133 [2600/3631 (72%)]	Gen Loss: 0.067931 
Train Epoch: 133 [2700/3631 (74%)]	Gen Loss: 0.065906 
Train Epoch: 133 [2800/3631 (77%)]	Gen Loss: 0.065913 
Train Epoch: 133 [2900/3631 (80%)]	Gen Loss: 0.058690 
Train Epoch: 133 [3000/3631 (83%)]	Gen Loss: 0.064938 
Train Epoch: 133 [3100/3631 (85%)]	Gen Loss: 0.068338 
Train Epoch: 133 [3200/3631 (88%)]	Gen Loss: 0.081537 
Train Epoch: 133 [3300/3631 (91%)]	Gen Loss: 0.059499 
Train Epoch: 133 [3400/3631 (94%)]	Gen Loss: 0.063771 
Train Epoch: 133 [3500/3631 (96%)]	Gen Loss: 0.060543 
Train Epoch: 133 [3600/3631 (99%)]	Gen Loss: 0.063891 
==========Epoch 134==========
Train Epoch: 134 [0/3631 (0%)]	Gen Loss: 0.091289 
Train Epoch: 134 [100/3631 (3%)]	Gen Loss: 0.062114 
Train Epoch: 134 [200/3631 (6%)]	Gen Loss: 0.066455 
Train Epoch: 134 [300/3631 (8%)]	Gen Loss: 0.068847 
Train Epoch: 134 [400/3631 (11%)]	Gen Loss: 0.067430 
Train Epoch: 134 [500/3631 (14%)]	Gen Loss: 0.071731 
Train Epoch: 134 [600/3631 (17%)]	Gen Loss: 0.059684 
Train Epoch: 134 [700/3631 (19%)]	Gen Loss: 0.056993 
Train Epoch: 134 [800/3631 (22%)]	Gen Loss: 0.075118 
Train Epoch: 134 [900/3631 (25%)]	Gen Loss: 0.066376 
Train Epoch: 134 [1000/3631 (28%)]	Gen Loss: 0.070451 
Train Epoch: 134 [1100/3631 (30%)]	Gen Loss: 0.062649 
Train Epoch: 134 [1200/3631 (33%)]	Gen Loss: 0.072545 
Train Epoch: 134 [1300/3631 (36%)]	Gen Loss: 0.055610 
Train Epoch: 134 [1400/3631 (39%)]	Gen Loss: 0.064440 
Train Epoch: 134 [1500/3631 (41%)]	Gen Loss: 0.059188 
Train Epoch: 134 [1600/3631 (44%)]	Gen Loss: 0.070253 
Train Epoch: 134 [1700/3631 (47%)]	Gen Loss: 0.070868 
Train Epoch: 134 [1800/3631 (50%)]	Gen Loss: 0.067575 
Train Epoch: 134 [1900/3631 (52%)]	Gen Loss: 0.061357 
Train Epoch: 134 [2000/3631 (55%)]	Gen Loss: 0.069427 
Train Epoch: 134 [2100/3631 (58%)]	Gen Loss: 0.063296 
Train Epoch: 134 [2200/3631 (61%)]	Gen Loss: 0.065254 
Train Epoch: 134 [2300/3631 (63%)]	Gen Loss: 0.072561 
Train Epoch: 134 [2400/3631 (66%)]	Gen Loss: 0.064273 
Train Epoch: 134 [2500/3631 (69%)]	Gen Loss: 0.059867 
Train Epoch: 134 [2600/3631 (72%)]	Gen Loss: 0.066795 
Train Epoch: 134 [2700/3631 (74%)]	Gen Loss: 0.057294 
Train Epoch: 134 [2800/3631 (77%)]	Gen Loss: 0.077472 
Train Epoch: 134 [2900/3631 (80%)]	Gen Loss: 0.058978 
Train Epoch: 134 [3000/3631 (83%)]	Gen Loss: 0.066354 
Train Epoch: 134 [3100/3631 (85%)]	Gen Loss: 0.064637 
Train Epoch: 134 [3200/3631 (88%)]	Gen Loss: 0.066538 
Train Epoch: 134 [3300/3631 (91%)]	Gen Loss: 0.059349 
Train Epoch: 134 [3400/3631 (94%)]	Gen Loss: 0.067538 
Train Epoch: 134 [3500/3631 (96%)]	Gen Loss: 0.066946 
Train Epoch: 134 [3600/3631 (99%)]	Gen Loss: 0.058326 
==========Epoch 135==========
Train Epoch: 135 [0/3631 (0%)]	Gen Loss: 0.065343 
Train Epoch: 135 [100/3631 (3%)]	Gen Loss: 0.064437 
Train Epoch: 135 [200/3631 (6%)]	Gen Loss: 0.065294 
Train Epoch: 135 [300/3631 (8%)]	Gen Loss: 0.075130 
Train Epoch: 135 [400/3631 (11%)]	Gen Loss: 0.065567 
Train Epoch: 135 [500/3631 (14%)]	Gen Loss: 0.061769 
Train Epoch: 135 [600/3631 (17%)]	Gen Loss: 0.068914 
Train Epoch: 135 [700/3631 (19%)]	Gen Loss: 0.070085 
Train Epoch: 135 [800/3631 (22%)]	Gen Loss: 0.071157 
Train Epoch: 135 [900/3631 (25%)]	Gen Loss: 0.069607 
Train Epoch: 135 [1000/3631 (28%)]	Gen Loss: 0.074111 
Train Epoch: 135 [1100/3631 (30%)]	Gen Loss: 0.069886 
Train Epoch: 135 [1200/3631 (33%)]	Gen Loss: 0.056060 
Train Epoch: 135 [1300/3631 (36%)]	Gen Loss: 0.062081 
Train Epoch: 135 [1400/3631 (39%)]	Gen Loss: 0.057753 
Train Epoch: 135 [1500/3631 (41%)]	Gen Loss: 0.061840 
Train Epoch: 135 [1600/3631 (44%)]	Gen Loss: 0.060913 
Train Epoch: 135 [1700/3631 (47%)]	Gen Loss: 0.077006 
Train Epoch: 135 [1800/3631 (50%)]	Gen Loss: 0.061330 
Train Epoch: 135 [1900/3631 (52%)]	Gen Loss: 0.056763 
Train Epoch: 135 [2000/3631 (55%)]	Gen Loss: 0.057644 
Train Epoch: 135 [2100/3631 (58%)]	Gen Loss: 0.065069 
Train Epoch: 135 [2200/3631 (61%)]	Gen Loss: 0.069643 
Train Epoch: 135 [2300/3631 (63%)]	Gen Loss: 0.074087 
Train Epoch: 135 [2400/3631 (66%)]	Gen Loss: 0.070258 
Train Epoch: 135 [2500/3631 (69%)]	Gen Loss: 0.071580 
Train Epoch: 135 [2600/3631 (72%)]	Gen Loss: 0.059338 
Train Epoch: 135 [2700/3631 (74%)]	Gen Loss: 0.062596 
Train Epoch: 135 [2800/3631 (77%)]	Gen Loss: 0.061105 
Train Epoch: 135 [2900/3631 (80%)]	Gen Loss: 0.066221 
Train Epoch: 135 [3000/3631 (83%)]	Gen Loss: 0.069886 
Train Epoch: 135 [3100/3631 (85%)]	Gen Loss: 0.056321 
Train Epoch: 135 [3200/3631 (88%)]	Gen Loss: 0.078177 
Train Epoch: 135 [3300/3631 (91%)]	Gen Loss: 0.065901 
Train Epoch: 135 [3400/3631 (94%)]	Gen Loss: 0.061011 
Train Epoch: 135 [3500/3631 (96%)]	Gen Loss: 0.072409 
Train Epoch: 135 [3600/3631 (99%)]	Gen Loss: 0.067236 
==========Epoch 136==========
Train Epoch: 136 [0/3631 (0%)]	Gen Loss: 0.055977 
Train Epoch: 136 [100/3631 (3%)]	Gen Loss: 0.065528 
Train Epoch: 136 [200/3631 (6%)]	Gen Loss: 0.068057 
Train Epoch: 136 [300/3631 (8%)]	Gen Loss: 0.057470 
Train Epoch: 136 [400/3631 (11%)]	Gen Loss: 0.059445 
Train Epoch: 136 [500/3631 (14%)]	Gen Loss: 0.074576 
Train Epoch: 136 [600/3631 (17%)]	Gen Loss: 0.066605 
Train Epoch: 136 [700/3631 (19%)]	Gen Loss: 0.049252 
Train Epoch: 136 [800/3631 (22%)]	Gen Loss: 0.067188 
Train Epoch: 136 [900/3631 (25%)]	Gen Loss: 0.060388 
Train Epoch: 136 [1000/3631 (28%)]	Gen Loss: 0.063488 
Train Epoch: 136 [1100/3631 (30%)]	Gen Loss: 0.062556 
Train Epoch: 136 [1200/3631 (33%)]	Gen Loss: 0.067911 
Train Epoch: 136 [1300/3631 (36%)]	Gen Loss: 0.070648 
Train Epoch: 136 [1400/3631 (39%)]	Gen Loss: 0.074198 
Train Epoch: 136 [1500/3631 (41%)]	Gen Loss: 0.063487 
Train Epoch: 136 [1600/3631 (44%)]	Gen Loss: 0.082652 
Train Epoch: 136 [1700/3631 (47%)]	Gen Loss: 0.066507 
Train Epoch: 136 [1800/3631 (50%)]	Gen Loss: 0.064233 
Train Epoch: 136 [1900/3631 (52%)]	Gen Loss: 0.073230 
Train Epoch: 136 [2000/3631 (55%)]	Gen Loss: 0.068789 
Train Epoch: 136 [2100/3631 (58%)]	Gen Loss: 0.067072 
Train Epoch: 136 [2200/3631 (61%)]	Gen Loss: 0.066074 
Train Epoch: 136 [2300/3631 (63%)]	Gen Loss: 0.070281 
Train Epoch: 136 [2400/3631 (66%)]	Gen Loss: 0.069859 
Train Epoch: 136 [2500/3631 (69%)]	Gen Loss: 0.061066 
Train Epoch: 136 [2600/3631 (72%)]	Gen Loss: 0.071295 
Train Epoch: 136 [2700/3631 (74%)]	Gen Loss: 0.058260 
Train Epoch: 136 [2800/3631 (77%)]	Gen Loss: 0.068645 
Train Epoch: 136 [2900/3631 (80%)]	Gen Loss: 0.057222 
Train Epoch: 136 [3000/3631 (83%)]	Gen Loss: 0.066741 
Train Epoch: 136 [3100/3631 (85%)]	Gen Loss: 0.060748 
Train Epoch: 136 [3200/3631 (88%)]	Gen Loss: 0.069503 
Train Epoch: 136 [3300/3631 (91%)]	Gen Loss: 0.069842 
Train Epoch: 136 [3400/3631 (94%)]	Gen Loss: 0.076818 
Train Epoch: 136 [3500/3631 (96%)]	Gen Loss: 0.073603 
Train Epoch: 136 [3600/3631 (99%)]	Gen Loss: 0.062541 
==========Epoch 137==========
Train Epoch: 137 [0/3631 (0%)]	Gen Loss: 0.057701 
Train Epoch: 137 [100/3631 (3%)]	Gen Loss: 0.074404 
Train Epoch: 137 [200/3631 (6%)]	Gen Loss: 0.079442 
Train Epoch: 137 [300/3631 (8%)]	Gen Loss: 0.061664 
Train Epoch: 137 [400/3631 (11%)]	Gen Loss: 0.065189 
Train Epoch: 137 [500/3631 (14%)]	Gen Loss: 0.059628 
Train Epoch: 137 [600/3631 (17%)]	Gen Loss: 0.075816 
Train Epoch: 137 [700/3631 (19%)]	Gen Loss: 0.067291 
Train Epoch: 137 [800/3631 (22%)]	Gen Loss: 0.063437 
Train Epoch: 137 [900/3631 (25%)]	Gen Loss: 0.069434 
Train Epoch: 137 [1000/3631 (28%)]	Gen Loss: 0.073442 
Train Epoch: 137 [1100/3631 (30%)]	Gen Loss: 0.071489 
Train Epoch: 137 [1200/3631 (33%)]	Gen Loss: 0.072998 
Train Epoch: 137 [1300/3631 (36%)]	Gen Loss: 0.059795 
Train Epoch: 137 [1400/3631 (39%)]	Gen Loss: 0.058068 
Train Epoch: 137 [1500/3631 (41%)]	Gen Loss: 0.054895 
Train Epoch: 137 [1600/3631 (44%)]	Gen Loss: 0.061727 
Train Epoch: 137 [1700/3631 (47%)]	Gen Loss: 0.062193 
Train Epoch: 137 [1800/3631 (50%)]	Gen Loss: 0.073478 
Train Epoch: 137 [1900/3631 (52%)]	Gen Loss: 0.070930 
Train Epoch: 137 [2000/3631 (55%)]	Gen Loss: 0.071378 
Train Epoch: 137 [2100/3631 (58%)]	Gen Loss: 0.057643 
Train Epoch: 137 [2200/3631 (61%)]	Gen Loss: 0.067721 
Train Epoch: 137 [2300/3631 (63%)]	Gen Loss: 0.076916 
Train Epoch: 137 [2400/3631 (66%)]	Gen Loss: 0.058959 
Train Epoch: 137 [2500/3631 (69%)]	Gen Loss: 0.069038 
Train Epoch: 137 [2600/3631 (72%)]	Gen Loss: 0.053882 
Train Epoch: 137 [2700/3631 (74%)]	Gen Loss: 0.067718 
Train Epoch: 137 [2800/3631 (77%)]	Gen Loss: 0.055671 
Train Epoch: 137 [2900/3631 (80%)]	Gen Loss: 0.069026 
Train Epoch: 137 [3000/3631 (83%)]	Gen Loss: 0.073203 
Train Epoch: 137 [3100/3631 (85%)]	Gen Loss: 0.067132 
Train Epoch: 137 [3200/3631 (88%)]	Gen Loss: 0.054418 
Train Epoch: 137 [3300/3631 (91%)]	Gen Loss: 0.064474 
Train Epoch: 137 [3400/3631 (94%)]	Gen Loss: 0.065978 
Train Epoch: 137 [3500/3631 (96%)]	Gen Loss: 0.060032 
Train Epoch: 137 [3600/3631 (99%)]	Gen Loss: 0.057344 
==========Epoch 138==========
Train Epoch: 138 [0/3631 (0%)]	Gen Loss: 0.062040 
Train Epoch: 138 [100/3631 (3%)]	Gen Loss: 0.061311 
Train Epoch: 138 [200/3631 (6%)]	Gen Loss: 0.074099 
Train Epoch: 138 [300/3631 (8%)]	Gen Loss: 0.063585 
Train Epoch: 138 [400/3631 (11%)]	Gen Loss: 0.066933 
Train Epoch: 138 [500/3631 (14%)]	Gen Loss: 0.055204 
Train Epoch: 138 [600/3631 (17%)]	Gen Loss: 0.061866 
Train Epoch: 138 [700/3631 (19%)]	Gen Loss: 0.079297 
Train Epoch: 138 [800/3631 (22%)]	Gen Loss: 0.064395 
Train Epoch: 138 [900/3631 (25%)]	Gen Loss: 0.061489 
Train Epoch: 138 [1000/3631 (28%)]	Gen Loss: 0.049713 
Train Epoch: 138 [1100/3631 (30%)]	Gen Loss: 0.064369 
Train Epoch: 138 [1200/3631 (33%)]	Gen Loss: 0.072720 
Train Epoch: 138 [1300/3631 (36%)]	Gen Loss: 0.081487 
Train Epoch: 138 [1400/3631 (39%)]	Gen Loss: 0.068916 
Train Epoch: 138 [1500/3631 (41%)]	Gen Loss: 0.064953 
Train Epoch: 138 [1600/3631 (44%)]	Gen Loss: 0.066327 
Train Epoch: 138 [1700/3631 (47%)]	Gen Loss: 0.066353 
Train Epoch: 138 [1800/3631 (50%)]	Gen Loss: 0.066603 
Train Epoch: 138 [1900/3631 (52%)]	Gen Loss: 0.064456 
Train Epoch: 138 [2000/3631 (55%)]	Gen Loss: 0.065001 
Train Epoch: 138 [2100/3631 (58%)]	Gen Loss: 0.074137 
Train Epoch: 138 [2200/3631 (61%)]	Gen Loss: 0.065362 
Train Epoch: 138 [2300/3631 (63%)]	Gen Loss: 0.074143 
Train Epoch: 138 [2400/3631 (66%)]	Gen Loss: 0.055613 
Train Epoch: 138 [2500/3631 (69%)]	Gen Loss: 0.065374 
Train Epoch: 138 [2600/3631 (72%)]	Gen Loss: 0.078193 
Train Epoch: 138 [2700/3631 (74%)]	Gen Loss: 0.069600 
Train Epoch: 138 [2800/3631 (77%)]	Gen Loss: 0.062435 
Train Epoch: 138 [2900/3631 (80%)]	Gen Loss: 0.077165 
Train Epoch: 138 [3000/3631 (83%)]	Gen Loss: 0.072895 
Train Epoch: 138 [3100/3631 (85%)]	Gen Loss: 0.065861 
Train Epoch: 138 [3200/3631 (88%)]	Gen Loss: 0.055515 
Train Epoch: 138 [3300/3631 (91%)]	Gen Loss: 0.065045 
Train Epoch: 138 [3400/3631 (94%)]	Gen Loss: 0.070870 
Train Epoch: 138 [3500/3631 (96%)]	Gen Loss: 0.073781 
Train Epoch: 138 [3600/3631 (99%)]	Gen Loss: 0.064200 
==========Epoch 139==========
Train Epoch: 139 [0/3631 (0%)]	Gen Loss: 0.060651 
Train Epoch: 139 [100/3631 (3%)]	Gen Loss: 0.058504 
Train Epoch: 139 [200/3631 (6%)]	Gen Loss: 0.063100 
Train Epoch: 139 [300/3631 (8%)]	Gen Loss: 0.059165 
Train Epoch: 139 [400/3631 (11%)]	Gen Loss: 0.072891 
Train Epoch: 139 [500/3631 (14%)]	Gen Loss: 0.065834 
Train Epoch: 139 [600/3631 (17%)]	Gen Loss: 0.061740 
Train Epoch: 139 [700/3631 (19%)]	Gen Loss: 0.057053 
Train Epoch: 139 [800/3631 (22%)]	Gen Loss: 0.059760 
Train Epoch: 139 [900/3631 (25%)]	Gen Loss: 0.060183 
Train Epoch: 139 [1000/3631 (28%)]	Gen Loss: 0.073552 
Train Epoch: 139 [1100/3631 (30%)]	Gen Loss: 0.071880 
Train Epoch: 139 [1200/3631 (33%)]	Gen Loss: 0.048692 
Train Epoch: 139 [1300/3631 (36%)]	Gen Loss: 0.071389 
Train Epoch: 139 [1400/3631 (39%)]	Gen Loss: 0.071533 
Train Epoch: 139 [1500/3631 (41%)]	Gen Loss: 0.067505 
Train Epoch: 139 [1600/3631 (44%)]	Gen Loss: 0.065214 
Train Epoch: 139 [1700/3631 (47%)]	Gen Loss: 0.076410 
Train Epoch: 139 [1800/3631 (50%)]	Gen Loss: 0.063169 
Train Epoch: 139 [1900/3631 (52%)]	Gen Loss: 0.061369 
Train Epoch: 139 [2000/3631 (55%)]	Gen Loss: 0.068648 
Train Epoch: 139 [2100/3631 (58%)]	Gen Loss: 0.066259 
Train Epoch: 139 [2200/3631 (61%)]	Gen Loss: 0.062444 
Train Epoch: 139 [2300/3631 (63%)]	Gen Loss: 0.064426 
Train Epoch: 139 [2400/3631 (66%)]	Gen Loss: 0.083528 
Train Epoch: 139 [2500/3631 (69%)]	Gen Loss: 0.061872 
Train Epoch: 139 [2600/3631 (72%)]	Gen Loss: 0.058779 
Train Epoch: 139 [2700/3631 (74%)]	Gen Loss: 0.067193 
Train Epoch: 139 [2800/3631 (77%)]	Gen Loss: 0.060731 
Train Epoch: 139 [2900/3631 (80%)]	Gen Loss: 0.058813 
Train Epoch: 139 [3000/3631 (83%)]	Gen Loss: 0.076809 
Train Epoch: 139 [3100/3631 (85%)]	Gen Loss: 0.063096 
Train Epoch: 139 [3200/3631 (88%)]	Gen Loss: 0.074739 
Train Epoch: 139 [3300/3631 (91%)]	Gen Loss: 0.055064 
Train Epoch: 139 [3400/3631 (94%)]	Gen Loss: 0.058547 
Train Epoch: 139 [3500/3631 (96%)]	Gen Loss: 0.064966 
Train Epoch: 139 [3600/3631 (99%)]	Gen Loss: 0.077476 
==========Epoch 140==========
Train Epoch: 140 [0/3631 (0%)]	Gen Loss: 0.064630 
Train Epoch: 140 [100/3631 (3%)]	Gen Loss: 0.083314 
Train Epoch: 140 [200/3631 (6%)]	Gen Loss: 0.071295 
Train Epoch: 140 [300/3631 (8%)]	Gen Loss: 0.065015 
Train Epoch: 140 [400/3631 (11%)]	Gen Loss: 0.065398 
Train Epoch: 140 [500/3631 (14%)]	Gen Loss: 0.067095 
Train Epoch: 140 [600/3631 (17%)]	Gen Loss: 0.070562 
Train Epoch: 140 [700/3631 (19%)]	Gen Loss: 0.066117 
Train Epoch: 140 [800/3631 (22%)]	Gen Loss: 0.079325 
Train Epoch: 140 [900/3631 (25%)]	Gen Loss: 0.064810 
Train Epoch: 140 [1000/3631 (28%)]	Gen Loss: 0.068250 
Train Epoch: 140 [1100/3631 (30%)]	Gen Loss: 0.060166 
Train Epoch: 140 [1200/3631 (33%)]	Gen Loss: 0.057798 
Train Epoch: 140 [1300/3631 (36%)]	Gen Loss: 0.055857 
Train Epoch: 140 [1400/3631 (39%)]	Gen Loss: 0.075745 
Train Epoch: 140 [1500/3631 (41%)]	Gen Loss: 0.065465 
Train Epoch: 140 [1600/3631 (44%)]	Gen Loss: 0.060298 
Train Epoch: 140 [1700/3631 (47%)]	Gen Loss: 0.057490 
Train Epoch: 140 [1800/3631 (50%)]	Gen Loss: 0.072236 
Train Epoch: 140 [1900/3631 (52%)]	Gen Loss: 0.063183 
Train Epoch: 140 [2000/3631 (55%)]	Gen Loss: 0.066500 
Train Epoch: 140 [2100/3631 (58%)]	Gen Loss: 0.057654 
Train Epoch: 140 [2200/3631 (61%)]	Gen Loss: 0.068083 
Train Epoch: 140 [2300/3631 (63%)]	Gen Loss: 0.050822 
Train Epoch: 140 [2400/3631 (66%)]	Gen Loss: 0.071369 
Train Epoch: 140 [2500/3631 (69%)]	Gen Loss: 0.063660 
Train Epoch: 140 [2600/3631 (72%)]	Gen Loss: 0.062217 
Train Epoch: 140 [2700/3631 (74%)]	Gen Loss: 0.070762 
Train Epoch: 140 [2800/3631 (77%)]	Gen Loss: 0.054334 
Train Epoch: 140 [2900/3631 (80%)]	Gen Loss: 0.075821 
Train Epoch: 140 [3000/3631 (83%)]	Gen Loss: 0.059338 
Train Epoch: 140 [3100/3631 (85%)]	Gen Loss: 0.064952 
Train Epoch: 140 [3200/3631 (88%)]	Gen Loss: 0.067307 
Train Epoch: 140 [3300/3631 (91%)]	Gen Loss: 0.071823 
Train Epoch: 140 [3400/3631 (94%)]	Gen Loss: 0.069191 
Train Epoch: 140 [3500/3631 (96%)]	Gen Loss: 0.070999 
Train Epoch: 140 [3600/3631 (99%)]	Gen Loss: 0.068619 
==========Epoch 141==========
Train Epoch: 141 [0/3631 (0%)]	Gen Loss: 0.063833 
Train Epoch: 141 [100/3631 (3%)]	Gen Loss: 0.051456 
Train Epoch: 141 [200/3631 (6%)]	Gen Loss: 0.070818 
Train Epoch: 141 [300/3631 (8%)]	Gen Loss: 0.068583 
Train Epoch: 141 [400/3631 (11%)]	Gen Loss: 0.062929 
Train Epoch: 141 [500/3631 (14%)]	Gen Loss: 0.069768 
Train Epoch: 141 [600/3631 (17%)]	Gen Loss: 0.063018 
Train Epoch: 141 [700/3631 (19%)]	Gen Loss: 0.074536 
Train Epoch: 141 [800/3631 (22%)]	Gen Loss: 0.061030 
Train Epoch: 141 [900/3631 (25%)]	Gen Loss: 0.066811 
Train Epoch: 141 [1000/3631 (28%)]	Gen Loss: 0.070946 
Train Epoch: 141 [1100/3631 (30%)]	Gen Loss: 0.065261 
Train Epoch: 141 [1200/3631 (33%)]	Gen Loss: 0.063148 
Train Epoch: 141 [1300/3631 (36%)]	Gen Loss: 0.060524 
Train Epoch: 141 [1400/3631 (39%)]	Gen Loss: 0.073012 
Train Epoch: 141 [1500/3631 (41%)]	Gen Loss: 0.059275 
Train Epoch: 141 [1600/3631 (44%)]	Gen Loss: 0.078261 
Train Epoch: 141 [1700/3631 (47%)]	Gen Loss: 0.066091 
Train Epoch: 141 [1800/3631 (50%)]	Gen Loss: 0.059459 
Train Epoch: 141 [1900/3631 (52%)]	Gen Loss: 0.078114 
Train Epoch: 141 [2000/3631 (55%)]	Gen Loss: 0.056813 
Train Epoch: 141 [2100/3631 (58%)]	Gen Loss: 0.064708 
Train Epoch: 141 [2200/3631 (61%)]	Gen Loss: 0.061557 
Train Epoch: 141 [2300/3631 (63%)]	Gen Loss: 0.062625 
Train Epoch: 141 [2400/3631 (66%)]	Gen Loss: 0.067561 
Train Epoch: 141 [2500/3631 (69%)]	Gen Loss: 0.062703 
Train Epoch: 141 [2600/3631 (72%)]	Gen Loss: 0.060618 
Train Epoch: 141 [2700/3631 (74%)]	Gen Loss: 0.061747 
Train Epoch: 141 [2800/3631 (77%)]	Gen Loss: 0.061187 
Train Epoch: 141 [2900/3631 (80%)]	Gen Loss: 0.064732 
Train Epoch: 141 [3000/3631 (83%)]	Gen Loss: 0.061470 
Train Epoch: 141 [3100/3631 (85%)]	Gen Loss: 0.068848 
Train Epoch: 141 [3200/3631 (88%)]	Gen Loss: 0.063901 
Train Epoch: 141 [3300/3631 (91%)]	Gen Loss: 0.073818 
Train Epoch: 141 [3400/3631 (94%)]	Gen Loss: 0.078013 
Train Epoch: 141 [3500/3631 (96%)]	Gen Loss: 0.075866 
Train Epoch: 141 [3600/3631 (99%)]	Gen Loss: 0.071347 
==========Epoch 142==========
Train Epoch: 142 [0/3631 (0%)]	Gen Loss: 0.068455 
Train Epoch: 142 [100/3631 (3%)]	Gen Loss: 0.068422 
Train Epoch: 142 [200/3631 (6%)]	Gen Loss: 0.054780 
Train Epoch: 142 [300/3631 (8%)]	Gen Loss: 0.061943 
Train Epoch: 142 [400/3631 (11%)]	Gen Loss: 0.074385 
Train Epoch: 142 [500/3631 (14%)]	Gen Loss: 0.070568 
Train Epoch: 142 [600/3631 (17%)]	Gen Loss: 0.072121 
Train Epoch: 142 [700/3631 (19%)]	Gen Loss: 0.066502 
Train Epoch: 142 [800/3631 (22%)]	Gen Loss: 0.067574 
Train Epoch: 142 [900/3631 (25%)]	Gen Loss: 0.057101 
Train Epoch: 142 [1000/3631 (28%)]	Gen Loss: 0.058435 
Train Epoch: 142 [1100/3631 (30%)]	Gen Loss: 0.053611 
Train Epoch: 142 [1200/3631 (33%)]	Gen Loss: 0.064648 
Train Epoch: 142 [1300/3631 (36%)]	Gen Loss: 0.069422 
Train Epoch: 142 [1400/3631 (39%)]	Gen Loss: 0.071247 
Train Epoch: 142 [1500/3631 (41%)]	Gen Loss: 0.058456 
Train Epoch: 142 [1600/3631 (44%)]	Gen Loss: 0.063853 
Train Epoch: 142 [1700/3631 (47%)]	Gen Loss: 0.062657 
Train Epoch: 142 [1800/3631 (50%)]	Gen Loss: 0.071114 
Train Epoch: 142 [1900/3631 (52%)]	Gen Loss: 0.061138 
Train Epoch: 142 [2000/3631 (55%)]	Gen Loss: 0.067206 
Train Epoch: 142 [2100/3631 (58%)]	Gen Loss: 0.066539 
Train Epoch: 142 [2200/3631 (61%)]	Gen Loss: 0.060999 
Train Epoch: 142 [2300/3631 (63%)]	Gen Loss: 0.061778 
Train Epoch: 142 [2400/3631 (66%)]	Gen Loss: 0.064719 
Train Epoch: 142 [2500/3631 (69%)]	Gen Loss: 0.072021 
Train Epoch: 142 [2600/3631 (72%)]	Gen Loss: 0.064722 
Train Epoch: 142 [2700/3631 (74%)]	Gen Loss: 0.067385 
Train Epoch: 142 [2800/3631 (77%)]	Gen Loss: 0.062161 
Train Epoch: 142 [2900/3631 (80%)]	Gen Loss: 0.064391 
Train Epoch: 142 [3000/3631 (83%)]	Gen Loss: 0.065585 
Train Epoch: 142 [3100/3631 (85%)]	Gen Loss: 0.058667 
Train Epoch: 142 [3200/3631 (88%)]	Gen Loss: 0.076241 
Train Epoch: 142 [3300/3631 (91%)]	Gen Loss: 0.059889 
Train Epoch: 142 [3400/3631 (94%)]	Gen Loss: 0.072613 
Train Epoch: 142 [3500/3631 (96%)]	Gen Loss: 0.068282 
Train Epoch: 142 [3600/3631 (99%)]	Gen Loss: 0.063818 
==========Epoch 143==========
Train Epoch: 143 [0/3631 (0%)]	Gen Loss: 0.056278 
Train Epoch: 143 [100/3631 (3%)]	Gen Loss: 0.072660 
Train Epoch: 143 [200/3631 (6%)]	Gen Loss: 0.063299 
Train Epoch: 143 [300/3631 (8%)]	Gen Loss: 0.063897 
Train Epoch: 143 [400/3631 (11%)]	Gen Loss: 0.068004 
Train Epoch: 143 [500/3631 (14%)]	Gen Loss: 0.061931 
Train Epoch: 143 [600/3631 (17%)]	Gen Loss: 0.071996 
Train Epoch: 143 [700/3631 (19%)]	Gen Loss: 0.077322 
Train Epoch: 143 [800/3631 (22%)]	Gen Loss: 0.061161 
Train Epoch: 143 [900/3631 (25%)]	Gen Loss: 0.067331 
Train Epoch: 143 [1000/3631 (28%)]	Gen Loss: 0.074904 
Train Epoch: 143 [1100/3631 (30%)]	Gen Loss: 0.064934 
Train Epoch: 143 [1200/3631 (33%)]	Gen Loss: 0.063522 
Train Epoch: 143 [1300/3631 (36%)]	Gen Loss: 0.064321 
Train Epoch: 143 [1400/3631 (39%)]	Gen Loss: 0.071803 
Train Epoch: 143 [1500/3631 (41%)]	Gen Loss: 0.070387 
Train Epoch: 143 [1600/3631 (44%)]	Gen Loss: 0.075353 
Train Epoch: 143 [1700/3631 (47%)]	Gen Loss: 0.060284 
Train Epoch: 143 [1800/3631 (50%)]	Gen Loss: 0.075463 
Train Epoch: 143 [1900/3631 (52%)]	Gen Loss: 0.066733 
Train Epoch: 143 [2000/3631 (55%)]	Gen Loss: 0.078258 
Train Epoch: 143 [2100/3631 (58%)]	Gen Loss: 0.071323 
Train Epoch: 143 [2200/3631 (61%)]	Gen Loss: 0.062094 
Train Epoch: 143 [2300/3631 (63%)]	Gen Loss: 0.052258 
Train Epoch: 143 [2400/3631 (66%)]	Gen Loss: 0.066540 
Train Epoch: 143 [2500/3631 (69%)]	Gen Loss: 0.068644 
Train Epoch: 143 [2600/3631 (72%)]	Gen Loss: 0.075643 
Train Epoch: 143 [2700/3631 (74%)]	Gen Loss: 0.069815 
Train Epoch: 143 [2800/3631 (77%)]	Gen Loss: 0.060674 
Train Epoch: 143 [2900/3631 (80%)]	Gen Loss: 0.069161 
Train Epoch: 143 [3000/3631 (83%)]	Gen Loss: 0.069641 
Train Epoch: 143 [3100/3631 (85%)]	Gen Loss: 0.064077 
Train Epoch: 143 [3200/3631 (88%)]	Gen Loss: 0.067929 
Train Epoch: 143 [3300/3631 (91%)]	Gen Loss: 0.064803 
Train Epoch: 143 [3400/3631 (94%)]	Gen Loss: 0.071919 
Train Epoch: 143 [3500/3631 (96%)]	Gen Loss: 0.066362 
Train Epoch: 143 [3600/3631 (99%)]	Gen Loss: 0.071598 
==========Epoch 144==========
Train Epoch: 144 [0/3631 (0%)]	Gen Loss: 0.069208 
Train Epoch: 144 [100/3631 (3%)]	Gen Loss: 0.072162 
Train Epoch: 144 [200/3631 (6%)]	Gen Loss: 0.059125 
Train Epoch: 144 [300/3631 (8%)]	Gen Loss: 0.067034 
Train Epoch: 144 [400/3631 (11%)]	Gen Loss: 0.058289 
Train Epoch: 144 [500/3631 (14%)]	Gen Loss: 0.058910 
Train Epoch: 144 [600/3631 (17%)]	Gen Loss: 0.059052 
Train Epoch: 144 [700/3631 (19%)]	Gen Loss: 0.063852 
Train Epoch: 144 [800/3631 (22%)]	Gen Loss: 0.059733 
Train Epoch: 144 [900/3631 (25%)]	Gen Loss: 0.063370 
Train Epoch: 144 [1000/3631 (28%)]	Gen Loss: 0.059147 
Train Epoch: 144 [1100/3631 (30%)]	Gen Loss: 0.059026 
Train Epoch: 144 [1200/3631 (33%)]	Gen Loss: 0.067947 
Train Epoch: 144 [1300/3631 (36%)]	Gen Loss: 0.053166 
Train Epoch: 144 [1400/3631 (39%)]	Gen Loss: 0.064785 
Train Epoch: 144 [1500/3631 (41%)]	Gen Loss: 0.079397 
Train Epoch: 144 [1600/3631 (44%)]	Gen Loss: 0.062342 
Train Epoch: 144 [1700/3631 (47%)]	Gen Loss: 0.078185 
Train Epoch: 144 [1800/3631 (50%)]	Gen Loss: 0.057342 
Train Epoch: 144 [1900/3631 (52%)]	Gen Loss: 0.084443 
Train Epoch: 144 [2000/3631 (55%)]	Gen Loss: 0.060290 
Train Epoch: 144 [2100/3631 (58%)]	Gen Loss: 0.063278 
Train Epoch: 144 [2200/3631 (61%)]	Gen Loss: 0.063759 
Train Epoch: 144 [2300/3631 (63%)]	Gen Loss: 0.063197 
Train Epoch: 144 [2400/3631 (66%)]	Gen Loss: 0.065245 
Train Epoch: 144 [2500/3631 (69%)]	Gen Loss: 0.076279 
Train Epoch: 144 [2600/3631 (72%)]	Gen Loss: 0.069519 
Train Epoch: 144 [2700/3631 (74%)]	Gen Loss: 0.056235 
Train Epoch: 144 [2800/3631 (77%)]	Gen Loss: 0.059794 
Train Epoch: 144 [2900/3631 (80%)]	Gen Loss: 0.061072 
Train Epoch: 144 [3000/3631 (83%)]	Gen Loss: 0.057542 
Train Epoch: 144 [3100/3631 (85%)]	Gen Loss: 0.068654 
Train Epoch: 144 [3200/3631 (88%)]	Gen Loss: 0.077832 
Train Epoch: 144 [3300/3631 (91%)]	Gen Loss: 0.063396 
Train Epoch: 144 [3400/3631 (94%)]	Gen Loss: 0.060566 
Train Epoch: 144 [3500/3631 (96%)]	Gen Loss: 0.063670 
Train Epoch: 144 [3600/3631 (99%)]	Gen Loss: 0.059199 
==========Epoch 145==========
Train Epoch: 145 [0/3631 (0%)]	Gen Loss: 0.055818 
Train Epoch: 145 [100/3631 (3%)]	Gen Loss: 0.070064 
Train Epoch: 145 [200/3631 (6%)]	Gen Loss: 0.061528 
Train Epoch: 145 [300/3631 (8%)]	Gen Loss: 0.069582 
Train Epoch: 145 [400/3631 (11%)]	Gen Loss: 0.071174 
Train Epoch: 145 [500/3631 (14%)]	Gen Loss: 0.071907 
Train Epoch: 145 [600/3631 (17%)]	Gen Loss: 0.066008 
Train Epoch: 145 [700/3631 (19%)]	Gen Loss: 0.072181 
Train Epoch: 145 [800/3631 (22%)]	Gen Loss: 0.074122 
Train Epoch: 145 [900/3631 (25%)]	Gen Loss: 0.075521 
Train Epoch: 145 [1000/3631 (28%)]	Gen Loss: 0.064548 
Train Epoch: 145 [1100/3631 (30%)]	Gen Loss: 0.061798 
Train Epoch: 145 [1200/3631 (33%)]	Gen Loss: 0.071963 
Train Epoch: 145 [1300/3631 (36%)]	Gen Loss: 0.061773 
Train Epoch: 145 [1400/3631 (39%)]	Gen Loss: 0.075003 
Train Epoch: 145 [1500/3631 (41%)]	Gen Loss: 0.079577 
Train Epoch: 145 [1600/3631 (44%)]	Gen Loss: 0.071965 
Train Epoch: 145 [1700/3631 (47%)]	Gen Loss: 0.063162 
Train Epoch: 145 [1800/3631 (50%)]	Gen Loss: 0.065769 
Train Epoch: 145 [1900/3631 (52%)]	Gen Loss: 0.058681 
Train Epoch: 145 [2000/3631 (55%)]	Gen Loss: 0.067678 
Train Epoch: 145 [2100/3631 (58%)]	Gen Loss: 0.054856 
Train Epoch: 145 [2200/3631 (61%)]	Gen Loss: 0.071014 
Train Epoch: 145 [2300/3631 (63%)]	Gen Loss: 0.063782 
Train Epoch: 145 [2400/3631 (66%)]	Gen Loss: 0.076334 
Train Epoch: 145 [2500/3631 (69%)]	Gen Loss: 0.058320 
Train Epoch: 145 [2600/3631 (72%)]	Gen Loss: 0.069499 
Train Epoch: 145 [2700/3631 (74%)]	Gen Loss: 0.073015 
Train Epoch: 145 [2800/3631 (77%)]	Gen Loss: 0.067304 
Train Epoch: 145 [2900/3631 (80%)]	Gen Loss: 0.069235 
Train Epoch: 145 [3000/3631 (83%)]	Gen Loss: 0.063854 
Train Epoch: 145 [3100/3631 (85%)]	Gen Loss: 0.068412 
Train Epoch: 145 [3200/3631 (88%)]	Gen Loss: 0.063501 
Train Epoch: 145 [3300/3631 (91%)]	Gen Loss: 0.076734 
Train Epoch: 145 [3400/3631 (94%)]	Gen Loss: 0.048663 
Train Epoch: 145 [3500/3631 (96%)]	Gen Loss: 0.072100 
Train Epoch: 145 [3600/3631 (99%)]	Gen Loss: 0.064886 
==========Epoch 146==========
Train Epoch: 146 [0/3631 (0%)]	Gen Loss: 0.066288 
Train Epoch: 146 [100/3631 (3%)]	Gen Loss: 0.082063 
Train Epoch: 146 [200/3631 (6%)]	Gen Loss: 0.064559 
Train Epoch: 146 [300/3631 (8%)]	Gen Loss: 0.069153 
Train Epoch: 146 [400/3631 (11%)]	Gen Loss: 0.077031 
Train Epoch: 146 [500/3631 (14%)]	Gen Loss: 0.065547 
Train Epoch: 146 [600/3631 (17%)]	Gen Loss: 0.059661 
Train Epoch: 146 [700/3631 (19%)]	Gen Loss: 0.072753 
Train Epoch: 146 [800/3631 (22%)]	Gen Loss: 0.062856 
Train Epoch: 146 [900/3631 (25%)]	Gen Loss: 0.077891 
Train Epoch: 146 [1000/3631 (28%)]	Gen Loss: 0.075569 
Train Epoch: 146 [1100/3631 (30%)]	Gen Loss: 0.071675 
Train Epoch: 146 [1200/3631 (33%)]	Gen Loss: 0.070724 
Train Epoch: 146 [1300/3631 (36%)]	Gen Loss: 0.068276 
Train Epoch: 146 [1400/3631 (39%)]	Gen Loss: 0.070236 
Train Epoch: 146 [1500/3631 (41%)]	Gen Loss: 0.068782 
Train Epoch: 146 [1600/3631 (44%)]	Gen Loss: 0.058246 
Train Epoch: 146 [1700/3631 (47%)]	Gen Loss: 0.067820 
Train Epoch: 146 [1800/3631 (50%)]	Gen Loss: 0.058357 
Train Epoch: 146 [1900/3631 (52%)]	Gen Loss: 0.072625 
Train Epoch: 146 [2000/3631 (55%)]	Gen Loss: 0.068504 
Train Epoch: 146 [2100/3631 (58%)]	Gen Loss: 0.062450 
Train Epoch: 146 [2200/3631 (61%)]	Gen Loss: 0.059512 
Train Epoch: 146 [2300/3631 (63%)]	Gen Loss: 0.055152 
Train Epoch: 146 [2400/3631 (66%)]	Gen Loss: 0.071828 
Train Epoch: 146 [2500/3631 (69%)]	Gen Loss: 0.066051 
Train Epoch: 146 [2600/3631 (72%)]	Gen Loss: 0.061602 
Train Epoch: 146 [2700/3631 (74%)]	Gen Loss: 0.064767 
Train Epoch: 146 [2800/3631 (77%)]	Gen Loss: 0.057116 
Train Epoch: 146 [2900/3631 (80%)]	Gen Loss: 0.066174 
Train Epoch: 146 [3000/3631 (83%)]	Gen Loss: 0.064142 
Train Epoch: 146 [3100/3631 (85%)]	Gen Loss: 0.058925 
Train Epoch: 146 [3200/3631 (88%)]	Gen Loss: 0.067982 
Train Epoch: 146 [3300/3631 (91%)]	Gen Loss: 0.064546 
Train Epoch: 146 [3400/3631 (94%)]	Gen Loss: 0.065777 
Train Epoch: 146 [3500/3631 (96%)]	Gen Loss: 0.077056 
Train Epoch: 146 [3600/3631 (99%)]	Gen Loss: 0.060054 
==========Epoch 147==========
Train Epoch: 147 [0/3631 (0%)]	Gen Loss: 0.067789 
Train Epoch: 147 [100/3631 (3%)]	Gen Loss: 0.055364 
Train Epoch: 147 [200/3631 (6%)]	Gen Loss: 0.067393 
Train Epoch: 147 [300/3631 (8%)]	Gen Loss: 0.063116 
Train Epoch: 147 [400/3631 (11%)]	Gen Loss: 0.080192 
Train Epoch: 147 [500/3631 (14%)]	Gen Loss: 0.065167 
Train Epoch: 147 [600/3631 (17%)]	Gen Loss: 0.065759 
Train Epoch: 147 [700/3631 (19%)]	Gen Loss: 0.066016 
Train Epoch: 147 [800/3631 (22%)]	Gen Loss: 0.067151 
Train Epoch: 147 [900/3631 (25%)]	Gen Loss: 0.070667 
Train Epoch: 147 [1000/3631 (28%)]	Gen Loss: 0.060858 
Train Epoch: 147 [1100/3631 (30%)]	Gen Loss: 0.068803 
Train Epoch: 147 [1200/3631 (33%)]	Gen Loss: 0.063712 
Train Epoch: 147 [1300/3631 (36%)]	Gen Loss: 0.078677 
Train Epoch: 147 [1400/3631 (39%)]	Gen Loss: 0.075468 
Train Epoch: 147 [1500/3631 (41%)]	Gen Loss: 0.061345 
Train Epoch: 147 [1600/3631 (44%)]	Gen Loss: 0.060362 
Train Epoch: 147 [1700/3631 (47%)]	Gen Loss: 0.063891 
Train Epoch: 147 [1800/3631 (50%)]	Gen Loss: 0.065415 
Train Epoch: 147 [1900/3631 (52%)]	Gen Loss: 0.056475 
Train Epoch: 147 [2000/3631 (55%)]	Gen Loss: 0.066136 
Train Epoch: 147 [2100/3631 (58%)]	Gen Loss: 0.070680 
Train Epoch: 147 [2200/3631 (61%)]	Gen Loss: 0.058211 
Train Epoch: 147 [2300/3631 (63%)]	Gen Loss: 0.058011 
Train Epoch: 147 [2400/3631 (66%)]	Gen Loss: 0.064850 
Train Epoch: 147 [2500/3631 (69%)]	Gen Loss: 0.072489 
Train Epoch: 147 [2600/3631 (72%)]	Gen Loss: 0.066384 
Train Epoch: 147 [2700/3631 (74%)]	Gen Loss: 0.066057 
Train Epoch: 147 [2800/3631 (77%)]	Gen Loss: 0.066167 
Train Epoch: 147 [2900/3631 (80%)]	Gen Loss: 0.072499 
Train Epoch: 147 [3000/3631 (83%)]	Gen Loss: 0.054442 
Train Epoch: 147 [3100/3631 (85%)]	Gen Loss: 0.064800 
Train Epoch: 147 [3200/3631 (88%)]	Gen Loss: 0.077286 
Train Epoch: 147 [3300/3631 (91%)]	Gen Loss: 0.055310 
Train Epoch: 147 [3400/3631 (94%)]	Gen Loss: 0.068860 
Train Epoch: 147 [3500/3631 (96%)]	Gen Loss: 0.072514 
Train Epoch: 147 [3600/3631 (99%)]	Gen Loss: 0.070780 
==========Epoch 148==========
Train Epoch: 148 [0/3631 (0%)]	Gen Loss: 0.058829 
Train Epoch: 148 [100/3631 (3%)]	Gen Loss: 0.054590 
Train Epoch: 148 [200/3631 (6%)]	Gen Loss: 0.067807 
Train Epoch: 148 [300/3631 (8%)]	Gen Loss: 0.060111 
Train Epoch: 148 [400/3631 (11%)]	Gen Loss: 0.075319 
Train Epoch: 148 [500/3631 (14%)]	Gen Loss: 0.063266 
Train Epoch: 148 [600/3631 (17%)]	Gen Loss: 0.080276 
Train Epoch: 148 [700/3631 (19%)]	Gen Loss: 0.072277 
Train Epoch: 148 [800/3631 (22%)]	Gen Loss: 0.070008 
Train Epoch: 148 [900/3631 (25%)]	Gen Loss: 0.077653 
Train Epoch: 148 [1000/3631 (28%)]	Gen Loss: 0.054116 
Train Epoch: 148 [1100/3631 (30%)]	Gen Loss: 0.056902 
Train Epoch: 148 [1200/3631 (33%)]	Gen Loss: 0.067717 
Train Epoch: 148 [1300/3631 (36%)]	Gen Loss: 0.084183 
Train Epoch: 148 [1400/3631 (39%)]	Gen Loss: 0.070166 
Train Epoch: 148 [1500/3631 (41%)]	Gen Loss: 0.069644 
Train Epoch: 148 [1600/3631 (44%)]	Gen Loss: 0.066521 
Train Epoch: 148 [1700/3631 (47%)]	Gen Loss: 0.073690 
Train Epoch: 148 [1800/3631 (50%)]	Gen Loss: 0.060215 
Train Epoch: 148 [1900/3631 (52%)]	Gen Loss: 0.050547 
Train Epoch: 148 [2000/3631 (55%)]	Gen Loss: 0.057286 
Train Epoch: 148 [2100/3631 (58%)]	Gen Loss: 0.059383 
Train Epoch: 148 [2200/3631 (61%)]	Gen Loss: 0.068733 
Train Epoch: 148 [2300/3631 (63%)]	Gen Loss: 0.068017 
Train Epoch: 148 [2400/3631 (66%)]	Gen Loss: 0.055495 
Train Epoch: 148 [2500/3631 (69%)]	Gen Loss: 0.065003 
Train Epoch: 148 [2600/3631 (72%)]	Gen Loss: 0.071286 
Train Epoch: 148 [2700/3631 (74%)]	Gen Loss: 0.064950 
Train Epoch: 148 [2800/3631 (77%)]	Gen Loss: 0.078910 
Train Epoch: 148 [2900/3631 (80%)]	Gen Loss: 0.065968 
Train Epoch: 148 [3000/3631 (83%)]	Gen Loss: 0.069768 
Train Epoch: 148 [3100/3631 (85%)]	Gen Loss: 0.063005 
Train Epoch: 148 [3200/3631 (88%)]	Gen Loss: 0.058652 
Train Epoch: 148 [3300/3631 (91%)]	Gen Loss: 0.074023 
Train Epoch: 148 [3400/3631 (94%)]	Gen Loss: 0.066674 
Train Epoch: 148 [3500/3631 (96%)]	Gen Loss: 0.058624 
Train Epoch: 148 [3600/3631 (99%)]	Gen Loss: 0.063246 
==========Epoch 149==========
Train Epoch: 149 [0/3631 (0%)]	Gen Loss: 0.075678 
Train Epoch: 149 [100/3631 (3%)]	Gen Loss: 0.052228 
Train Epoch: 149 [200/3631 (6%)]	Gen Loss: 0.059950 
Train Epoch: 149 [300/3631 (8%)]	Gen Loss: 0.060124 
Train Epoch: 149 [400/3631 (11%)]	Gen Loss: 0.073458 
Train Epoch: 149 [500/3631 (14%)]	Gen Loss: 0.083607 
Train Epoch: 149 [600/3631 (17%)]	Gen Loss: 0.065333 
Train Epoch: 149 [700/3631 (19%)]	Gen Loss: 0.072942 
Train Epoch: 149 [800/3631 (22%)]	Gen Loss: 0.066382 
Train Epoch: 149 [900/3631 (25%)]	Gen Loss: 0.082805 
Train Epoch: 149 [1000/3631 (28%)]	Gen Loss: 0.057401 
Train Epoch: 149 [1100/3631 (30%)]	Gen Loss: 0.067531 
Train Epoch: 149 [1200/3631 (33%)]	Gen Loss: 0.070776 
Train Epoch: 149 [1300/3631 (36%)]	Gen Loss: 0.077962 
Train Epoch: 149 [1400/3631 (39%)]	Gen Loss: 0.056672 
Train Epoch: 149 [1500/3631 (41%)]	Gen Loss: 0.058544 
Train Epoch: 149 [1600/3631 (44%)]	Gen Loss: 0.065310 
Train Epoch: 149 [1700/3631 (47%)]	Gen Loss: 0.060020 
Train Epoch: 149 [1800/3631 (50%)]	Gen Loss: 0.068722 
Train Epoch: 149 [1900/3631 (52%)]	Gen Loss: 0.077689 
Train Epoch: 149 [2000/3631 (55%)]	Gen Loss: 0.071314 
Train Epoch: 149 [2100/3631 (58%)]	Gen Loss: 0.062241 
Train Epoch: 149 [2200/3631 (61%)]	Gen Loss: 0.068487 
Train Epoch: 149 [2300/3631 (63%)]	Gen Loss: 0.061289 
Train Epoch: 149 [2400/3631 (66%)]	Gen Loss: 0.066049 
Train Epoch: 149 [2500/3631 (69%)]	Gen Loss: 0.053397 
Train Epoch: 149 [2600/3631 (72%)]	Gen Loss: 0.052257 
Train Epoch: 149 [2700/3631 (74%)]	Gen Loss: 0.070753 
Train Epoch: 149 [2800/3631 (77%)]	Gen Loss: 0.052122 
Train Epoch: 149 [2900/3631 (80%)]	Gen Loss: 0.074991 
Train Epoch: 149 [3000/3631 (83%)]	Gen Loss: 0.072306 
Train Epoch: 149 [3100/3631 (85%)]	Gen Loss: 0.057304 
Train Epoch: 149 [3200/3631 (88%)]	Gen Loss: 0.056240 
Train Epoch: 149 [3300/3631 (91%)]	Gen Loss: 0.067823 
Train Epoch: 149 [3400/3631 (94%)]	Gen Loss: 0.075552 
Train Epoch: 149 [3500/3631 (96%)]	Gen Loss: 0.066463 
Train Epoch: 149 [3600/3631 (99%)]	Gen Loss: 0.076475 
==========Epoch 150==========
Train Epoch: 150 [0/3631 (0%)]	Gen Loss: 0.063950 
Train Epoch: 150 [100/3631 (3%)]	Gen Loss: 0.061296 
Train Epoch: 150 [200/3631 (6%)]	Gen Loss: 0.071373 
Train Epoch: 150 [300/3631 (8%)]	Gen Loss: 0.069374 
Train Epoch: 150 [400/3631 (11%)]	Gen Loss: 0.076532 
Train Epoch: 150 [500/3631 (14%)]	Gen Loss: 0.062706 
Train Epoch: 150 [600/3631 (17%)]	Gen Loss: 0.067923 
Train Epoch: 150 [700/3631 (19%)]	Gen Loss: 0.065497 
Train Epoch: 150 [800/3631 (22%)]	Gen Loss: 0.064618 
Train Epoch: 150 [900/3631 (25%)]	Gen Loss: 0.059614 
Train Epoch: 150 [1000/3631 (28%)]	Gen Loss: 0.058838 
Train Epoch: 150 [1100/3631 (30%)]	Gen Loss: 0.067763 
Train Epoch: 150 [1200/3631 (33%)]	Gen Loss: 0.063135 
Train Epoch: 150 [1300/3631 (36%)]	Gen Loss: 0.067307 
Train Epoch: 150 [1400/3631 (39%)]	Gen Loss: 0.068738 
Train Epoch: 150 [1500/3631 (41%)]	Gen Loss: 0.067904 
Train Epoch: 150 [1600/3631 (44%)]	Gen Loss: 0.050188 
Train Epoch: 150 [1700/3631 (47%)]	Gen Loss: 0.063609 
Train Epoch: 150 [1800/3631 (50%)]	Gen Loss: 0.065722 
Train Epoch: 150 [1900/3631 (52%)]	Gen Loss: 0.061859 
Train Epoch: 150 [2000/3631 (55%)]	Gen Loss: 0.057351 
Train Epoch: 150 [2100/3631 (58%)]	Gen Loss: 0.067110 
Train Epoch: 150 [2200/3631 (61%)]	Gen Loss: 0.069032 
Train Epoch: 150 [2300/3631 (63%)]	Gen Loss: 0.072558 
Train Epoch: 150 [2400/3631 (66%)]	Gen Loss: 0.059308 
Train Epoch: 150 [2500/3631 (69%)]	Gen Loss: 0.069677 
Train Epoch: 150 [2600/3631 (72%)]	Gen Loss: 0.063458 
Train Epoch: 150 [2700/3631 (74%)]	Gen Loss: 0.061809 
Train Epoch: 150 [2800/3631 (77%)]	Gen Loss: 0.053952 
Train Epoch: 150 [2900/3631 (80%)]	Gen Loss: 0.060510 
Train Epoch: 150 [3000/3631 (83%)]	Gen Loss: 0.081691 
Train Epoch: 150 [3100/3631 (85%)]	Gen Loss: 0.072786 
Train Epoch: 150 [3200/3631 (88%)]	Gen Loss: 0.081137 
Train Epoch: 150 [3300/3631 (91%)]	Gen Loss: 0.060175 
Train Epoch: 150 [3400/3631 (94%)]	Gen Loss: 0.075172 
Train Epoch: 150 [3500/3631 (96%)]	Gen Loss: 0.058760 
Train Epoch: 150 [3600/3631 (99%)]	Gen Loss: 0.057527 
==========Epoch 151==========
Train Epoch: 151 [0/3631 (0%)]	Gen Loss: 0.068186 
Train Epoch: 151 [100/3631 (3%)]	Gen Loss: 0.065706 
Train Epoch: 151 [200/3631 (6%)]	Gen Loss: 0.056364 
Train Epoch: 151 [300/3631 (8%)]	Gen Loss: 0.067618 
Train Epoch: 151 [400/3631 (11%)]	Gen Loss: 0.067022 
Train Epoch: 151 [500/3631 (14%)]	Gen Loss: 0.067926 
Train Epoch: 151 [600/3631 (17%)]	Gen Loss: 0.059472 
Train Epoch: 151 [700/3631 (19%)]	Gen Loss: 0.054719 
Train Epoch: 151 [800/3631 (22%)]	Gen Loss: 0.054313 
Train Epoch: 151 [900/3631 (25%)]	Gen Loss: 0.075344 
Train Epoch: 151 [1000/3631 (28%)]	Gen Loss: 0.067965 
Train Epoch: 151 [1100/3631 (30%)]	Gen Loss: 0.061896 
Train Epoch: 151 [1200/3631 (33%)]	Gen Loss: 0.063665 
Train Epoch: 151 [1300/3631 (36%)]	Gen Loss: 0.072111 
Train Epoch: 151 [1400/3631 (39%)]	Gen Loss: 0.062332 
Train Epoch: 151 [1500/3631 (41%)]	Gen Loss: 0.062997 
Train Epoch: 151 [1600/3631 (44%)]	Gen Loss: 0.059180 
Train Epoch: 151 [1700/3631 (47%)]	Gen Loss: 0.073371 
Train Epoch: 151 [1800/3631 (50%)]	Gen Loss: 0.063484 
Train Epoch: 151 [1900/3631 (52%)]	Gen Loss: 0.062083 
Train Epoch: 151 [2000/3631 (55%)]	Gen Loss: 0.062759 
Train Epoch: 151 [2100/3631 (58%)]	Gen Loss: 0.065825 
Train Epoch: 151 [2200/3631 (61%)]	Gen Loss: 0.071008 
Train Epoch: 151 [2300/3631 (63%)]	Gen Loss: 0.060503 
Train Epoch: 151 [2400/3631 (66%)]	Gen Loss: 0.060709 
Train Epoch: 151 [2500/3631 (69%)]	Gen Loss: 0.063201 
Train Epoch: 151 [2600/3631 (72%)]	Gen Loss: 0.063990 
Train Epoch: 151 [2700/3631 (74%)]	Gen Loss: 0.070291 
Train Epoch: 151 [2800/3631 (77%)]	Gen Loss: 0.069631 
Train Epoch: 151 [2900/3631 (80%)]	Gen Loss: 0.066146 
Train Epoch: 151 [3000/3631 (83%)]	Gen Loss: 0.078381 
Train Epoch: 151 [3100/3631 (85%)]	Gen Loss: 0.063666 
Train Epoch: 151 [3200/3631 (88%)]	Gen Loss: 0.069939 
Train Epoch: 151 [3300/3631 (91%)]	Gen Loss: 0.065386 
Train Epoch: 151 [3400/3631 (94%)]	Gen Loss: 0.066835 
Train Epoch: 151 [3500/3631 (96%)]	Gen Loss: 0.069402 
Train Epoch: 151 [3600/3631 (99%)]	Gen Loss: 0.064661 
==========Epoch 152==========
Train Epoch: 152 [0/3631 (0%)]	Gen Loss: 0.071011 
Train Epoch: 152 [100/3631 (3%)]	Gen Loss: 0.062746 
Train Epoch: 152 [200/3631 (6%)]	Gen Loss: 0.069110 
Train Epoch: 152 [300/3631 (8%)]	Gen Loss: 0.060371 
Train Epoch: 152 [400/3631 (11%)]	Gen Loss: 0.067901 
Train Epoch: 152 [500/3631 (14%)]	Gen Loss: 0.056165 
Train Epoch: 152 [600/3631 (17%)]	Gen Loss: 0.055386 
Train Epoch: 152 [700/3631 (19%)]	Gen Loss: 0.055356 
Train Epoch: 152 [800/3631 (22%)]	Gen Loss: 0.063054 
Train Epoch: 152 [900/3631 (25%)]	Gen Loss: 0.066846 
Train Epoch: 152 [1000/3631 (28%)]	Gen Loss: 0.065594 
Train Epoch: 152 [1100/3631 (30%)]	Gen Loss: 0.062988 
Train Epoch: 152 [1200/3631 (33%)]	Gen Loss: 0.069534 
Train Epoch: 152 [1300/3631 (36%)]	Gen Loss: 0.054005 
Train Epoch: 152 [1400/3631 (39%)]	Gen Loss: 0.064566 
Train Epoch: 152 [1500/3631 (41%)]	Gen Loss: 0.065072 
Train Epoch: 152 [1600/3631 (44%)]	Gen Loss: 0.054036 
Train Epoch: 152 [1700/3631 (47%)]	Gen Loss: 0.065417 
Train Epoch: 152 [1800/3631 (50%)]	Gen Loss: 0.070441 
Train Epoch: 152 [1900/3631 (52%)]	Gen Loss: 0.070187 
Train Epoch: 152 [2000/3631 (55%)]	Gen Loss: 0.070149 
Train Epoch: 152 [2100/3631 (58%)]	Gen Loss: 0.061886 
Train Epoch: 152 [2200/3631 (61%)]	Gen Loss: 0.067464 
Train Epoch: 152 [2300/3631 (63%)]	Gen Loss: 0.063512 
Train Epoch: 152 [2400/3631 (66%)]	Gen Loss: 0.069721 
Train Epoch: 152 [2500/3631 (69%)]	Gen Loss: 0.064357 
Train Epoch: 152 [2600/3631 (72%)]	Gen Loss: 0.070079 
Train Epoch: 152 [2700/3631 (74%)]	Gen Loss: 0.066386 
Train Epoch: 152 [2800/3631 (77%)]	Gen Loss: 0.064213 
Train Epoch: 152 [2900/3631 (80%)]	Gen Loss: 0.064075 
Train Epoch: 152 [3000/3631 (83%)]	Gen Loss: 0.078124 
Train Epoch: 152 [3100/3631 (85%)]	Gen Loss: 0.064664 
Train Epoch: 152 [3200/3631 (88%)]	Gen Loss: 0.059960 
Train Epoch: 152 [3300/3631 (91%)]	Gen Loss: 0.067647 
Train Epoch: 152 [3400/3631 (94%)]	Gen Loss: 0.054297 
Train Epoch: 152 [3500/3631 (96%)]	Gen Loss: 0.061186 
Train Epoch: 152 [3600/3631 (99%)]	Gen Loss: 0.073644 
==========Epoch 153==========
Train Epoch: 153 [0/3631 (0%)]	Gen Loss: 0.069908 
Train Epoch: 153 [100/3631 (3%)]	Gen Loss: 0.071407 
Train Epoch: 153 [200/3631 (6%)]	Gen Loss: 0.063362 
Train Epoch: 153 [300/3631 (8%)]	Gen Loss: 0.060308 
Train Epoch: 153 [400/3631 (11%)]	Gen Loss: 0.076216 
Train Epoch: 153 [500/3631 (14%)]	Gen Loss: 0.074161 
Train Epoch: 153 [600/3631 (17%)]	Gen Loss: 0.058371 
Train Epoch: 153 [700/3631 (19%)]	Gen Loss: 0.060090 
Train Epoch: 153 [800/3631 (22%)]	Gen Loss: 0.059656 
Train Epoch: 153 [900/3631 (25%)]	Gen Loss: 0.065084 
Train Epoch: 153 [1000/3631 (28%)]	Gen Loss: 0.061272 
Train Epoch: 153 [1100/3631 (30%)]	Gen Loss: 0.067807 
Train Epoch: 153 [1200/3631 (33%)]	Gen Loss: 0.048032 
Train Epoch: 153 [1300/3631 (36%)]	Gen Loss: 0.061910 
Train Epoch: 153 [1400/3631 (39%)]	Gen Loss: 0.074402 
Train Epoch: 153 [1500/3631 (41%)]	Gen Loss: 0.062679 
Train Epoch: 153 [1600/3631 (44%)]	Gen Loss: 0.065144 
Train Epoch: 153 [1700/3631 (47%)]	Gen Loss: 0.072705 
Train Epoch: 153 [1800/3631 (50%)]	Gen Loss: 0.066910 
Train Epoch: 153 [1900/3631 (52%)]	Gen Loss: 0.065547 
Train Epoch: 153 [2000/3631 (55%)]	Gen Loss: 0.061128 
Train Epoch: 153 [2100/3631 (58%)]	Gen Loss: 0.066367 
Train Epoch: 153 [2200/3631 (61%)]	Gen Loss: 0.062743 
Train Epoch: 153 [2300/3631 (63%)]	Gen Loss: 0.059502 
Train Epoch: 153 [2400/3631 (66%)]	Gen Loss: 0.053931 
Train Epoch: 153 [2500/3631 (69%)]	Gen Loss: 0.074078 
Train Epoch: 153 [2600/3631 (72%)]	Gen Loss: 0.069975 
Train Epoch: 153 [2700/3631 (74%)]	Gen Loss: 0.068456 
Train Epoch: 153 [2800/3631 (77%)]	Gen Loss: 0.078785 
Train Epoch: 153 [2900/3631 (80%)]	Gen Loss: 0.063147 
Train Epoch: 153 [3000/3631 (83%)]	Gen Loss: 0.068365 
Train Epoch: 153 [3100/3631 (85%)]	Gen Loss: 0.072845 
Train Epoch: 153 [3200/3631 (88%)]	Gen Loss: 0.060088 
Train Epoch: 153 [3300/3631 (91%)]	Gen Loss: 0.065972 
Train Epoch: 153 [3400/3631 (94%)]	Gen Loss: 0.060268 
Train Epoch: 153 [3500/3631 (96%)]	Gen Loss: 0.072995 
Train Epoch: 153 [3600/3631 (99%)]	Gen Loss: 0.059048 
==========Epoch 154==========
Train Epoch: 154 [0/3631 (0%)]	Gen Loss: 0.058213 
Train Epoch: 154 [100/3631 (3%)]	Gen Loss: 0.068465 
Train Epoch: 154 [200/3631 (6%)]	Gen Loss: 0.059666 
Train Epoch: 154 [300/3631 (8%)]	Gen Loss: 0.071008 
Train Epoch: 154 [400/3631 (11%)]	Gen Loss: 0.051333 
Train Epoch: 154 [500/3631 (14%)]	Gen Loss: 0.061382 
Train Epoch: 154 [600/3631 (17%)]	Gen Loss: 0.070900 
Train Epoch: 154 [700/3631 (19%)]	Gen Loss: 0.050403 
Train Epoch: 154 [800/3631 (22%)]	Gen Loss: 0.065862 
Train Epoch: 154 [900/3631 (25%)]	Gen Loss: 0.073692 
Train Epoch: 154 [1000/3631 (28%)]	Gen Loss: 0.066141 
Train Epoch: 154 [1100/3631 (30%)]	Gen Loss: 0.066420 
Train Epoch: 154 [1200/3631 (33%)]	Gen Loss: 0.068626 
Train Epoch: 154 [1300/3631 (36%)]	Gen Loss: 0.063499 
Train Epoch: 154 [1400/3631 (39%)]	Gen Loss: 0.068489 
Train Epoch: 154 [1500/3631 (41%)]	Gen Loss: 0.077772 
Train Epoch: 154 [1600/3631 (44%)]	Gen Loss: 0.075448 
Train Epoch: 154 [1700/3631 (47%)]	Gen Loss: 0.083770 
Train Epoch: 154 [1800/3631 (50%)]	Gen Loss: 0.062750 
Train Epoch: 154 [1900/3631 (52%)]	Gen Loss: 0.062479 
Train Epoch: 154 [2000/3631 (55%)]	Gen Loss: 0.057014 
Train Epoch: 154 [2100/3631 (58%)]	Gen Loss: 0.078264 
Train Epoch: 154 [2200/3631 (61%)]	Gen Loss: 0.064833 
Train Epoch: 154 [2300/3631 (63%)]	Gen Loss: 0.060526 
Train Epoch: 154 [2400/3631 (66%)]	Gen Loss: 0.057831 
Train Epoch: 154 [2500/3631 (69%)]	Gen Loss: 0.073867 
Train Epoch: 154 [2600/3631 (72%)]	Gen Loss: 0.076987 
Train Epoch: 154 [2700/3631 (74%)]	Gen Loss: 0.058592 
Train Epoch: 154 [2800/3631 (77%)]	Gen Loss: 0.066237 
Train Epoch: 154 [2900/3631 (80%)]	Gen Loss: 0.064855 
Train Epoch: 154 [3000/3631 (83%)]	Gen Loss: 0.073546 
Train Epoch: 154 [3100/3631 (85%)]	Gen Loss: 0.073937 
Train Epoch: 154 [3200/3631 (88%)]	Gen Loss: 0.057434 
Train Epoch: 154 [3300/3631 (91%)]	Gen Loss: 0.068046 
Train Epoch: 154 [3400/3631 (94%)]	Gen Loss: 0.072077 
Train Epoch: 154 [3500/3631 (96%)]	Gen Loss: 0.060364 
Train Epoch: 154 [3600/3631 (99%)]	Gen Loss: 0.065491 
==========Epoch 155==========
Train Epoch: 155 [0/3631 (0%)]	Gen Loss: 0.062545 
Train Epoch: 155 [100/3631 (3%)]	Gen Loss: 0.068119 
Train Epoch: 155 [200/3631 (6%)]	Gen Loss: 0.064815 
Train Epoch: 155 [300/3631 (8%)]	Gen Loss: 0.061108 
Train Epoch: 155 [400/3631 (11%)]	Gen Loss: 0.073074 
Train Epoch: 155 [500/3631 (14%)]	Gen Loss: 0.057405 
Train Epoch: 155 [600/3631 (17%)]	Gen Loss: 0.059727 
Train Epoch: 155 [700/3631 (19%)]	Gen Loss: 0.067773 
Train Epoch: 155 [800/3631 (22%)]	Gen Loss: 0.071206 
Train Epoch: 155 [900/3631 (25%)]	Gen Loss: 0.063629 
Train Epoch: 155 [1000/3631 (28%)]	Gen Loss: 0.072974 
Train Epoch: 155 [1100/3631 (30%)]	Gen Loss: 0.070051 
Train Epoch: 155 [1200/3631 (33%)]	Gen Loss: 0.057703 
Train Epoch: 155 [1300/3631 (36%)]	Gen Loss: 0.060746 
Train Epoch: 155 [1400/3631 (39%)]	Gen Loss: 0.065780 
Train Epoch: 155 [1500/3631 (41%)]	Gen Loss: 0.069762 
Train Epoch: 155 [1600/3631 (44%)]	Gen Loss: 0.069132 
Train Epoch: 155 [1700/3631 (47%)]	Gen Loss: 0.060870 
Train Epoch: 155 [1800/3631 (50%)]	Gen Loss: 0.062800 
Train Epoch: 155 [1900/3631 (52%)]	Gen Loss: 0.065225 
Train Epoch: 155 [2000/3631 (55%)]	Gen Loss: 0.064075 
Train Epoch: 155 [2100/3631 (58%)]	Gen Loss: 0.065571 
Train Epoch: 155 [2200/3631 (61%)]	Gen Loss: 0.064290 
Train Epoch: 155 [2300/3631 (63%)]	Gen Loss: 0.063068 
Train Epoch: 155 [2400/3631 (66%)]	Gen Loss: 0.066042 
Train Epoch: 155 [2500/3631 (69%)]	Gen Loss: 0.065174 
Train Epoch: 155 [2600/3631 (72%)]	Gen Loss: 0.064943 
Train Epoch: 155 [2700/3631 (74%)]	Gen Loss: 0.078211 
Train Epoch: 155 [2800/3631 (77%)]	Gen Loss: 0.074620 
Train Epoch: 155 [2900/3631 (80%)]	Gen Loss: 0.063991 
Train Epoch: 155 [3000/3631 (83%)]	Gen Loss: 0.054765 
Train Epoch: 155 [3100/3631 (85%)]	Gen Loss: 0.078754 
Train Epoch: 155 [3200/3631 (88%)]	Gen Loss: 0.067102 
Train Epoch: 155 [3300/3631 (91%)]	Gen Loss: 0.069762 
Train Epoch: 155 [3400/3631 (94%)]	Gen Loss: 0.056599 
Train Epoch: 155 [3500/3631 (96%)]	Gen Loss: 0.064555 
Train Epoch: 155 [3600/3631 (99%)]	Gen Loss: 0.049621 
==========Epoch 156==========
Train Epoch: 156 [0/3631 (0%)]	Gen Loss: 0.073210 
Train Epoch: 156 [100/3631 (3%)]	Gen Loss: 0.067542 
Train Epoch: 156 [200/3631 (6%)]	Gen Loss: 0.056576 
Train Epoch: 156 [300/3631 (8%)]	Gen Loss: 0.074848 
Train Epoch: 156 [400/3631 (11%)]	Gen Loss: 0.053697 
Train Epoch: 156 [500/3631 (14%)]	Gen Loss: 0.058650 
Train Epoch: 156 [600/3631 (17%)]	Gen Loss: 0.060006 
Train Epoch: 156 [700/3631 (19%)]	Gen Loss: 0.059266 
Train Epoch: 156 [800/3631 (22%)]	Gen Loss: 0.084067 
Train Epoch: 156 [900/3631 (25%)]	Gen Loss: 0.067408 
Train Epoch: 156 [1000/3631 (28%)]	Gen Loss: 0.059858 
Train Epoch: 156 [1100/3631 (30%)]	Gen Loss: 0.069209 
Train Epoch: 156 [1200/3631 (33%)]	Gen Loss: 0.059732 
Train Epoch: 156 [1300/3631 (36%)]	Gen Loss: 0.066010 
Train Epoch: 156 [1400/3631 (39%)]	Gen Loss: 0.074237 
Train Epoch: 156 [1500/3631 (41%)]	Gen Loss: 0.070272 
Train Epoch: 156 [1600/3631 (44%)]	Gen Loss: 0.076148 
Train Epoch: 156 [1700/3631 (47%)]	Gen Loss: 0.066356 
Train Epoch: 156 [1800/3631 (50%)]	Gen Loss: 0.065261 
Train Epoch: 156 [1900/3631 (52%)]	Gen Loss: 0.057051 
Train Epoch: 156 [2000/3631 (55%)]	Gen Loss: 0.063220 
Train Epoch: 156 [2100/3631 (58%)]	Gen Loss: 0.066859 
Train Epoch: 156 [2200/3631 (61%)]	Gen Loss: 0.061953 
Train Epoch: 156 [2300/3631 (63%)]	Gen Loss: 0.063284 
Train Epoch: 156 [2400/3631 (66%)]	Gen Loss: 0.076303 
Train Epoch: 156 [2500/3631 (69%)]	Gen Loss: 0.072933 
Train Epoch: 156 [2600/3631 (72%)]	Gen Loss: 0.070249 
Train Epoch: 156 [2700/3631 (74%)]	Gen Loss: 0.078201 
Train Epoch: 156 [2800/3631 (77%)]	Gen Loss: 0.063933 
Train Epoch: 156 [2900/3631 (80%)]	Gen Loss: 0.064117 
Train Epoch: 156 [3000/3631 (83%)]	Gen Loss: 0.067197 
Train Epoch: 156 [3100/3631 (85%)]	Gen Loss: 0.080248 
Train Epoch: 156 [3200/3631 (88%)]	Gen Loss: 0.063742 
Train Epoch: 156 [3300/3631 (91%)]	Gen Loss: 0.045141 
Train Epoch: 156 [3400/3631 (94%)]	Gen Loss: 0.072969 
Train Epoch: 156 [3500/3631 (96%)]	Gen Loss: 0.057097 
Train Epoch: 156 [3600/3631 (99%)]	Gen Loss: 0.067817 
==========Epoch 157==========
Train Epoch: 157 [0/3631 (0%)]	Gen Loss: 0.068928 
Train Epoch: 157 [100/3631 (3%)]	Gen Loss: 0.059248 
Train Epoch: 157 [200/3631 (6%)]	Gen Loss: 0.063438 
Train Epoch: 157 [300/3631 (8%)]	Gen Loss: 0.063960 
Train Epoch: 157 [400/3631 (11%)]	Gen Loss: 0.057927 
Train Epoch: 157 [500/3631 (14%)]	Gen Loss: 0.075200 
Train Epoch: 157 [600/3631 (17%)]	Gen Loss: 0.059328 
Train Epoch: 157 [700/3631 (19%)]	Gen Loss: 0.058461 
Train Epoch: 157 [800/3631 (22%)]	Gen Loss: 0.062421 
Train Epoch: 157 [900/3631 (25%)]	Gen Loss: 0.076912 
Train Epoch: 157 [1000/3631 (28%)]	Gen Loss: 0.074175 
Train Epoch: 157 [1100/3631 (30%)]	Gen Loss: 0.068767 
Train Epoch: 157 [1200/3631 (33%)]	Gen Loss: 0.055110 
Train Epoch: 157 [1300/3631 (36%)]	Gen Loss: 0.067553 
Train Epoch: 157 [1400/3631 (39%)]	Gen Loss: 0.063027 
Train Epoch: 157 [1500/3631 (41%)]	Gen Loss: 0.073914 
Train Epoch: 157 [1600/3631 (44%)]	Gen Loss: 0.065319 
Train Epoch: 157 [1700/3631 (47%)]	Gen Loss: 0.066160 
Train Epoch: 157 [1800/3631 (50%)]	Gen Loss: 0.074638 
Train Epoch: 157 [1900/3631 (52%)]	Gen Loss: 0.061070 
Train Epoch: 157 [2000/3631 (55%)]	Gen Loss: 0.054672 
Train Epoch: 157 [2100/3631 (58%)]	Gen Loss: 0.057986 
Train Epoch: 157 [2200/3631 (61%)]	Gen Loss: 0.064691 
Train Epoch: 157 [2300/3631 (63%)]	Gen Loss: 0.069996 
Train Epoch: 157 [2400/3631 (66%)]	Gen Loss: 0.064551 
Train Epoch: 157 [2500/3631 (69%)]	Gen Loss: 0.063283 
Train Epoch: 157 [2600/3631 (72%)]	Gen Loss: 0.065834 
Train Epoch: 157 [2700/3631 (74%)]	Gen Loss: 0.060791 
Train Epoch: 157 [2800/3631 (77%)]	Gen Loss: 0.067383 
Train Epoch: 157 [2900/3631 (80%)]	Gen Loss: 0.064562 
Train Epoch: 157 [3000/3631 (83%)]	Gen Loss: 0.073979 
Train Epoch: 157 [3100/3631 (85%)]	Gen Loss: 0.064158 
Train Epoch: 157 [3200/3631 (88%)]	Gen Loss: 0.068487 
Train Epoch: 157 [3300/3631 (91%)]	Gen Loss: 0.070800 
Train Epoch: 157 [3400/3631 (94%)]	Gen Loss: 0.061539 
Train Epoch: 157 [3500/3631 (96%)]	Gen Loss: 0.061972 
Train Epoch: 157 [3600/3631 (99%)]	Gen Loss: 0.064669 
==========Epoch 158==========
Train Epoch: 158 [0/3631 (0%)]	Gen Loss: 0.075687 
Train Epoch: 158 [100/3631 (3%)]	Gen Loss: 0.063890 
Train Epoch: 158 [200/3631 (6%)]	Gen Loss: 0.064275 
Train Epoch: 158 [300/3631 (8%)]	Gen Loss: 0.076412 
Train Epoch: 158 [400/3631 (11%)]	Gen Loss: 0.075134 
Train Epoch: 158 [500/3631 (14%)]	Gen Loss: 0.066801 
Train Epoch: 158 [600/3631 (17%)]	Gen Loss: 0.060536 
Train Epoch: 158 [700/3631 (19%)]	Gen Loss: 0.057515 
Train Epoch: 158 [800/3631 (22%)]	Gen Loss: 0.067589 
Train Epoch: 158 [900/3631 (25%)]	Gen Loss: 0.062237 
Train Epoch: 158 [1000/3631 (28%)]	Gen Loss: 0.057554 
Train Epoch: 158 [1100/3631 (30%)]	Gen Loss: 0.061885 
Train Epoch: 158 [1200/3631 (33%)]	Gen Loss: 0.066665 
Train Epoch: 158 [1300/3631 (36%)]	Gen Loss: 0.079032 
Train Epoch: 158 [1400/3631 (39%)]	Gen Loss: 0.060686 
Train Epoch: 158 [1500/3631 (41%)]	Gen Loss: 0.061217 
Train Epoch: 158 [1600/3631 (44%)]	Gen Loss: 0.063616 
Train Epoch: 158 [1700/3631 (47%)]	Gen Loss: 0.060126 
Train Epoch: 158 [1800/3631 (50%)]	Gen Loss: 0.067727 
Train Epoch: 158 [1900/3631 (52%)]	Gen Loss: 0.076789 
Train Epoch: 158 [2000/3631 (55%)]	Gen Loss: 0.060583 
Train Epoch: 158 [2100/3631 (58%)]	Gen Loss: 0.068228 
Train Epoch: 158 [2200/3631 (61%)]	Gen Loss: 0.058171 
Train Epoch: 158 [2300/3631 (63%)]	Gen Loss: 0.067111 
Train Epoch: 158 [2400/3631 (66%)]	Gen Loss: 0.065425 
Train Epoch: 158 [2500/3631 (69%)]	Gen Loss: 0.066674 
Train Epoch: 158 [2600/3631 (72%)]	Gen Loss: 0.062613 
Train Epoch: 158 [2700/3631 (74%)]	Gen Loss: 0.058500 
Train Epoch: 158 [2800/3631 (77%)]	Gen Loss: 0.051855 
Train Epoch: 158 [2900/3631 (80%)]	Gen Loss: 0.079373 
Train Epoch: 158 [3000/3631 (83%)]	Gen Loss: 0.068441 
Train Epoch: 158 [3100/3631 (85%)]	Gen Loss: 0.066960 
Train Epoch: 158 [3200/3631 (88%)]	Gen Loss: 0.072671 
Train Epoch: 158 [3300/3631 (91%)]	Gen Loss: 0.072745 
Train Epoch: 158 [3400/3631 (94%)]	Gen Loss: 0.072433 
Train Epoch: 158 [3500/3631 (96%)]	Gen Loss: 0.059971 
Train Epoch: 158 [3600/3631 (99%)]	Gen Loss: 0.062899 
==========Epoch 159==========
Train Epoch: 159 [0/3631 (0%)]	Gen Loss: 0.070959 
Train Epoch: 159 [100/3631 (3%)]	Gen Loss: 0.067004 
Train Epoch: 159 [200/3631 (6%)]	Gen Loss: 0.072611 
Train Epoch: 159 [300/3631 (8%)]	Gen Loss: 0.061236 
Train Epoch: 159 [400/3631 (11%)]	Gen Loss: 0.068936 
Train Epoch: 159 [500/3631 (14%)]	Gen Loss: 0.074239 
Train Epoch: 159 [600/3631 (17%)]	Gen Loss: 0.067790 
Train Epoch: 159 [700/3631 (19%)]	Gen Loss: 0.063868 
Train Epoch: 159 [800/3631 (22%)]	Gen Loss: 0.055410 
Train Epoch: 159 [900/3631 (25%)]	Gen Loss: 0.075750 
Train Epoch: 159 [1000/3631 (28%)]	Gen Loss: 0.068457 
Train Epoch: 159 [1100/3631 (30%)]	Gen Loss: 0.078516 
Train Epoch: 159 [1200/3631 (33%)]	Gen Loss: 0.059808 
Train Epoch: 159 [1300/3631 (36%)]	Gen Loss: 0.076035 
Train Epoch: 159 [1400/3631 (39%)]	Gen Loss: 0.066538 
Train Epoch: 159 [1500/3631 (41%)]	Gen Loss: 0.069238 
Train Epoch: 159 [1600/3631 (44%)]	Gen Loss: 0.062200 
Train Epoch: 159 [1700/3631 (47%)]	Gen Loss: 0.058719 
Train Epoch: 159 [1800/3631 (50%)]	Gen Loss: 0.058710 
Train Epoch: 159 [1900/3631 (52%)]	Gen Loss: 0.064051 
Train Epoch: 159 [2000/3631 (55%)]	Gen Loss: 0.062074 
Train Epoch: 159 [2100/3631 (58%)]	Gen Loss: 0.061410 
Train Epoch: 159 [2200/3631 (61%)]	Gen Loss: 0.062477 
Train Epoch: 159 [2300/3631 (63%)]	Gen Loss: 0.067033 
Train Epoch: 159 [2400/3631 (66%)]	Gen Loss: 0.067842 
Train Epoch: 159 [2500/3631 (69%)]	Gen Loss: 0.066935 
Train Epoch: 159 [2600/3631 (72%)]	Gen Loss: 0.068647 
Train Epoch: 159 [2700/3631 (74%)]	Gen Loss: 0.076138 
Train Epoch: 159 [2800/3631 (77%)]	Gen Loss: 0.062116 
Train Epoch: 159 [2900/3631 (80%)]	Gen Loss: 0.068703 
Train Epoch: 159 [3000/3631 (83%)]	Gen Loss: 0.061961 
Train Epoch: 159 [3100/3631 (85%)]	Gen Loss: 0.073113 
Train Epoch: 159 [3200/3631 (88%)]	Gen Loss: 0.064114 
Train Epoch: 159 [3300/3631 (91%)]	Gen Loss: 0.059031 
Train Epoch: 159 [3400/3631 (94%)]	Gen Loss: 0.056080 
Train Epoch: 159 [3500/3631 (96%)]	Gen Loss: 0.060380 
Train Epoch: 159 [3600/3631 (99%)]	Gen Loss: 0.063956 
==========Epoch 160==========
Train Epoch: 160 [0/3631 (0%)]	Gen Loss: 0.058855 
Train Epoch: 160 [100/3631 (3%)]	Gen Loss: 0.054848 
Train Epoch: 160 [200/3631 (6%)]	Gen Loss: 0.056672 
Train Epoch: 160 [300/3631 (8%)]	Gen Loss: 0.056133 
Train Epoch: 160 [400/3631 (11%)]	Gen Loss: 0.059345 
Train Epoch: 160 [500/3631 (14%)]	Gen Loss: 0.068557 
Train Epoch: 160 [600/3631 (17%)]	Gen Loss: 0.071718 
Train Epoch: 160 [700/3631 (19%)]	Gen Loss: 0.082401 
Train Epoch: 160 [800/3631 (22%)]	Gen Loss: 0.061328 
Train Epoch: 160 [900/3631 (25%)]	Gen Loss: 0.062189 
Train Epoch: 160 [1000/3631 (28%)]	Gen Loss: 0.067363 
Train Epoch: 160 [1100/3631 (30%)]	Gen Loss: 0.074111 
Train Epoch: 160 [1200/3631 (33%)]	Gen Loss: 0.050307 
Train Epoch: 160 [1300/3631 (36%)]	Gen Loss: 0.066281 
Train Epoch: 160 [1400/3631 (39%)]	Gen Loss: 0.067828 
Train Epoch: 160 [1500/3631 (41%)]	Gen Loss: 0.066098 
Train Epoch: 160 [1600/3631 (44%)]	Gen Loss: 0.065074 
Train Epoch: 160 [1700/3631 (47%)]	Gen Loss: 0.072993 
Train Epoch: 160 [1800/3631 (50%)]	Gen Loss: 0.059971 
Train Epoch: 160 [1900/3631 (52%)]	Gen Loss: 0.061512 
Train Epoch: 160 [2000/3631 (55%)]	Gen Loss: 0.065774 
Train Epoch: 160 [2100/3631 (58%)]	Gen Loss: 0.054339 
Train Epoch: 160 [2200/3631 (61%)]	Gen Loss: 0.058634 
Train Epoch: 160 [2300/3631 (63%)]	Gen Loss: 0.061847 
Train Epoch: 160 [2400/3631 (66%)]	Gen Loss: 0.063476 
Train Epoch: 160 [2500/3631 (69%)]	Gen Loss: 0.066262 
Train Epoch: 160 [2600/3631 (72%)]	Gen Loss: 0.079759 
Train Epoch: 160 [2700/3631 (74%)]	Gen Loss: 0.065757 
Train Epoch: 160 [2800/3631 (77%)]	Gen Loss: 0.063076 
Train Epoch: 160 [2900/3631 (80%)]	Gen Loss: 0.061597 
Train Epoch: 160 [3000/3631 (83%)]	Gen Loss: 0.072079 
Train Epoch: 160 [3100/3631 (85%)]	Gen Loss: 0.068340 
Train Epoch: 160 [3200/3631 (88%)]	Gen Loss: 0.066233 
Train Epoch: 160 [3300/3631 (91%)]	Gen Loss: 0.069931 
Train Epoch: 160 [3400/3631 (94%)]	Gen Loss: 0.062456 
Train Epoch: 160 [3500/3631 (96%)]	Gen Loss: 0.063631 
Train Epoch: 160 [3600/3631 (99%)]	Gen Loss: 0.064756 
==========Epoch 161==========
Train Epoch: 161 [0/3631 (0%)]	Gen Loss: 0.058678 
Train Epoch: 161 [100/3631 (3%)]	Gen Loss: 0.049948 
Train Epoch: 161 [200/3631 (6%)]	Gen Loss: 0.074351 
Train Epoch: 161 [300/3631 (8%)]	Gen Loss: 0.055653 
Train Epoch: 161 [400/3631 (11%)]	Gen Loss: 0.049235 
Train Epoch: 161 [500/3631 (14%)]	Gen Loss: 0.072528 
Train Epoch: 161 [600/3631 (17%)]	Gen Loss: 0.067489 
Train Epoch: 161 [700/3631 (19%)]	Gen Loss: 0.069756 
Train Epoch: 161 [800/3631 (22%)]	Gen Loss: 0.067158 
Train Epoch: 161 [900/3631 (25%)]	Gen Loss: 0.064881 
Train Epoch: 161 [1000/3631 (28%)]	Gen Loss: 0.063586 
Train Epoch: 161 [1100/3631 (30%)]	Gen Loss: 0.059983 
Train Epoch: 161 [1200/3631 (33%)]	Gen Loss: 0.056752 
Train Epoch: 161 [1300/3631 (36%)]	Gen Loss: 0.063768 
Train Epoch: 161 [1400/3631 (39%)]	Gen Loss: 0.061066 
Train Epoch: 161 [1500/3631 (41%)]	Gen Loss: 0.063586 
Train Epoch: 161 [1600/3631 (44%)]	Gen Loss: 0.059046 
Train Epoch: 161 [1700/3631 (47%)]	Gen Loss: 0.070611 
Train Epoch: 161 [1800/3631 (50%)]	Gen Loss: 0.064198 
Train Epoch: 161 [1900/3631 (52%)]	Gen Loss: 0.062099 
Train Epoch: 161 [2000/3631 (55%)]	Gen Loss: 0.059517 
Train Epoch: 161 [2100/3631 (58%)]	Gen Loss: 0.056418 
Train Epoch: 161 [2200/3631 (61%)]	Gen Loss: 0.066810 
Train Epoch: 161 [2300/3631 (63%)]	Gen Loss: 0.062215 
Train Epoch: 161 [2400/3631 (66%)]	Gen Loss: 0.072724 
Train Epoch: 161 [2500/3631 (69%)]	Gen Loss: 0.063575 
Train Epoch: 161 [2600/3631 (72%)]	Gen Loss: 0.063044 
Train Epoch: 161 [2700/3631 (74%)]	Gen Loss: 0.059422 
Train Epoch: 161 [2800/3631 (77%)]	Gen Loss: 0.067342 
Train Epoch: 161 [2900/3631 (80%)]	Gen Loss: 0.071854 
Train Epoch: 161 [3000/3631 (83%)]	Gen Loss: 0.068441 
Train Epoch: 161 [3100/3631 (85%)]	Gen Loss: 0.069504 
Train Epoch: 161 [3200/3631 (88%)]	Gen Loss: 0.062188 
Train Epoch: 161 [3300/3631 (91%)]	Gen Loss: 0.070475 
Train Epoch: 161 [3400/3631 (94%)]	Gen Loss: 0.076861 
Train Epoch: 161 [3500/3631 (96%)]	Gen Loss: 0.055503 
Train Epoch: 161 [3600/3631 (99%)]	Gen Loss: 0.059148 
==========Epoch 162==========
Train Epoch: 162 [0/3631 (0%)]	Gen Loss: 0.063719 
Train Epoch: 162 [100/3631 (3%)]	Gen Loss: 0.055390 
Train Epoch: 162 [200/3631 (6%)]	Gen Loss: 0.059165 
Train Epoch: 162 [300/3631 (8%)]	Gen Loss: 0.062320 
Train Epoch: 162 [400/3631 (11%)]	Gen Loss: 0.060689 
Train Epoch: 162 [500/3631 (14%)]	Gen Loss: 0.066066 
Train Epoch: 162 [600/3631 (17%)]	Gen Loss: 0.068955 
Train Epoch: 162 [700/3631 (19%)]	Gen Loss: 0.073022 
Train Epoch: 162 [800/3631 (22%)]	Gen Loss: 0.066588 
Train Epoch: 162 [900/3631 (25%)]	Gen Loss: 0.058727 
Train Epoch: 162 [1000/3631 (28%)]	Gen Loss: 0.057414 
Train Epoch: 162 [1100/3631 (30%)]	Gen Loss: 0.071899 
Train Epoch: 162 [1200/3631 (33%)]	Gen Loss: 0.065768 
Train Epoch: 162 [1300/3631 (36%)]	Gen Loss: 0.062224 
Train Epoch: 162 [1400/3631 (39%)]	Gen Loss: 0.063706 
Train Epoch: 162 [1500/3631 (41%)]	Gen Loss: 0.053373 
Train Epoch: 162 [1600/3631 (44%)]	Gen Loss: 0.061366 
Train Epoch: 162 [1700/3631 (47%)]	Gen Loss: 0.050640 
Train Epoch: 162 [1800/3631 (50%)]	Gen Loss: 0.055125 
Train Epoch: 162 [1900/3631 (52%)]	Gen Loss: 0.074192 
Train Epoch: 162 [2000/3631 (55%)]	Gen Loss: 0.063542 
Train Epoch: 162 [2100/3631 (58%)]	Gen Loss: 0.062797 
Train Epoch: 162 [2200/3631 (61%)]	Gen Loss: 0.061337 
Train Epoch: 162 [2300/3631 (63%)]	Gen Loss: 0.051735 
Train Epoch: 162 [2400/3631 (66%)]	Gen Loss: 0.057810 
Train Epoch: 162 [2500/3631 (69%)]	Gen Loss: 0.057428 
Train Epoch: 162 [2600/3631 (72%)]	Gen Loss: 0.063142 
Train Epoch: 162 [2700/3631 (74%)]	Gen Loss: 0.066927 
Train Epoch: 162 [2800/3631 (77%)]	Gen Loss: 0.067825 
Train Epoch: 162 [2900/3631 (80%)]	Gen Loss: 0.071777 
Train Epoch: 162 [3000/3631 (83%)]	Gen Loss: 0.070112 
Train Epoch: 162 [3100/3631 (85%)]	Gen Loss: 0.067748 
Train Epoch: 162 [3200/3631 (88%)]	Gen Loss: 0.080647 
Train Epoch: 162 [3300/3631 (91%)]	Gen Loss: 0.062567 
Train Epoch: 162 [3400/3631 (94%)]	Gen Loss: 0.071100 
Train Epoch: 162 [3500/3631 (96%)]	Gen Loss: 0.065654 
Train Epoch: 162 [3600/3631 (99%)]	Gen Loss: 0.079367 
==========Epoch 163==========
Train Epoch: 163 [0/3631 (0%)]	Gen Loss: 0.066027 
Train Epoch: 163 [100/3631 (3%)]	Gen Loss: 0.060370 
Train Epoch: 163 [200/3631 (6%)]	Gen Loss: 0.074822 
Train Epoch: 163 [300/3631 (8%)]	Gen Loss: 0.067687 
Train Epoch: 163 [400/3631 (11%)]	Gen Loss: 0.057704 
Train Epoch: 163 [500/3631 (14%)]	Gen Loss: 0.060124 
Train Epoch: 163 [600/3631 (17%)]	Gen Loss: 0.065491 
Train Epoch: 163 [700/3631 (19%)]	Gen Loss: 0.066652 
Train Epoch: 163 [800/3631 (22%)]	Gen Loss: 0.066701 
Train Epoch: 163 [900/3631 (25%)]	Gen Loss: 0.056613 
Train Epoch: 163 [1000/3631 (28%)]	Gen Loss: 0.061773 
Train Epoch: 163 [1100/3631 (30%)]	Gen Loss: 0.055797 
Train Epoch: 163 [1200/3631 (33%)]	Gen Loss: 0.067539 
Train Epoch: 163 [1300/3631 (36%)]	Gen Loss: 0.059971 
Train Epoch: 163 [1400/3631 (39%)]	Gen Loss: 0.058428 
Train Epoch: 163 [1500/3631 (41%)]	Gen Loss: 0.063824 
Train Epoch: 163 [1600/3631 (44%)]	Gen Loss: 0.057938 
Train Epoch: 163 [1700/3631 (47%)]	Gen Loss: 0.067384 
Train Epoch: 163 [1800/3631 (50%)]	Gen Loss: 0.070064 
Train Epoch: 163 [1900/3631 (52%)]	Gen Loss: 0.054443 
Train Epoch: 163 [2000/3631 (55%)]	Gen Loss: 0.062154 
Train Epoch: 163 [2100/3631 (58%)]	Gen Loss: 0.073403 
Train Epoch: 163 [2200/3631 (61%)]	Gen Loss: 0.067843 
Train Epoch: 163 [2300/3631 (63%)]	Gen Loss: 0.066801 
Train Epoch: 163 [2400/3631 (66%)]	Gen Loss: 0.067187 
Train Epoch: 163 [2500/3631 (69%)]	Gen Loss: 0.069270 
Train Epoch: 163 [2600/3631 (72%)]	Gen Loss: 0.063364 
Train Epoch: 163 [2700/3631 (74%)]	Gen Loss: 0.064896 
Train Epoch: 163 [2800/3631 (77%)]	Gen Loss: 0.053101 
Train Epoch: 163 [2900/3631 (80%)]	Gen Loss: 0.064316 
Train Epoch: 163 [3000/3631 (83%)]	Gen Loss: 0.065977 
Train Epoch: 163 [3100/3631 (85%)]	Gen Loss: 0.056707 
Train Epoch: 163 [3200/3631 (88%)]	Gen Loss: 0.069209 
Train Epoch: 163 [3300/3631 (91%)]	Gen Loss: 0.068780 
Train Epoch: 163 [3400/3631 (94%)]	Gen Loss: 0.062884 
Train Epoch: 163 [3500/3631 (96%)]	Gen Loss: 0.054667 
Train Epoch: 163 [3600/3631 (99%)]	Gen Loss: 0.069986 
==========Epoch 164==========
Train Epoch: 164 [0/3631 (0%)]	Gen Loss: 0.074630 
Train Epoch: 164 [100/3631 (3%)]	Gen Loss: 0.075444 
Train Epoch: 164 [200/3631 (6%)]	Gen Loss: 0.051066 
Train Epoch: 164 [300/3631 (8%)]	Gen Loss: 0.074574 
Train Epoch: 164 [400/3631 (11%)]	Gen Loss: 0.062481 
Train Epoch: 164 [500/3631 (14%)]	Gen Loss: 0.062614 
Train Epoch: 164 [600/3631 (17%)]	Gen Loss: 0.075966 
Train Epoch: 164 [700/3631 (19%)]	Gen Loss: 0.053867 
Train Epoch: 164 [800/3631 (22%)]	Gen Loss: 0.068168 
Train Epoch: 164 [900/3631 (25%)]	Gen Loss: 0.058083 
Train Epoch: 164 [1000/3631 (28%)]	Gen Loss: 0.064879 
Train Epoch: 164 [1100/3631 (30%)]	Gen Loss: 0.066294 
Train Epoch: 164 [1200/3631 (33%)]	Gen Loss: 0.060231 
Train Epoch: 164 [1300/3631 (36%)]	Gen Loss: 0.072634 
Train Epoch: 164 [1400/3631 (39%)]	Gen Loss: 0.055615 
Train Epoch: 164 [1500/3631 (41%)]	Gen Loss: 0.060962 
Train Epoch: 164 [1600/3631 (44%)]	Gen Loss: 0.082503 
Train Epoch: 164 [1700/3631 (47%)]	Gen Loss: 0.069963 
Train Epoch: 164 [1800/3631 (50%)]	Gen Loss: 0.060151 
Train Epoch: 164 [1900/3631 (52%)]	Gen Loss: 0.064580 
Train Epoch: 164 [2000/3631 (55%)]	Gen Loss: 0.068807 
Train Epoch: 164 [2100/3631 (58%)]	Gen Loss: 0.070744 
Train Epoch: 164 [2200/3631 (61%)]	Gen Loss: 0.064986 
Train Epoch: 164 [2300/3631 (63%)]	Gen Loss: 0.072860 
Train Epoch: 164 [2400/3631 (66%)]	Gen Loss: 0.061686 
Train Epoch: 164 [2500/3631 (69%)]	Gen Loss: 0.058625 
Train Epoch: 164 [2600/3631 (72%)]	Gen Loss: 0.081555 
Train Epoch: 164 [2700/3631 (74%)]	Gen Loss: 0.053740 
Train Epoch: 164 [2800/3631 (77%)]	Gen Loss: 0.070368 
Train Epoch: 164 [2900/3631 (80%)]	Gen Loss: 0.069842 
Train Epoch: 164 [3000/3631 (83%)]	Gen Loss: 0.063706 
Train Epoch: 164 [3100/3631 (85%)]	Gen Loss: 0.054284 
Train Epoch: 164 [3200/3631 (88%)]	Gen Loss: 0.077199 
Train Epoch: 164 [3300/3631 (91%)]	Gen Loss: 0.064053 
Train Epoch: 164 [3400/3631 (94%)]	Gen Loss: 0.057166 
Train Epoch: 164 [3500/3631 (96%)]	Gen Loss: 0.066375 
Train Epoch: 164 [3600/3631 (99%)]	Gen Loss: 0.064759 
==========Epoch 165==========
Train Epoch: 165 [0/3631 (0%)]	Gen Loss: 0.069720 
Train Epoch: 165 [100/3631 (3%)]	Gen Loss: 0.063229 
Train Epoch: 165 [200/3631 (6%)]	Gen Loss: 0.078010 
Train Epoch: 165 [300/3631 (8%)]	Gen Loss: 0.070903 
Train Epoch: 165 [400/3631 (11%)]	Gen Loss: 0.066128 
Train Epoch: 165 [500/3631 (14%)]	Gen Loss: 0.071224 
Train Epoch: 165 [600/3631 (17%)]	Gen Loss: 0.055441 
Train Epoch: 165 [700/3631 (19%)]	Gen Loss: 0.077603 
Train Epoch: 165 [800/3631 (22%)]	Gen Loss: 0.081297 
Train Epoch: 165 [900/3631 (25%)]	Gen Loss: 0.060365 
Train Epoch: 165 [1000/3631 (28%)]	Gen Loss: 0.060048 
Train Epoch: 165 [1100/3631 (30%)]	Gen Loss: 0.060442 
Train Epoch: 165 [1200/3631 (33%)]	Gen Loss: 0.056185 
Train Epoch: 165 [1300/3631 (36%)]	Gen Loss: 0.067550 
Train Epoch: 165 [1400/3631 (39%)]	Gen Loss: 0.065598 
Train Epoch: 165 [1500/3631 (41%)]	Gen Loss: 0.064732 
Train Epoch: 165 [1600/3631 (44%)]	Gen Loss: 0.054475 
Train Epoch: 165 [1700/3631 (47%)]	Gen Loss: 0.063207 
Train Epoch: 165 [1800/3631 (50%)]	Gen Loss: 0.062686 
Train Epoch: 165 [1900/3631 (52%)]	Gen Loss: 0.051191 
Train Epoch: 165 [2000/3631 (55%)]	Gen Loss: 0.061549 
Train Epoch: 165 [2100/3631 (58%)]	Gen Loss: 0.073333 
Train Epoch: 165 [2200/3631 (61%)]	Gen Loss: 0.069189 
Train Epoch: 165 [2300/3631 (63%)]	Gen Loss: 0.052511 
Train Epoch: 165 [2400/3631 (66%)]	Gen Loss: 0.061600 
Train Epoch: 165 [2500/3631 (69%)]	Gen Loss: 0.072984 
Train Epoch: 165 [2600/3631 (72%)]	Gen Loss: 0.056388 
Train Epoch: 165 [2700/3631 (74%)]	Gen Loss: 0.069045 
Train Epoch: 165 [2800/3631 (77%)]	Gen Loss: 0.061465 
Train Epoch: 165 [2900/3631 (80%)]	Gen Loss: 0.055966 
Train Epoch: 165 [3000/3631 (83%)]	Gen Loss: 0.073992 
Train Epoch: 165 [3100/3631 (85%)]	Gen Loss: 0.054986 
Train Epoch: 165 [3200/3631 (88%)]	Gen Loss: 0.064394 
Train Epoch: 165 [3300/3631 (91%)]	Gen Loss: 0.062697 
Train Epoch: 165 [3400/3631 (94%)]	Gen Loss: 0.064970 
Train Epoch: 165 [3500/3631 (96%)]	Gen Loss: 0.061748 
Train Epoch: 165 [3600/3631 (99%)]	Gen Loss: 0.069213 
==========Epoch 166==========
Train Epoch: 166 [0/3631 (0%)]	Gen Loss: 0.074485 
Train Epoch: 166 [100/3631 (3%)]	Gen Loss: 0.064488 
Train Epoch: 166 [200/3631 (6%)]	Gen Loss: 0.062898 
Train Epoch: 166 [300/3631 (8%)]	Gen Loss: 0.069211 
Train Epoch: 166 [400/3631 (11%)]	Gen Loss: 0.063882 
Train Epoch: 166 [500/3631 (14%)]	Gen Loss: 0.063327 
Train Epoch: 166 [600/3631 (17%)]	Gen Loss: 0.057591 
Train Epoch: 166 [700/3631 (19%)]	Gen Loss: 0.057206 
Train Epoch: 166 [800/3631 (22%)]	Gen Loss: 0.065372 
Train Epoch: 166 [900/3631 (25%)]	Gen Loss: 0.059136 
Train Epoch: 166 [1000/3631 (28%)]	Gen Loss: 0.061321 
Train Epoch: 166 [1100/3631 (30%)]	Gen Loss: 0.059415 
Train Epoch: 166 [1200/3631 (33%)]	Gen Loss: 0.077071 
Train Epoch: 166 [1300/3631 (36%)]	Gen Loss: 0.075128 
Train Epoch: 166 [1400/3631 (39%)]	Gen Loss: 0.066663 
Train Epoch: 166 [1500/3631 (41%)]	Gen Loss: 0.062493 
Train Epoch: 166 [1600/3631 (44%)]	Gen Loss: 0.060516 
Train Epoch: 166 [1700/3631 (47%)]	Gen Loss: 0.055696 
Train Epoch: 166 [1800/3631 (50%)]	Gen Loss: 0.071928 
Train Epoch: 166 [1900/3631 (52%)]	Gen Loss: 0.064655 
Train Epoch: 166 [2000/3631 (55%)]	Gen Loss: 0.059190 
Train Epoch: 166 [2100/3631 (58%)]	Gen Loss: 0.060176 
Train Epoch: 166 [2200/3631 (61%)]	Gen Loss: 0.065210 
Train Epoch: 166 [2300/3631 (63%)]	Gen Loss: 0.069235 
Train Epoch: 166 [2400/3631 (66%)]	Gen Loss: 0.066802 
Train Epoch: 166 [2500/3631 (69%)]	Gen Loss: 0.060731 
Train Epoch: 166 [2600/3631 (72%)]	Gen Loss: 0.060723 
Train Epoch: 166 [2700/3631 (74%)]	Gen Loss: 0.056456 
Train Epoch: 166 [2800/3631 (77%)]	Gen Loss: 0.072972 
Train Epoch: 166 [2900/3631 (80%)]	Gen Loss: 0.049135 
Train Epoch: 166 [3000/3631 (83%)]	Gen Loss: 0.072279 
Train Epoch: 166 [3100/3631 (85%)]	Gen Loss: 0.062547 
Train Epoch: 166 [3200/3631 (88%)]	Gen Loss: 0.064886 
Train Epoch: 166 [3300/3631 (91%)]	Gen Loss: 0.060758 
Train Epoch: 166 [3400/3631 (94%)]	Gen Loss: 0.058718 
Train Epoch: 166 [3500/3631 (96%)]	Gen Loss: 0.056948 
Train Epoch: 166 [3600/3631 (99%)]	Gen Loss: 0.052218 
==========Epoch 167==========
Train Epoch: 167 [0/3631 (0%)]	Gen Loss: 0.060720 
Train Epoch: 167 [100/3631 (3%)]	Gen Loss: 0.056938 
Train Epoch: 167 [200/3631 (6%)]	Gen Loss: 0.073592 
Train Epoch: 167 [300/3631 (8%)]	Gen Loss: 0.072129 
Train Epoch: 167 [400/3631 (11%)]	Gen Loss: 0.060114 
Train Epoch: 167 [500/3631 (14%)]	Gen Loss: 0.056861 
Train Epoch: 167 [600/3631 (17%)]	Gen Loss: 0.065154 
Train Epoch: 167 [700/3631 (19%)]	Gen Loss: 0.058569 
Train Epoch: 167 [800/3631 (22%)]	Gen Loss: 0.069425 
Train Epoch: 167 [900/3631 (25%)]	Gen Loss: 0.065436 
Train Epoch: 167 [1000/3631 (28%)]	Gen Loss: 0.065094 
Train Epoch: 167 [1100/3631 (30%)]	Gen Loss: 0.064987 
Train Epoch: 167 [1200/3631 (33%)]	Gen Loss: 0.063210 
Train Epoch: 167 [1300/3631 (36%)]	Gen Loss: 0.067620 
Train Epoch: 167 [1400/3631 (39%)]	Gen Loss: 0.057493 
Train Epoch: 167 [1500/3631 (41%)]	Gen Loss: 0.079559 
Train Epoch: 167 [1600/3631 (44%)]	Gen Loss: 0.073046 
Train Epoch: 167 [1700/3631 (47%)]	Gen Loss: 0.076240 
Train Epoch: 167 [1800/3631 (50%)]	Gen Loss: 0.052581 
Train Epoch: 167 [1900/3631 (52%)]	Gen Loss: 0.067772 
Train Epoch: 167 [2000/3631 (55%)]	Gen Loss: 0.068567 
Train Epoch: 167 [2100/3631 (58%)]	Gen Loss: 0.067064 
Train Epoch: 167 [2200/3631 (61%)]	Gen Loss: 0.058659 
Train Epoch: 167 [2300/3631 (63%)]	Gen Loss: 0.087359 
Train Epoch: 167 [2400/3631 (66%)]	Gen Loss: 0.071870 
Train Epoch: 167 [2500/3631 (69%)]	Gen Loss: 0.066009 
Train Epoch: 167 [2600/3631 (72%)]	Gen Loss: 0.066761 
Train Epoch: 167 [2700/3631 (74%)]	Gen Loss: 0.065641 
Train Epoch: 167 [2800/3631 (77%)]	Gen Loss: 0.066602 
Train Epoch: 167 [2900/3631 (80%)]	Gen Loss: 0.076589 
Train Epoch: 167 [3000/3631 (83%)]	Gen Loss: 0.055138 
Train Epoch: 167 [3100/3631 (85%)]	Gen Loss: 0.078598 
Train Epoch: 167 [3200/3631 (88%)]	Gen Loss: 0.067788 
Train Epoch: 167 [3300/3631 (91%)]	Gen Loss: 0.057814 
Train Epoch: 167 [3400/3631 (94%)]	Gen Loss: 0.074077 
Train Epoch: 167 [3500/3631 (96%)]	Gen Loss: 0.063166 
Train Epoch: 167 [3600/3631 (99%)]	Gen Loss: 0.073902 
==========Epoch 168==========
Train Epoch: 168 [0/3631 (0%)]	Gen Loss: 0.048319 
Train Epoch: 168 [100/3631 (3%)]	Gen Loss: 0.066760 
Train Epoch: 168 [200/3631 (6%)]	Gen Loss: 0.064805 
Train Epoch: 168 [300/3631 (8%)]	Gen Loss: 0.060275 
Train Epoch: 168 [400/3631 (11%)]	Gen Loss: 0.071899 
Train Epoch: 168 [500/3631 (14%)]	Gen Loss: 0.057932 
Train Epoch: 168 [600/3631 (17%)]	Gen Loss: 0.059636 
Train Epoch: 168 [700/3631 (19%)]	Gen Loss: 0.056676 
Train Epoch: 168 [800/3631 (22%)]	Gen Loss: 0.069119 
Train Epoch: 168 [900/3631 (25%)]	Gen Loss: 0.064006 
Train Epoch: 168 [1000/3631 (28%)]	Gen Loss: 0.061516 
Train Epoch: 168 [1100/3631 (30%)]	Gen Loss: 0.065022 
Train Epoch: 168 [1200/3631 (33%)]	Gen Loss: 0.062314 
Train Epoch: 168 [1300/3631 (36%)]	Gen Loss: 0.063131 
Train Epoch: 168 [1400/3631 (39%)]	Gen Loss: 0.059451 
Train Epoch: 168 [1500/3631 (41%)]	Gen Loss: 0.069507 
Train Epoch: 168 [1600/3631 (44%)]	Gen Loss: 0.074119 
Train Epoch: 168 [1700/3631 (47%)]	Gen Loss: 0.049157 
Train Epoch: 168 [1800/3631 (50%)]	Gen Loss: 0.075262 
Train Epoch: 168 [1900/3631 (52%)]	Gen Loss: 0.076287 
Train Epoch: 168 [2000/3631 (55%)]	Gen Loss: 0.070102 
Train Epoch: 168 [2100/3631 (58%)]	Gen Loss: 0.069144 
Train Epoch: 168 [2200/3631 (61%)]	Gen Loss: 0.080531 
Train Epoch: 168 [2300/3631 (63%)]	Gen Loss: 0.061691 
Train Epoch: 168 [2400/3631 (66%)]	Gen Loss: 0.065745 
Train Epoch: 168 [2500/3631 (69%)]	Gen Loss: 0.068754 
Train Epoch: 168 [2600/3631 (72%)]	Gen Loss: 0.066100 
Train Epoch: 168 [2700/3631 (74%)]	Gen Loss: 0.072682 
Train Epoch: 168 [2800/3631 (77%)]	Gen Loss: 0.054259 
Train Epoch: 168 [2900/3631 (80%)]	Gen Loss: 0.061735 
Train Epoch: 168 [3000/3631 (83%)]	Gen Loss: 0.068876 
Train Epoch: 168 [3100/3631 (85%)]	Gen Loss: 0.066253 
Train Epoch: 168 [3200/3631 (88%)]	Gen Loss: 0.078420 
Train Epoch: 168 [3300/3631 (91%)]	Gen Loss: 0.055620 
Train Epoch: 168 [3400/3631 (94%)]	Gen Loss: 0.061184 
Train Epoch: 168 [3500/3631 (96%)]	Gen Loss: 0.061723 
Train Epoch: 168 [3600/3631 (99%)]	Gen Loss: 0.053178 
==========Epoch 169==========
Train Epoch: 169 [0/3631 (0%)]	Gen Loss: 0.073332 
Train Epoch: 169 [100/3631 (3%)]	Gen Loss: 0.072029 
Train Epoch: 169 [200/3631 (6%)]	Gen Loss: 0.067994 
Train Epoch: 169 [300/3631 (8%)]	Gen Loss: 0.059053 
Train Epoch: 169 [400/3631 (11%)]	Gen Loss: 0.055343 
Train Epoch: 169 [500/3631 (14%)]	Gen Loss: 0.064333 
Train Epoch: 169 [600/3631 (17%)]	Gen Loss: 0.087651 
Train Epoch: 169 [700/3631 (19%)]	Gen Loss: 0.071521 
Train Epoch: 169 [800/3631 (22%)]	Gen Loss: 0.067875 
Train Epoch: 169 [900/3631 (25%)]	Gen Loss: 0.055786 
Train Epoch: 169 [1000/3631 (28%)]	Gen Loss: 0.059533 
Train Epoch: 169 [1100/3631 (30%)]	Gen Loss: 0.059387 
Train Epoch: 169 [1200/3631 (33%)]	Gen Loss: 0.062171 
Train Epoch: 169 [1300/3631 (36%)]	Gen Loss: 0.083934 
Train Epoch: 169 [1400/3631 (39%)]	Gen Loss: 0.063256 
Train Epoch: 169 [1500/3631 (41%)]	Gen Loss: 0.065735 
Train Epoch: 169 [1600/3631 (44%)]	Gen Loss: 0.065057 
Train Epoch: 169 [1700/3631 (47%)]	Gen Loss: 0.061927 
Train Epoch: 169 [1800/3631 (50%)]	Gen Loss: 0.067956 
Train Epoch: 169 [1900/3631 (52%)]	Gen Loss: 0.061998 
Train Epoch: 169 [2000/3631 (55%)]	Gen Loss: 0.074517 
Train Epoch: 169 [2100/3631 (58%)]	Gen Loss: 0.077901 
Train Epoch: 169 [2200/3631 (61%)]	Gen Loss: 0.076107 
Train Epoch: 169 [2300/3631 (63%)]	Gen Loss: 0.067369 
Train Epoch: 169 [2400/3631 (66%)]	Gen Loss: 0.073743 
Train Epoch: 169 [2500/3631 (69%)]	Gen Loss: 0.065775 
Train Epoch: 169 [2600/3631 (72%)]	Gen Loss: 0.055210 
Train Epoch: 169 [2700/3631 (74%)]	Gen Loss: 0.069251 
Train Epoch: 169 [2800/3631 (77%)]	Gen Loss: 0.062825 
Train Epoch: 169 [2900/3631 (80%)]	Gen Loss: 0.055167 
Train Epoch: 169 [3000/3631 (83%)]	Gen Loss: 0.077555 
Train Epoch: 169 [3100/3631 (85%)]	Gen Loss: 0.057430 
Train Epoch: 169 [3200/3631 (88%)]	Gen Loss: 0.052160 
Train Epoch: 169 [3300/3631 (91%)]	Gen Loss: 0.068417 
Train Epoch: 169 [3400/3631 (94%)]	Gen Loss: 0.077126 
Train Epoch: 169 [3500/3631 (96%)]	Gen Loss: 0.060010 
Train Epoch: 169 [3600/3631 (99%)]	Gen Loss: 0.064535 
==========Epoch 170==========
Train Epoch: 170 [0/3631 (0%)]	Gen Loss: 0.059102 
Train Epoch: 170 [100/3631 (3%)]	Gen Loss: 0.062037 
Train Epoch: 170 [200/3631 (6%)]	Gen Loss: 0.070183 
Train Epoch: 170 [300/3631 (8%)]	Gen Loss: 0.063262 
Train Epoch: 170 [400/3631 (11%)]	Gen Loss: 0.075480 
Train Epoch: 170 [500/3631 (14%)]	Gen Loss: 0.068853 
Train Epoch: 170 [600/3631 (17%)]	Gen Loss: 0.058576 
Train Epoch: 170 [700/3631 (19%)]	Gen Loss: 0.063384 
Train Epoch: 170 [800/3631 (22%)]	Gen Loss: 0.059725 
Train Epoch: 170 [900/3631 (25%)]	Gen Loss: 0.060034 
Train Epoch: 170 [1000/3631 (28%)]	Gen Loss: 0.057826 
Train Epoch: 170 [1100/3631 (30%)]	Gen Loss: 0.064074 
Train Epoch: 170 [1200/3631 (33%)]	Gen Loss: 0.067044 
Train Epoch: 170 [1300/3631 (36%)]	Gen Loss: 0.046935 
Train Epoch: 170 [1400/3631 (39%)]	Gen Loss: 0.065277 
Train Epoch: 170 [1500/3631 (41%)]	Gen Loss: 0.076858 
Train Epoch: 170 [1600/3631 (44%)]	Gen Loss: 0.066993 
Train Epoch: 170 [1700/3631 (47%)]	Gen Loss: 0.068483 
Train Epoch: 170 [1800/3631 (50%)]	Gen Loss: 0.071744 
Train Epoch: 170 [1900/3631 (52%)]	Gen Loss: 0.071010 
Train Epoch: 170 [2000/3631 (55%)]	Gen Loss: 0.065675 
Train Epoch: 170 [2100/3631 (58%)]	Gen Loss: 0.071352 
Train Epoch: 170 [2200/3631 (61%)]	Gen Loss: 0.062608 
Train Epoch: 170 [2300/3631 (63%)]	Gen Loss: 0.080268 
Train Epoch: 170 [2400/3631 (66%)]	Gen Loss: 0.071247 
Train Epoch: 170 [2500/3631 (69%)]	Gen Loss: 0.060419 
Train Epoch: 170 [2600/3631 (72%)]	Gen Loss: 0.070665 
Train Epoch: 170 [2700/3631 (74%)]	Gen Loss: 0.076024 
Train Epoch: 170 [2800/3631 (77%)]	Gen Loss: 0.063453 
Train Epoch: 170 [2900/3631 (80%)]	Gen Loss: 0.068833 
Train Epoch: 170 [3000/3631 (83%)]	Gen Loss: 0.060498 
Train Epoch: 170 [3100/3631 (85%)]	Gen Loss: 0.060763 
Train Epoch: 170 [3200/3631 (88%)]	Gen Loss: 0.062121 
Train Epoch: 170 [3300/3631 (91%)]	Gen Loss: 0.060190 
Train Epoch: 170 [3400/3631 (94%)]	Gen Loss: 0.057943 
Train Epoch: 170 [3500/3631 (96%)]	Gen Loss: 0.056199 
Train Epoch: 170 [3600/3631 (99%)]	Gen Loss: 0.063620 
==========Epoch 171==========
Train Epoch: 171 [0/3631 (0%)]	Gen Loss: 0.069150 
Train Epoch: 171 [100/3631 (3%)]	Gen Loss: 0.057068 
Train Epoch: 171 [200/3631 (6%)]	Gen Loss: 0.063430 
Train Epoch: 171 [300/3631 (8%)]	Gen Loss: 0.064936 
Train Epoch: 171 [400/3631 (11%)]	Gen Loss: 0.079473 
Train Epoch: 171 [500/3631 (14%)]	Gen Loss: 0.066666 
Train Epoch: 171 [600/3631 (17%)]	Gen Loss: 0.055906 
Train Epoch: 171 [700/3631 (19%)]	Gen Loss: 0.072918 
Train Epoch: 171 [800/3631 (22%)]	Gen Loss: 0.069851 
Train Epoch: 171 [900/3631 (25%)]	Gen Loss: 0.065281 
Train Epoch: 171 [1000/3631 (28%)]	Gen Loss: 0.074191 
Train Epoch: 171 [1100/3631 (30%)]	Gen Loss: 0.060945 
Train Epoch: 171 [1200/3631 (33%)]	Gen Loss: 0.056097 
Train Epoch: 171 [1300/3631 (36%)]	Gen Loss: 0.064035 
Train Epoch: 171 [1400/3631 (39%)]	Gen Loss: 0.065535 
Train Epoch: 171 [1500/3631 (41%)]	Gen Loss: 0.069902 
Train Epoch: 171 [1600/3631 (44%)]	Gen Loss: 0.070017 
Train Epoch: 171 [1700/3631 (47%)]	Gen Loss: 0.071405 
Train Epoch: 171 [1800/3631 (50%)]	Gen Loss: 0.069582 
Train Epoch: 171 [1900/3631 (52%)]	Gen Loss: 0.074489 
Train Epoch: 171 [2000/3631 (55%)]	Gen Loss: 0.065528 
Train Epoch: 171 [2100/3631 (58%)]	Gen Loss: 0.062761 
Train Epoch: 171 [2200/3631 (61%)]	Gen Loss: 0.068544 
Train Epoch: 171 [2300/3631 (63%)]	Gen Loss: 0.066320 
Train Epoch: 171 [2400/3631 (66%)]	Gen Loss: 0.063457 
Train Epoch: 171 [2500/3631 (69%)]	Gen Loss: 0.063760 
Train Epoch: 171 [2600/3631 (72%)]	Gen Loss: 0.070917 
Train Epoch: 171 [2700/3631 (74%)]	Gen Loss: 0.058834 
Train Epoch: 171 [2800/3631 (77%)]	Gen Loss: 0.067921 
Train Epoch: 171 [2900/3631 (80%)]	Gen Loss: 0.064755 
Train Epoch: 171 [3000/3631 (83%)]	Gen Loss: 0.067555 
Train Epoch: 171 [3100/3631 (85%)]	Gen Loss: 0.067188 
Train Epoch: 171 [3200/3631 (88%)]	Gen Loss: 0.070079 
Train Epoch: 171 [3300/3631 (91%)]	Gen Loss: 0.068868 
Train Epoch: 171 [3400/3631 (94%)]	Gen Loss: 0.069984 
Train Epoch: 171 [3500/3631 (96%)]	Gen Loss: 0.060715 
Train Epoch: 171 [3600/3631 (99%)]	Gen Loss: 0.072938 
==========Epoch 172==========
Train Epoch: 172 [0/3631 (0%)]	Gen Loss: 0.067715 
Train Epoch: 172 [100/3631 (3%)]	Gen Loss: 0.066553 
Train Epoch: 172 [200/3631 (6%)]	Gen Loss: 0.064599 
Train Epoch: 172 [300/3631 (8%)]	Gen Loss: 0.051623 
Train Epoch: 172 [400/3631 (11%)]	Gen Loss: 0.082643 
Train Epoch: 172 [500/3631 (14%)]	Gen Loss: 0.072860 
Train Epoch: 172 [600/3631 (17%)]	Gen Loss: 0.077071 
Train Epoch: 172 [700/3631 (19%)]	Gen Loss: 0.065096 
Train Epoch: 172 [800/3631 (22%)]	Gen Loss: 0.064906 
Train Epoch: 172 [900/3631 (25%)]	Gen Loss: 0.070543 
Train Epoch: 172 [1000/3631 (28%)]	Gen Loss: 0.068328 
Train Epoch: 172 [1100/3631 (30%)]	Gen Loss: 0.058478 
Train Epoch: 172 [1200/3631 (33%)]	Gen Loss: 0.076645 
Train Epoch: 172 [1300/3631 (36%)]	Gen Loss: 0.062311 
Train Epoch: 172 [1400/3631 (39%)]	Gen Loss: 0.059748 
Train Epoch: 172 [1500/3631 (41%)]	Gen Loss: 0.056122 
Train Epoch: 172 [1600/3631 (44%)]	Gen Loss: 0.063390 
Train Epoch: 172 [1700/3631 (47%)]	Gen Loss: 0.068264 
Train Epoch: 172 [1800/3631 (50%)]	Gen Loss: 0.077012 
Train Epoch: 172 [1900/3631 (52%)]	Gen Loss: 0.068101 
Train Epoch: 172 [2000/3631 (55%)]	Gen Loss: 0.063607 
Train Epoch: 172 [2100/3631 (58%)]	Gen Loss: 0.060437 
Train Epoch: 172 [2200/3631 (61%)]	Gen Loss: 0.064109 
Train Epoch: 172 [2300/3631 (63%)]	Gen Loss: 0.057827 
Train Epoch: 172 [2400/3631 (66%)]	Gen Loss: 0.054610 
Train Epoch: 172 [2500/3631 (69%)]	Gen Loss: 0.073772 
Train Epoch: 172 [2600/3631 (72%)]	Gen Loss: 0.086189 
Train Epoch: 172 [2700/3631 (74%)]	Gen Loss: 0.073500 
Train Epoch: 172 [2800/3631 (77%)]	Gen Loss: 0.068228 
Train Epoch: 172 [2900/3631 (80%)]	Gen Loss: 0.072819 
Train Epoch: 172 [3000/3631 (83%)]	Gen Loss: 0.075099 
Train Epoch: 172 [3100/3631 (85%)]	Gen Loss: 0.067631 
Train Epoch: 172 [3200/3631 (88%)]	Gen Loss: 0.069250 
Train Epoch: 172 [3300/3631 (91%)]	Gen Loss: 0.064522 
Train Epoch: 172 [3400/3631 (94%)]	Gen Loss: 0.072723 
Train Epoch: 172 [3500/3631 (96%)]	Gen Loss: 0.062026 
Train Epoch: 172 [3600/3631 (99%)]	Gen Loss: 0.064482 
==========Epoch 173==========
Train Epoch: 173 [0/3631 (0%)]	Gen Loss: 0.058724 
Train Epoch: 173 [100/3631 (3%)]	Gen Loss: 0.064092 
Train Epoch: 173 [200/3631 (6%)]	Gen Loss: 0.070917 
Train Epoch: 173 [300/3631 (8%)]	Gen Loss: 0.064223 
Train Epoch: 173 [400/3631 (11%)]	Gen Loss: 0.066759 
Train Epoch: 173 [500/3631 (14%)]	Gen Loss: 0.074879 
Train Epoch: 173 [600/3631 (17%)]	Gen Loss: 0.076310 
Train Epoch: 173 [700/3631 (19%)]	Gen Loss: 0.059854 
Train Epoch: 173 [800/3631 (22%)]	Gen Loss: 0.062865 
Train Epoch: 173 [900/3631 (25%)]	Gen Loss: 0.061681 
Train Epoch: 173 [1000/3631 (28%)]	Gen Loss: 0.070665 
Train Epoch: 173 [1100/3631 (30%)]	Gen Loss: 0.065507 
Train Epoch: 173 [1200/3631 (33%)]	Gen Loss: 0.058046 
Train Epoch: 173 [1300/3631 (36%)]	Gen Loss: 0.064748 
Train Epoch: 173 [1400/3631 (39%)]	Gen Loss: 0.075243 
Train Epoch: 173 [1500/3631 (41%)]	Gen Loss: 0.065919 
Train Epoch: 173 [1600/3631 (44%)]	Gen Loss: 0.069459 
Train Epoch: 173 [1700/3631 (47%)]	Gen Loss: 0.073114 
Train Epoch: 173 [1800/3631 (50%)]	Gen Loss: 0.084393 
Train Epoch: 173 [1900/3631 (52%)]	Gen Loss: 0.053329 
Train Epoch: 173 [2000/3631 (55%)]	Gen Loss: 0.061355 
Train Epoch: 173 [2100/3631 (58%)]	Gen Loss: 0.056379 
Train Epoch: 173 [2200/3631 (61%)]	Gen Loss: 0.057685 
Train Epoch: 173 [2300/3631 (63%)]	Gen Loss: 0.060541 
Train Epoch: 173 [2400/3631 (66%)]	Gen Loss: 0.054018 
Train Epoch: 173 [2500/3631 (69%)]	Gen Loss: 0.066358 
Train Epoch: 173 [2600/3631 (72%)]	Gen Loss: 0.066006 
Train Epoch: 173 [2700/3631 (74%)]	Gen Loss: 0.055391 
Train Epoch: 173 [2800/3631 (77%)]	Gen Loss: 0.071468 
Train Epoch: 173 [2900/3631 (80%)]	Gen Loss: 0.068325 
Train Epoch: 173 [3000/3631 (83%)]	Gen Loss: 0.066711 
Train Epoch: 173 [3100/3631 (85%)]	Gen Loss: 0.068601 
Train Epoch: 173 [3200/3631 (88%)]	Gen Loss: 0.067414 
Train Epoch: 173 [3300/3631 (91%)]	Gen Loss: 0.055804 
Train Epoch: 173 [3400/3631 (94%)]	Gen Loss: 0.054996 
Train Epoch: 173 [3500/3631 (96%)]	Gen Loss: 0.061044 
Train Epoch: 173 [3600/3631 (99%)]	Gen Loss: 0.052848 
==========Epoch 174==========
Train Epoch: 174 [0/3631 (0%)]	Gen Loss: 0.053295 
Train Epoch: 174 [100/3631 (3%)]	Gen Loss: 0.055178 
Train Epoch: 174 [200/3631 (6%)]	Gen Loss: 0.064542 
Train Epoch: 174 [300/3631 (8%)]	Gen Loss: 0.069598 
Train Epoch: 174 [400/3631 (11%)]	Gen Loss: 0.063377 
Train Epoch: 174 [500/3631 (14%)]	Gen Loss: 0.062672 
Train Epoch: 174 [600/3631 (17%)]	Gen Loss: 0.064848 
Train Epoch: 174 [700/3631 (19%)]	Gen Loss: 0.073281 
Train Epoch: 174 [800/3631 (22%)]	Gen Loss: 0.065514 
Train Epoch: 174 [900/3631 (25%)]	Gen Loss: 0.063587 
Train Epoch: 174 [1000/3631 (28%)]	Gen Loss: 0.055007 
Train Epoch: 174 [1100/3631 (30%)]	Gen Loss: 0.057839 
Train Epoch: 174 [1200/3631 (33%)]	Gen Loss: 0.060756 
Train Epoch: 174 [1300/3631 (36%)]	Gen Loss: 0.064984 
Train Epoch: 174 [1400/3631 (39%)]	Gen Loss: 0.058733 
Train Epoch: 174 [1500/3631 (41%)]	Gen Loss: 0.058146 
Train Epoch: 174 [1600/3631 (44%)]	Gen Loss: 0.071473 
Train Epoch: 174 [1700/3631 (47%)]	Gen Loss: 0.063993 
Train Epoch: 174 [1800/3631 (50%)]	Gen Loss: 0.074718 
Train Epoch: 174 [1900/3631 (52%)]	Gen Loss: 0.067690 
Train Epoch: 174 [2000/3631 (55%)]	Gen Loss: 0.069767 
Train Epoch: 174 [2100/3631 (58%)]	Gen Loss: 0.061977 
Train Epoch: 174 [2200/3631 (61%)]	Gen Loss: 0.068127 
Train Epoch: 174 [2300/3631 (63%)]	Gen Loss: 0.067259 
Train Epoch: 174 [2400/3631 (66%)]	Gen Loss: 0.064353 
Train Epoch: 174 [2500/3631 (69%)]	Gen Loss: 0.050163 
Train Epoch: 174 [2600/3631 (72%)]	Gen Loss: 0.048549 
Train Epoch: 174 [2700/3631 (74%)]	Gen Loss: 0.064677 
Train Epoch: 174 [2800/3631 (77%)]	Gen Loss: 0.054563 
Train Epoch: 174 [2900/3631 (80%)]	Gen Loss: 0.063214 
Train Epoch: 174 [3000/3631 (83%)]	Gen Loss: 0.058721 
Train Epoch: 174 [3100/3631 (85%)]	Gen Loss: 0.073591 
Train Epoch: 174 [3200/3631 (88%)]	Gen Loss: 0.059219 
Train Epoch: 174 [3300/3631 (91%)]	Gen Loss: 0.068859 
Train Epoch: 174 [3400/3631 (94%)]	Gen Loss: 0.064521 
Train Epoch: 174 [3500/3631 (96%)]	Gen Loss: 0.052356 
Train Epoch: 174 [3600/3631 (99%)]	Gen Loss: 0.062728 
==========Epoch 175==========
Train Epoch: 175 [0/3631 (0%)]	Gen Loss: 0.053243 
Train Epoch: 175 [100/3631 (3%)]	Gen Loss: 0.061237 
Train Epoch: 175 [200/3631 (6%)]	Gen Loss: 0.062667 
Train Epoch: 175 [300/3631 (8%)]	Gen Loss: 0.057030 
Train Epoch: 175 [400/3631 (11%)]	Gen Loss: 0.058049 
Train Epoch: 175 [500/3631 (14%)]	Gen Loss: 0.063717 
Train Epoch: 175 [600/3631 (17%)]	Gen Loss: 0.062148 
Train Epoch: 175 [700/3631 (19%)]	Gen Loss: 0.057349 
Train Epoch: 175 [800/3631 (22%)]	Gen Loss: 0.060830 
Train Epoch: 175 [900/3631 (25%)]	Gen Loss: 0.048045 
Train Epoch: 175 [1000/3631 (28%)]	Gen Loss: 0.059829 
Train Epoch: 175 [1100/3631 (30%)]	Gen Loss: 0.077069 
Train Epoch: 175 [1200/3631 (33%)]	Gen Loss: 0.062883 
Train Epoch: 175 [1300/3631 (36%)]	Gen Loss: 0.060446 
Train Epoch: 175 [1400/3631 (39%)]	Gen Loss: 0.058188 
Train Epoch: 175 [1500/3631 (41%)]	Gen Loss: 0.061333 
Train Epoch: 175 [1600/3631 (44%)]	Gen Loss: 0.069085 
Train Epoch: 175 [1700/3631 (47%)]	Gen Loss: 0.073034 
Train Epoch: 175 [1800/3631 (50%)]	Gen Loss: 0.067153 
Train Epoch: 175 [1900/3631 (52%)]	Gen Loss: 0.061017 
Train Epoch: 175 [2000/3631 (55%)]	Gen Loss: 0.071379 
Train Epoch: 175 [2100/3631 (58%)]	Gen Loss: 0.075134 
Train Epoch: 175 [2200/3631 (61%)]	Gen Loss: 0.059075 
Train Epoch: 175 [2300/3631 (63%)]	Gen Loss: 0.062302 
Train Epoch: 175 [2400/3631 (66%)]	Gen Loss: 0.075770 
Train Epoch: 175 [2500/3631 (69%)]	Gen Loss: 0.062281 
Train Epoch: 175 [2600/3631 (72%)]	Gen Loss: 0.071149 
Train Epoch: 175 [2700/3631 (74%)]	Gen Loss: 0.065571 
Train Epoch: 175 [2800/3631 (77%)]	Gen Loss: 0.060830 
Train Epoch: 175 [2900/3631 (80%)]	Gen Loss: 0.070689 
Train Epoch: 175 [3000/3631 (83%)]	Gen Loss: 0.073049 
Train Epoch: 175 [3100/3631 (85%)]	Gen Loss: 0.070614 
Train Epoch: 175 [3200/3631 (88%)]	Gen Loss: 0.064250 
Train Epoch: 175 [3300/3631 (91%)]	Gen Loss: 0.069837 
Train Epoch: 175 [3400/3631 (94%)]	Gen Loss: 0.068047 
Train Epoch: 175 [3500/3631 (96%)]	Gen Loss: 0.073761 
Train Epoch: 175 [3600/3631 (99%)]	Gen Loss: 0.053921 
==========Epoch 176==========
Train Epoch: 176 [0/3631 (0%)]	Gen Loss: 0.061901 
Train Epoch: 176 [100/3631 (3%)]	Gen Loss: 0.068863 
Train Epoch: 176 [200/3631 (6%)]	Gen Loss: 0.067620 
Train Epoch: 176 [300/3631 (8%)]	Gen Loss: 0.063436 
Train Epoch: 176 [400/3631 (11%)]	Gen Loss: 0.054582 
Train Epoch: 176 [500/3631 (14%)]	Gen Loss: 0.070019 
Train Epoch: 176 [600/3631 (17%)]	Gen Loss: 0.062589 
Train Epoch: 176 [700/3631 (19%)]	Gen Loss: 0.062986 
Train Epoch: 176 [800/3631 (22%)]	Gen Loss: 0.066585 
Train Epoch: 176 [900/3631 (25%)]	Gen Loss: 0.067757 
Train Epoch: 176 [1000/3631 (28%)]	Gen Loss: 0.059138 
Train Epoch: 176 [1100/3631 (30%)]	Gen Loss: 0.063300 
Train Epoch: 176 [1200/3631 (33%)]	Gen Loss: 0.072939 
Train Epoch: 176 [1300/3631 (36%)]	Gen Loss: 0.065255 
Train Epoch: 176 [1400/3631 (39%)]	Gen Loss: 0.075470 
Train Epoch: 176 [1500/3631 (41%)]	Gen Loss: 0.063986 
Train Epoch: 176 [1600/3631 (44%)]	Gen Loss: 0.064520 
Train Epoch: 176 [1700/3631 (47%)]	Gen Loss: 0.062512 
Train Epoch: 176 [1800/3631 (50%)]	Gen Loss: 0.071153 
Train Epoch: 176 [1900/3631 (52%)]	Gen Loss: 0.060192 
Train Epoch: 176 [2000/3631 (55%)]	Gen Loss: 0.060529 
Train Epoch: 176 [2100/3631 (58%)]	Gen Loss: 0.062134 
Train Epoch: 176 [2200/3631 (61%)]	Gen Loss: 0.074239 
Train Epoch: 176 [2300/3631 (63%)]	Gen Loss: 0.057960 
Train Epoch: 176 [2400/3631 (66%)]	Gen Loss: 0.065102 
Train Epoch: 176 [2500/3631 (69%)]	Gen Loss: 0.066165 
Train Epoch: 176 [2600/3631 (72%)]	Gen Loss: 0.050783 
Train Epoch: 176 [2700/3631 (74%)]	Gen Loss: 0.061701 
Train Epoch: 176 [2800/3631 (77%)]	Gen Loss: 0.072995 
Train Epoch: 176 [2900/3631 (80%)]	Gen Loss: 0.074424 
Train Epoch: 176 [3000/3631 (83%)]	Gen Loss: 0.076826 
Train Epoch: 176 [3100/3631 (85%)]	Gen Loss: 0.074423 
Train Epoch: 176 [3200/3631 (88%)]	Gen Loss: 0.066955 
Train Epoch: 176 [3300/3631 (91%)]	Gen Loss: 0.067339 
Train Epoch: 176 [3400/3631 (94%)]	Gen Loss: 0.077948 
Train Epoch: 176 [3500/3631 (96%)]	Gen Loss: 0.057150 
Train Epoch: 176 [3600/3631 (99%)]	Gen Loss: 0.063556 
==========Epoch 177==========
Train Epoch: 177 [0/3631 (0%)]	Gen Loss: 0.051453 
Train Epoch: 177 [100/3631 (3%)]	Gen Loss: 0.064449 
Train Epoch: 177 [200/3631 (6%)]	Gen Loss: 0.079116 
Train Epoch: 177 [300/3631 (8%)]	Gen Loss: 0.066655 
Train Epoch: 177 [400/3631 (11%)]	Gen Loss: 0.056682 
Train Epoch: 177 [500/3631 (14%)]	Gen Loss: 0.071140 
Train Epoch: 177 [600/3631 (17%)]	Gen Loss: 0.068872 
Train Epoch: 177 [700/3631 (19%)]	Gen Loss: 0.055001 
Train Epoch: 177 [800/3631 (22%)]	Gen Loss: 0.068048 
Train Epoch: 177 [900/3631 (25%)]	Gen Loss: 0.064177 
Train Epoch: 177 [1000/3631 (28%)]	Gen Loss: 0.062387 
Train Epoch: 177 [1100/3631 (30%)]	Gen Loss: 0.068232 
Train Epoch: 177 [1200/3631 (33%)]	Gen Loss: 0.074352 
Train Epoch: 177 [1300/3631 (36%)]	Gen Loss: 0.077913 
Train Epoch: 177 [1400/3631 (39%)]	Gen Loss: 0.062211 
Train Epoch: 177 [1500/3631 (41%)]	Gen Loss: 0.054326 
Train Epoch: 177 [1600/3631 (44%)]	Gen Loss: 0.056738 
Train Epoch: 177 [1700/3631 (47%)]	Gen Loss: 0.065253 
Train Epoch: 177 [1800/3631 (50%)]	Gen Loss: 0.057595 
Train Epoch: 177 [1900/3631 (52%)]	Gen Loss: 0.067728 
Train Epoch: 177 [2000/3631 (55%)]	Gen Loss: 0.068637 
Train Epoch: 177 [2100/3631 (58%)]	Gen Loss: 0.086130 
Train Epoch: 177 [2200/3631 (61%)]	Gen Loss: 0.058020 
Train Epoch: 177 [2300/3631 (63%)]	Gen Loss: 0.054876 
Train Epoch: 177 [2400/3631 (66%)]	Gen Loss: 0.068133 
Train Epoch: 177 [2500/3631 (69%)]	Gen Loss: 0.054365 
Train Epoch: 177 [2600/3631 (72%)]	Gen Loss: 0.062664 
Train Epoch: 177 [2700/3631 (74%)]	Gen Loss: 0.067835 
Train Epoch: 177 [2800/3631 (77%)]	Gen Loss: 0.070730 
Train Epoch: 177 [2900/3631 (80%)]	Gen Loss: 0.066461 
Train Epoch: 177 [3000/3631 (83%)]	Gen Loss: 0.061627 
Train Epoch: 177 [3100/3631 (85%)]	Gen Loss: 0.066744 
Train Epoch: 177 [3200/3631 (88%)]	Gen Loss: 0.081048 
Train Epoch: 177 [3300/3631 (91%)]	Gen Loss: 0.069048 
Train Epoch: 177 [3400/3631 (94%)]	Gen Loss: 0.070810 
Train Epoch: 177 [3500/3631 (96%)]	Gen Loss: 0.066871 
Train Epoch: 177 [3600/3631 (99%)]	Gen Loss: 0.072124 
==========Epoch 178==========
Train Epoch: 178 [0/3631 (0%)]	Gen Loss: 0.079292 
Train Epoch: 178 [100/3631 (3%)]	Gen Loss: 0.059310 
Train Epoch: 178 [200/3631 (6%)]	Gen Loss: 0.074995 
Train Epoch: 178 [300/3631 (8%)]	Gen Loss: 0.070241 
Train Epoch: 178 [400/3631 (11%)]	Gen Loss: 0.065885 
Train Epoch: 178 [500/3631 (14%)]	Gen Loss: 0.082372 
Train Epoch: 178 [600/3631 (17%)]	Gen Loss: 0.054014 
Train Epoch: 178 [700/3631 (19%)]	Gen Loss: 0.058493 
Train Epoch: 178 [800/3631 (22%)]	Gen Loss: 0.068724 
Train Epoch: 178 [900/3631 (25%)]	Gen Loss: 0.065740 
Train Epoch: 178 [1000/3631 (28%)]	Gen Loss: 0.060623 
Train Epoch: 178 [1100/3631 (30%)]	Gen Loss: 0.071531 
Train Epoch: 178 [1200/3631 (33%)]	Gen Loss: 0.071121 
Train Epoch: 178 [1300/3631 (36%)]	Gen Loss: 0.054030 
Train Epoch: 178 [1400/3631 (39%)]	Gen Loss: 0.050497 
Train Epoch: 178 [1500/3631 (41%)]	Gen Loss: 0.068342 
Train Epoch: 178 [1600/3631 (44%)]	Gen Loss: 0.068594 
Train Epoch: 178 [1700/3631 (47%)]	Gen Loss: 0.070585 
Train Epoch: 178 [1800/3631 (50%)]	Gen Loss: 0.063610 
Train Epoch: 178 [1900/3631 (52%)]	Gen Loss: 0.068432 
Train Epoch: 178 [2000/3631 (55%)]	Gen Loss: 0.068329 
Train Epoch: 178 [2100/3631 (58%)]	Gen Loss: 0.059841 
Train Epoch: 178 [2200/3631 (61%)]	Gen Loss: 0.076562 
Train Epoch: 178 [2300/3631 (63%)]	Gen Loss: 0.063830 
Train Epoch: 178 [2400/3631 (66%)]	Gen Loss: 0.069731 
Train Epoch: 178 [2500/3631 (69%)]	Gen Loss: 0.079152 
Train Epoch: 178 [2600/3631 (72%)]	Gen Loss: 0.062387 
Train Epoch: 178 [2700/3631 (74%)]	Gen Loss: 0.069519 
Train Epoch: 178 [2800/3631 (77%)]	Gen Loss: 0.060658 
Train Epoch: 178 [2900/3631 (80%)]	Gen Loss: 0.055670 
Train Epoch: 178 [3000/3631 (83%)]	Gen Loss: 0.068034 
Train Epoch: 178 [3100/3631 (85%)]	Gen Loss: 0.073782 
Train Epoch: 178 [3200/3631 (88%)]	Gen Loss: 0.076366 
Train Epoch: 178 [3300/3631 (91%)]	Gen Loss: 0.058054 
Train Epoch: 178 [3400/3631 (94%)]	Gen Loss: 0.072593 
Train Epoch: 178 [3500/3631 (96%)]	Gen Loss: 0.075848 
Train Epoch: 178 [3600/3631 (99%)]	Gen Loss: 0.059871 
==========Epoch 179==========
Train Epoch: 179 [0/3631 (0%)]	Gen Loss: 0.082934 
Train Epoch: 179 [100/3631 (3%)]	Gen Loss: 0.059856 
Train Epoch: 179 [200/3631 (6%)]	Gen Loss: 0.069589 
Train Epoch: 179 [300/3631 (8%)]	Gen Loss: 0.071460 
Train Epoch: 179 [400/3631 (11%)]	Gen Loss: 0.065140 
Train Epoch: 179 [500/3631 (14%)]	Gen Loss: 0.066615 
Train Epoch: 179 [600/3631 (17%)]	Gen Loss: 0.059800 
Train Epoch: 179 [700/3631 (19%)]	Gen Loss: 0.064799 
Train Epoch: 179 [800/3631 (22%)]	Gen Loss: 0.053631 
Train Epoch: 179 [900/3631 (25%)]	Gen Loss: 0.066735 
Train Epoch: 179 [1000/3631 (28%)]	Gen Loss: 0.063156 
Train Epoch: 179 [1100/3631 (30%)]	Gen Loss: 0.074585 
Train Epoch: 179 [1200/3631 (33%)]	Gen Loss: 0.064319 
Train Epoch: 179 [1300/3631 (36%)]	Gen Loss: 0.062639 
Train Epoch: 179 [1400/3631 (39%)]	Gen Loss: 0.074132 
Train Epoch: 179 [1500/3631 (41%)]	Gen Loss: 0.050625 
Train Epoch: 179 [1600/3631 (44%)]	Gen Loss: 0.061241 
Train Epoch: 179 [1700/3631 (47%)]	Gen Loss: 0.075562 
Train Epoch: 179 [1800/3631 (50%)]	Gen Loss: 0.062239 
Train Epoch: 179 [1900/3631 (52%)]	Gen Loss: 0.060173 
Train Epoch: 179 [2000/3631 (55%)]	Gen Loss: 0.060429 
Train Epoch: 179 [2100/3631 (58%)]	Gen Loss: 0.060169 
Train Epoch: 179 [2200/3631 (61%)]	Gen Loss: 0.073473 
Train Epoch: 179 [2300/3631 (63%)]	Gen Loss: 0.061398 
Train Epoch: 179 [2400/3631 (66%)]	Gen Loss: 0.053596 
Train Epoch: 179 [2500/3631 (69%)]	Gen Loss: 0.056062 
Train Epoch: 179 [2600/3631 (72%)]	Gen Loss: 0.060947 
Train Epoch: 179 [2700/3631 (74%)]	Gen Loss: 0.053493 
Train Epoch: 179 [2800/3631 (77%)]	Gen Loss: 0.073830 
Train Epoch: 179 [2900/3631 (80%)]	Gen Loss: 0.058184 
Train Epoch: 179 [3000/3631 (83%)]	Gen Loss: 0.059593 
Train Epoch: 179 [3100/3631 (85%)]	Gen Loss: 0.063938 
Train Epoch: 179 [3200/3631 (88%)]	Gen Loss: 0.055242 
Train Epoch: 179 [3300/3631 (91%)]	Gen Loss: 0.071713 
Train Epoch: 179 [3400/3631 (94%)]	Gen Loss: 0.061109 
Train Epoch: 179 [3500/3631 (96%)]	Gen Loss: 0.053581 
Train Epoch: 179 [3600/3631 (99%)]	Gen Loss: 0.067051 
==========Epoch 180==========
Train Epoch: 180 [0/3631 (0%)]	Gen Loss: 0.075752 
Train Epoch: 180 [100/3631 (3%)]	Gen Loss: 0.070170 
Train Epoch: 180 [200/3631 (6%)]	Gen Loss: 0.063898 
Train Epoch: 180 [300/3631 (8%)]	Gen Loss: 0.071855 
Train Epoch: 180 [400/3631 (11%)]	Gen Loss: 0.056298 
Train Epoch: 180 [500/3631 (14%)]	Gen Loss: 0.075442 
Train Epoch: 180 [600/3631 (17%)]	Gen Loss: 0.062735 
Train Epoch: 180 [700/3631 (19%)]	Gen Loss: 0.056959 
Train Epoch: 180 [800/3631 (22%)]	Gen Loss: 0.062824 
Train Epoch: 180 [900/3631 (25%)]	Gen Loss: 0.071474 
Train Epoch: 180 [1000/3631 (28%)]	Gen Loss: 0.065337 
Train Epoch: 180 [1100/3631 (30%)]	Gen Loss: 0.060218 
Train Epoch: 180 [1200/3631 (33%)]	Gen Loss: 0.057040 
Train Epoch: 180 [1300/3631 (36%)]	Gen Loss: 0.056477 
Train Epoch: 180 [1400/3631 (39%)]	Gen Loss: 0.056887 
Train Epoch: 180 [1500/3631 (41%)]	Gen Loss: 0.060434 
Train Epoch: 180 [1600/3631 (44%)]	Gen Loss: 0.068850 
Train Epoch: 180 [1700/3631 (47%)]	Gen Loss: 0.069181 
Train Epoch: 180 [1800/3631 (50%)]	Gen Loss: 0.072432 
Train Epoch: 180 [1900/3631 (52%)]	Gen Loss: 0.070065 
Train Epoch: 180 [2000/3631 (55%)]	Gen Loss: 0.063437 
Train Epoch: 180 [2100/3631 (58%)]	Gen Loss: 0.067161 
Train Epoch: 180 [2200/3631 (61%)]	Gen Loss: 0.058886 
Train Epoch: 180 [2300/3631 (63%)]	Gen Loss: 0.069435 
Train Epoch: 180 [2400/3631 (66%)]	Gen Loss: 0.066656 
Train Epoch: 180 [2500/3631 (69%)]	Gen Loss: 0.068147 
Train Epoch: 180 [2600/3631 (72%)]	Gen Loss: 0.068393 
Train Epoch: 180 [2700/3631 (74%)]	Gen Loss: 0.063883 
Train Epoch: 180 [2800/3631 (77%)]	Gen Loss: 0.061047 
Train Epoch: 180 [2900/3631 (80%)]	Gen Loss: 0.064754 
Train Epoch: 180 [3000/3631 (83%)]	Gen Loss: 0.061089 
Train Epoch: 180 [3100/3631 (85%)]	Gen Loss: 0.058038 
Train Epoch: 180 [3200/3631 (88%)]	Gen Loss: 0.064200 
Train Epoch: 180 [3300/3631 (91%)]	Gen Loss: 0.061743 
Train Epoch: 180 [3400/3631 (94%)]	Gen Loss: 0.062401 
Train Epoch: 180 [3500/3631 (96%)]	Gen Loss: 0.070028 
Train Epoch: 180 [3600/3631 (99%)]	Gen Loss: 0.060357 
==========Epoch 181==========
Train Epoch: 181 [0/3631 (0%)]	Gen Loss: 0.054458 
Train Epoch: 181 [100/3631 (3%)]	Gen Loss: 0.061622 
Train Epoch: 181 [200/3631 (6%)]	Gen Loss: 0.054583 
Train Epoch: 181 [300/3631 (8%)]	Gen Loss: 0.060475 
Train Epoch: 181 [400/3631 (11%)]	Gen Loss: 0.072671 
Train Epoch: 181 [500/3631 (14%)]	Gen Loss: 0.064360 
Train Epoch: 181 [600/3631 (17%)]	Gen Loss: 0.071251 
Train Epoch: 181 [700/3631 (19%)]	Gen Loss: 0.054445 
Train Epoch: 181 [800/3631 (22%)]	Gen Loss: 0.050722 
Train Epoch: 181 [900/3631 (25%)]	Gen Loss: 0.074657 
Train Epoch: 181 [1000/3631 (28%)]	Gen Loss: 0.065895 
Train Epoch: 181 [1100/3631 (30%)]	Gen Loss: 0.062440 
Train Epoch: 181 [1200/3631 (33%)]	Gen Loss: 0.060443 
Train Epoch: 181 [1300/3631 (36%)]	Gen Loss: 0.067227 
Train Epoch: 181 [1400/3631 (39%)]	Gen Loss: 0.067136 
Train Epoch: 181 [1500/3631 (41%)]	Gen Loss: 0.057729 
Train Epoch: 181 [1600/3631 (44%)]	Gen Loss: 0.062785 
Train Epoch: 181 [1700/3631 (47%)]	Gen Loss: 0.062613 
Train Epoch: 181 [1800/3631 (50%)]	Gen Loss: 0.061156 
Train Epoch: 181 [1900/3631 (52%)]	Gen Loss: 0.050950 
Train Epoch: 181 [2000/3631 (55%)]	Gen Loss: 0.072772 
Train Epoch: 181 [2100/3631 (58%)]	Gen Loss: 0.067331 
Train Epoch: 181 [2200/3631 (61%)]	Gen Loss: 0.074178 
Train Epoch: 181 [2300/3631 (63%)]	Gen Loss: 0.067718 
Train Epoch: 181 [2400/3631 (66%)]	Gen Loss: 0.066691 
Train Epoch: 181 [2500/3631 (69%)]	Gen Loss: 0.063617 
Train Epoch: 181 [2600/3631 (72%)]	Gen Loss: 0.059414 
Train Epoch: 181 [2700/3631 (74%)]	Gen Loss: 0.052463 
Train Epoch: 181 [2800/3631 (77%)]	Gen Loss: 0.072095 
Train Epoch: 181 [2900/3631 (80%)]	Gen Loss: 0.071975 
Train Epoch: 181 [3000/3631 (83%)]	Gen Loss: 0.063738 
Train Epoch: 181 [3100/3631 (85%)]	Gen Loss: 0.073687 
Train Epoch: 181 [3200/3631 (88%)]	Gen Loss: 0.064464 
Train Epoch: 181 [3300/3631 (91%)]	Gen Loss: 0.060808 
Train Epoch: 181 [3400/3631 (94%)]	Gen Loss: 0.064735 
Train Epoch: 181 [3500/3631 (96%)]	Gen Loss: 0.064856 
Train Epoch: 181 [3600/3631 (99%)]	Gen Loss: 0.068898 
==========Epoch 182==========
Train Epoch: 182 [0/3631 (0%)]	Gen Loss: 0.064433 
Train Epoch: 182 [100/3631 (3%)]	Gen Loss: 0.067722 
Train Epoch: 182 [200/3631 (6%)]	Gen Loss: 0.065160 
Train Epoch: 182 [300/3631 (8%)]	Gen Loss: 0.058166 
Train Epoch: 182 [400/3631 (11%)]	Gen Loss: 0.068586 
Train Epoch: 182 [500/3631 (14%)]	Gen Loss: 0.065711 
Train Epoch: 182 [600/3631 (17%)]	Gen Loss: 0.062155 
Train Epoch: 182 [700/3631 (19%)]	Gen Loss: 0.060053 
Train Epoch: 182 [800/3631 (22%)]	Gen Loss: 0.064139 
Train Epoch: 182 [900/3631 (25%)]	Gen Loss: 0.063561 
Train Epoch: 182 [1000/3631 (28%)]	Gen Loss: 0.057428 
Train Epoch: 182 [1100/3631 (30%)]	Gen Loss: 0.060459 
Train Epoch: 182 [1200/3631 (33%)]	Gen Loss: 0.062892 
Train Epoch: 182 [1300/3631 (36%)]	Gen Loss: 0.070149 
Train Epoch: 182 [1400/3631 (39%)]	Gen Loss: 0.074485 
Train Epoch: 182 [1500/3631 (41%)]	Gen Loss: 0.060922 
Train Epoch: 182 [1600/3631 (44%)]	Gen Loss: 0.068715 
Train Epoch: 182 [1700/3631 (47%)]	Gen Loss: 0.061918 
Train Epoch: 182 [1800/3631 (50%)]	Gen Loss: 0.077741 
Train Epoch: 182 [1900/3631 (52%)]	Gen Loss: 0.057668 
Train Epoch: 182 [2000/3631 (55%)]	Gen Loss: 0.054537 
Train Epoch: 182 [2100/3631 (58%)]	Gen Loss: 0.063826 
Train Epoch: 182 [2200/3631 (61%)]	Gen Loss: 0.064264 
Train Epoch: 182 [2300/3631 (63%)]	Gen Loss: 0.063637 
Train Epoch: 182 [2400/3631 (66%)]	Gen Loss: 0.065508 
Train Epoch: 182 [2500/3631 (69%)]	Gen Loss: 0.060768 
Train Epoch: 182 [2600/3631 (72%)]	Gen Loss: 0.068051 
Train Epoch: 182 [2700/3631 (74%)]	Gen Loss: 0.058625 
Train Epoch: 182 [2800/3631 (77%)]	Gen Loss: 0.055420 
Train Epoch: 182 [2900/3631 (80%)]	Gen Loss: 0.058009 
Train Epoch: 182 [3000/3631 (83%)]	Gen Loss: 0.057558 
Train Epoch: 182 [3100/3631 (85%)]	Gen Loss: 0.069016 
Train Epoch: 182 [3200/3631 (88%)]	Gen Loss: 0.088731 
Train Epoch: 182 [3300/3631 (91%)]	Gen Loss: 0.064220 
Train Epoch: 182 [3400/3631 (94%)]	Gen Loss: 0.063008 
Train Epoch: 182 [3500/3631 (96%)]	Gen Loss: 0.066890 
Train Epoch: 182 [3600/3631 (99%)]	Gen Loss: 0.062177 
==========Epoch 183==========
Train Epoch: 183 [0/3631 (0%)]	Gen Loss: 0.080276 
Train Epoch: 183 [100/3631 (3%)]	Gen Loss: 0.059267 
Train Epoch: 183 [200/3631 (6%)]	Gen Loss: 0.064209 
Train Epoch: 183 [300/3631 (8%)]	Gen Loss: 0.079230 
Train Epoch: 183 [400/3631 (11%)]	Gen Loss: 0.056229 
Train Epoch: 183 [500/3631 (14%)]	Gen Loss: 0.068719 
Train Epoch: 183 [600/3631 (17%)]	Gen Loss: 0.063248 
Train Epoch: 183 [700/3631 (19%)]	Gen Loss: 0.068944 
Train Epoch: 183 [800/3631 (22%)]	Gen Loss: 0.062329 
Train Epoch: 183 [900/3631 (25%)]	Gen Loss: 0.061085 
Train Epoch: 183 [1000/3631 (28%)]	Gen Loss: 0.057494 
Train Epoch: 183 [1100/3631 (30%)]	Gen Loss: 0.072693 
Train Epoch: 183 [1200/3631 (33%)]	Gen Loss: 0.066533 
Train Epoch: 183 [1300/3631 (36%)]	Gen Loss: 0.062480 
Train Epoch: 183 [1400/3631 (39%)]	Gen Loss: 0.062090 
Train Epoch: 183 [1500/3631 (41%)]	Gen Loss: 0.080023 
Train Epoch: 183 [1600/3631 (44%)]	Gen Loss: 0.074084 
Train Epoch: 183 [1700/3631 (47%)]	Gen Loss: 0.069501 
Train Epoch: 183 [1800/3631 (50%)]	Gen Loss: 0.070510 
Train Epoch: 183 [1900/3631 (52%)]	Gen Loss: 0.075650 
Train Epoch: 183 [2000/3631 (55%)]	Gen Loss: 0.061168 
Train Epoch: 183 [2100/3631 (58%)]	Gen Loss: 0.069728 
Train Epoch: 183 [2200/3631 (61%)]	Gen Loss: 0.064694 
Train Epoch: 183 [2300/3631 (63%)]	Gen Loss: 0.057700 
Train Epoch: 183 [2400/3631 (66%)]	Gen Loss: 0.061132 
Train Epoch: 183 [2500/3631 (69%)]	Gen Loss: 0.063431 
Train Epoch: 183 [2600/3631 (72%)]	Gen Loss: 0.064900 
Train Epoch: 183 [2700/3631 (74%)]	Gen Loss: 0.068102 
Train Epoch: 183 [2800/3631 (77%)]	Gen Loss: 0.059642 
Train Epoch: 183 [2900/3631 (80%)]	Gen Loss: 0.071074 
Train Epoch: 183 [3000/3631 (83%)]	Gen Loss: 0.066053 
Train Epoch: 183 [3100/3631 (85%)]	Gen Loss: 0.066432 
Train Epoch: 183 [3200/3631 (88%)]	Gen Loss: 0.067939 
Train Epoch: 183 [3300/3631 (91%)]	Gen Loss: 0.077978 
Train Epoch: 183 [3400/3631 (94%)]	Gen Loss: 0.063185 
Train Epoch: 183 [3500/3631 (96%)]	Gen Loss: 0.075166 
Train Epoch: 183 [3600/3631 (99%)]	Gen Loss: 0.068083 
==========Epoch 184==========
Train Epoch: 184 [0/3631 (0%)]	Gen Loss: 0.063965 
Train Epoch: 184 [100/3631 (3%)]	Gen Loss: 0.062409 
Train Epoch: 184 [200/3631 (6%)]	Gen Loss: 0.069353 
Train Epoch: 184 [300/3631 (8%)]	Gen Loss: 0.064753 
Train Epoch: 184 [400/3631 (11%)]	Gen Loss: 0.068823 
Train Epoch: 184 [500/3631 (14%)]	Gen Loss: 0.068166 
Train Epoch: 184 [600/3631 (17%)]	Gen Loss: 0.061757 
Train Epoch: 184 [700/3631 (19%)]	Gen Loss: 0.066813 
Train Epoch: 184 [800/3631 (22%)]	Gen Loss: 0.065193 
Train Epoch: 184 [900/3631 (25%)]	Gen Loss: 0.064021 
Train Epoch: 184 [1000/3631 (28%)]	Gen Loss: 0.066713 
Train Epoch: 184 [1100/3631 (30%)]	Gen Loss: 0.051585 
Train Epoch: 184 [1200/3631 (33%)]	Gen Loss: 0.070764 
Train Epoch: 184 [1300/3631 (36%)]	Gen Loss: 0.067220 
Train Epoch: 184 [1400/3631 (39%)]	Gen Loss: 0.065160 
Train Epoch: 184 [1500/3631 (41%)]	Gen Loss: 0.061467 
Train Epoch: 184 [1600/3631 (44%)]	Gen Loss: 0.054668 
Train Epoch: 184 [1700/3631 (47%)]	Gen Loss: 0.063081 
Train Epoch: 184 [1800/3631 (50%)]	Gen Loss: 0.068953 
Train Epoch: 184 [1900/3631 (52%)]	Gen Loss: 0.060116 
Train Epoch: 184 [2000/3631 (55%)]	Gen Loss: 0.065302 
Train Epoch: 184 [2100/3631 (58%)]	Gen Loss: 0.065949 
Train Epoch: 184 [2200/3631 (61%)]	Gen Loss: 0.072317 
Train Epoch: 184 [2300/3631 (63%)]	Gen Loss: 0.059900 
Train Epoch: 184 [2400/3631 (66%)]	Gen Loss: 0.055793 
Train Epoch: 184 [2500/3631 (69%)]	Gen Loss: 0.063984 
Train Epoch: 184 [2600/3631 (72%)]	Gen Loss: 0.066543 
Train Epoch: 184 [2700/3631 (74%)]	Gen Loss: 0.062363 
Train Epoch: 184 [2800/3631 (77%)]	Gen Loss: 0.057116 
Train Epoch: 184 [2900/3631 (80%)]	Gen Loss: 0.073609 
Train Epoch: 184 [3000/3631 (83%)]	Gen Loss: 0.060491 
Train Epoch: 184 [3100/3631 (85%)]	Gen Loss: 0.056245 
Train Epoch: 184 [3200/3631 (88%)]	Gen Loss: 0.058751 
Train Epoch: 184 [3300/3631 (91%)]	Gen Loss: 0.063312 
Train Epoch: 184 [3400/3631 (94%)]	Gen Loss: 0.059613 
Train Epoch: 184 [3500/3631 (96%)]	Gen Loss: 0.059753 
Train Epoch: 184 [3600/3631 (99%)]	Gen Loss: 0.058855 
==========Epoch 185==========
Train Epoch: 185 [0/3631 (0%)]	Gen Loss: 0.052313 
Train Epoch: 185 [100/3631 (3%)]	Gen Loss: 0.056961 
Train Epoch: 185 [200/3631 (6%)]	Gen Loss: 0.077061 
Train Epoch: 185 [300/3631 (8%)]	Gen Loss: 0.063313 
Train Epoch: 185 [400/3631 (11%)]	Gen Loss: 0.051049 
Train Epoch: 185 [500/3631 (14%)]	Gen Loss: 0.075295 
Train Epoch: 185 [600/3631 (17%)]	Gen Loss: 0.058222 
Train Epoch: 185 [700/3631 (19%)]	Gen Loss: 0.058452 
Train Epoch: 185 [800/3631 (22%)]	Gen Loss: 0.055175 
Train Epoch: 185 [900/3631 (25%)]	Gen Loss: 0.069001 
Train Epoch: 185 [1000/3631 (28%)]	Gen Loss: 0.070145 
Train Epoch: 185 [1100/3631 (30%)]	Gen Loss: 0.064431 
Train Epoch: 185 [1200/3631 (33%)]	Gen Loss: 0.057875 
Train Epoch: 185 [1300/3631 (36%)]	Gen Loss: 0.069397 
Train Epoch: 185 [1400/3631 (39%)]	Gen Loss: 0.045684 
Train Epoch: 185 [1500/3631 (41%)]	Gen Loss: 0.077619 
Train Epoch: 185 [1600/3631 (44%)]	Gen Loss: 0.062209 
Train Epoch: 185 [1700/3631 (47%)]	Gen Loss: 0.065074 
Train Epoch: 185 [1800/3631 (50%)]	Gen Loss: 0.060602 
Train Epoch: 185 [1900/3631 (52%)]	Gen Loss: 0.068308 
Train Epoch: 185 [2000/3631 (55%)]	Gen Loss: 0.066654 
Train Epoch: 185 [2100/3631 (58%)]	Gen Loss: 0.074369 
Train Epoch: 185 [2200/3631 (61%)]	Gen Loss: 0.057540 
Train Epoch: 185 [2300/3631 (63%)]	Gen Loss: 0.064881 
Train Epoch: 185 [2400/3631 (66%)]	Gen Loss: 0.060453 
Train Epoch: 185 [2500/3631 (69%)]	Gen Loss: 0.057247 
Train Epoch: 185 [2600/3631 (72%)]	Gen Loss: 0.064588 
Train Epoch: 185 [2700/3631 (74%)]	Gen Loss: 0.066940 
Train Epoch: 185 [2800/3631 (77%)]	Gen Loss: 0.068391 
Train Epoch: 185 [2900/3631 (80%)]	Gen Loss: 0.062332 
Train Epoch: 185 [3000/3631 (83%)]	Gen Loss: 0.058090 
Train Epoch: 185 [3100/3631 (85%)]	Gen Loss: 0.068523 
Train Epoch: 185 [3200/3631 (88%)]	Gen Loss: 0.062997 
Train Epoch: 185 [3300/3631 (91%)]	Gen Loss: 0.064112 
Train Epoch: 185 [3400/3631 (94%)]	Gen Loss: 0.058659 
Train Epoch: 185 [3500/3631 (96%)]	Gen Loss: 0.066495 
Train Epoch: 185 [3600/3631 (99%)]	Gen Loss: 0.061461 
==========Epoch 186==========
Train Epoch: 186 [0/3631 (0%)]	Gen Loss: 0.060359 
Train Epoch: 186 [100/3631 (3%)]	Gen Loss: 0.063777 
Train Epoch: 186 [200/3631 (6%)]	Gen Loss: 0.062562 
Train Epoch: 186 [300/3631 (8%)]	Gen Loss: 0.066293 
Train Epoch: 186 [400/3631 (11%)]	Gen Loss: 0.051205 
Train Epoch: 186 [500/3631 (14%)]	Gen Loss: 0.060164 
Train Epoch: 186 [600/3631 (17%)]	Gen Loss: 0.064772 
Train Epoch: 186 [700/3631 (19%)]	Gen Loss: 0.071191 
Train Epoch: 186 [800/3631 (22%)]	Gen Loss: 0.073093 
Train Epoch: 186 [900/3631 (25%)]	Gen Loss: 0.066118 
Train Epoch: 186 [1000/3631 (28%)]	Gen Loss: 0.070973 
Train Epoch: 186 [1100/3631 (30%)]	Gen Loss: 0.065905 
Train Epoch: 186 [1200/3631 (33%)]	Gen Loss: 0.064397 
Train Epoch: 186 [1300/3631 (36%)]	Gen Loss: 0.065593 
Train Epoch: 186 [1400/3631 (39%)]	Gen Loss: 0.059173 
Train Epoch: 186 [1500/3631 (41%)]	Gen Loss: 0.064845 
Train Epoch: 186 [1600/3631 (44%)]	Gen Loss: 0.071832 
Train Epoch: 186 [1700/3631 (47%)]	Gen Loss: 0.066074 
Train Epoch: 186 [1800/3631 (50%)]	Gen Loss: 0.073553 
Train Epoch: 186 [1900/3631 (52%)]	Gen Loss: 0.060734 
Train Epoch: 186 [2000/3631 (55%)]	Gen Loss: 0.066359 
Train Epoch: 186 [2100/3631 (58%)]	Gen Loss: 0.068886 
Train Epoch: 186 [2200/3631 (61%)]	Gen Loss: 0.081066 
Train Epoch: 186 [2300/3631 (63%)]	Gen Loss: 0.062400 
Train Epoch: 186 [2400/3631 (66%)]	Gen Loss: 0.055698 
Train Epoch: 186 [2500/3631 (69%)]	Gen Loss: 0.061006 
Train Epoch: 186 [2600/3631 (72%)]	Gen Loss: 0.069018 
Train Epoch: 186 [2700/3631 (74%)]	Gen Loss: 0.065808 
Train Epoch: 186 [2800/3631 (77%)]	Gen Loss: 0.063021 
Train Epoch: 186 [2900/3631 (80%)]	Gen Loss: 0.056863 
Train Epoch: 186 [3000/3631 (83%)]	Gen Loss: 0.063838 
Train Epoch: 186 [3100/3631 (85%)]	Gen Loss: 0.069460 
Train Epoch: 186 [3200/3631 (88%)]	Gen Loss: 0.072747 
Train Epoch: 186 [3300/3631 (91%)]	Gen Loss: 0.071186 
Train Epoch: 186 [3400/3631 (94%)]	Gen Loss: 0.065459 
Train Epoch: 186 [3500/3631 (96%)]	Gen Loss: 0.060425 
Train Epoch: 186 [3600/3631 (99%)]	Gen Loss: 0.056810 
==========Epoch 187==========
Train Epoch: 187 [0/3631 (0%)]	Gen Loss: 0.067998 
Train Epoch: 187 [100/3631 (3%)]	Gen Loss: 0.071770 
Train Epoch: 187 [200/3631 (6%)]	Gen Loss: 0.055356 
Train Epoch: 187 [300/3631 (8%)]	Gen Loss: 0.073613 
Train Epoch: 187 [400/3631 (11%)]	Gen Loss: 0.065417 
Train Epoch: 187 [500/3631 (14%)]	Gen Loss: 0.058823 
Train Epoch: 187 [600/3631 (17%)]	Gen Loss: 0.053107 
Train Epoch: 187 [700/3631 (19%)]	Gen Loss: 0.059304 
Train Epoch: 187 [800/3631 (22%)]	Gen Loss: 0.064411 
Train Epoch: 187 [900/3631 (25%)]	Gen Loss: 0.058794 
Train Epoch: 187 [1000/3631 (28%)]	Gen Loss: 0.056098 
Train Epoch: 187 [1100/3631 (30%)]	Gen Loss: 0.066702 
Train Epoch: 187 [1200/3631 (33%)]	Gen Loss: 0.060833 
Train Epoch: 187 [1300/3631 (36%)]	Gen Loss: 0.066395 
Train Epoch: 187 [1400/3631 (39%)]	Gen Loss: 0.062000 
Train Epoch: 187 [1500/3631 (41%)]	Gen Loss: 0.061942 
Train Epoch: 187 [1600/3631 (44%)]	Gen Loss: 0.047488 
Train Epoch: 187 [1700/3631 (47%)]	Gen Loss: 0.063358 
Train Epoch: 187 [1800/3631 (50%)]	Gen Loss: 0.065204 
Train Epoch: 187 [1900/3631 (52%)]	Gen Loss: 0.064851 
Train Epoch: 187 [2000/3631 (55%)]	Gen Loss: 0.066548 
Train Epoch: 187 [2100/3631 (58%)]	Gen Loss: 0.066381 
Train Epoch: 187 [2200/3631 (61%)]	Gen Loss: 0.053783 
Train Epoch: 187 [2300/3631 (63%)]	Gen Loss: 0.059291 
Train Epoch: 187 [2400/3631 (66%)]	Gen Loss: 0.060323 
Train Epoch: 187 [2500/3631 (69%)]	Gen Loss: 0.068140 
Train Epoch: 187 [2600/3631 (72%)]	Gen Loss: 0.058274 
Train Epoch: 187 [2700/3631 (74%)]	Gen Loss: 0.070707 
Train Epoch: 187 [2800/3631 (77%)]	Gen Loss: 0.067306 
Train Epoch: 187 [2900/3631 (80%)]	Gen Loss: 0.066071 
Train Epoch: 187 [3000/3631 (83%)]	Gen Loss: 0.063090 
Train Epoch: 187 [3100/3631 (85%)]	Gen Loss: 0.062334 
Train Epoch: 187 [3200/3631 (88%)]	Gen Loss: 0.083140 
Train Epoch: 187 [3300/3631 (91%)]	Gen Loss: 0.055162 
Train Epoch: 187 [3400/3631 (94%)]	Gen Loss: 0.065446 
Train Epoch: 187 [3500/3631 (96%)]	Gen Loss: 0.065024 
Train Epoch: 187 [3600/3631 (99%)]	Gen Loss: 0.064878 
==========Epoch 188==========
Train Epoch: 188 [0/3631 (0%)]	Gen Loss: 0.063221 
Train Epoch: 188 [100/3631 (3%)]	Gen Loss: 0.074493 
Train Epoch: 188 [200/3631 (6%)]	Gen Loss: 0.055686 
Train Epoch: 188 [300/3631 (8%)]	Gen Loss: 0.068925 
Train Epoch: 188 [400/3631 (11%)]	Gen Loss: 0.071139 
Train Epoch: 188 [500/3631 (14%)]	Gen Loss: 0.057014 
Train Epoch: 188 [600/3631 (17%)]	Gen Loss: 0.067167 
Train Epoch: 188 [700/3631 (19%)]	Gen Loss: 0.071574 
Train Epoch: 188 [800/3631 (22%)]	Gen Loss: 0.065727 
Train Epoch: 188 [900/3631 (25%)]	Gen Loss: 0.064188 
Train Epoch: 188 [1000/3631 (28%)]	Gen Loss: 0.063468 
Train Epoch: 188 [1100/3631 (30%)]	Gen Loss: 0.053024 
Train Epoch: 188 [1200/3631 (33%)]	Gen Loss: 0.059058 
Train Epoch: 188 [1300/3631 (36%)]	Gen Loss: 0.058373 
Train Epoch: 188 [1400/3631 (39%)]	Gen Loss: 0.062569 
Train Epoch: 188 [1500/3631 (41%)]	Gen Loss: 0.063153 
Train Epoch: 188 [1600/3631 (44%)]	Gen Loss: 0.070144 
Train Epoch: 188 [1700/3631 (47%)]	Gen Loss: 0.058821 
Train Epoch: 188 [1800/3631 (50%)]	Gen Loss: 0.062719 
Train Epoch: 188 [1900/3631 (52%)]	Gen Loss: 0.065611 
Train Epoch: 188 [2000/3631 (55%)]	Gen Loss: 0.066331 
Train Epoch: 188 [2100/3631 (58%)]	Gen Loss: 0.063547 
Train Epoch: 188 [2200/3631 (61%)]	Gen Loss: 0.065887 
Train Epoch: 188 [2300/3631 (63%)]	Gen Loss: 0.063657 
Train Epoch: 188 [2400/3631 (66%)]	Gen Loss: 0.064472 
Train Epoch: 188 [2500/3631 (69%)]	Gen Loss: 0.065459 
Train Epoch: 188 [2600/3631 (72%)]	Gen Loss: 0.062715 
Train Epoch: 188 [2700/3631 (74%)]	Gen Loss: 0.064747 
Train Epoch: 188 [2800/3631 (77%)]	Gen Loss: 0.078454 
Train Epoch: 188 [2900/3631 (80%)]	Gen Loss: 0.067877 
Train Epoch: 188 [3000/3631 (83%)]	Gen Loss: 0.062337 
Train Epoch: 188 [3100/3631 (85%)]	Gen Loss: 0.054608 
Train Epoch: 188 [3200/3631 (88%)]	Gen Loss: 0.072176 
Train Epoch: 188 [3300/3631 (91%)]	Gen Loss: 0.065298 
Train Epoch: 188 [3400/3631 (94%)]	Gen Loss: 0.053056 
Train Epoch: 188 [3500/3631 (96%)]	Gen Loss: 0.074912 
Train Epoch: 188 [3600/3631 (99%)]	Gen Loss: 0.059758 
==========Epoch 189==========
Train Epoch: 189 [0/3631 (0%)]	Gen Loss: 0.054628 
Train Epoch: 189 [100/3631 (3%)]	Gen Loss: 0.052922 
Train Epoch: 189 [200/3631 (6%)]	Gen Loss: 0.069083 
Train Epoch: 189 [300/3631 (8%)]	Gen Loss: 0.060353 
Train Epoch: 189 [400/3631 (11%)]	Gen Loss: 0.064436 
Train Epoch: 189 [500/3631 (14%)]	Gen Loss: 0.065906 
Train Epoch: 189 [600/3631 (17%)]	Gen Loss: 0.072870 
Train Epoch: 189 [700/3631 (19%)]	Gen Loss: 0.076586 
Train Epoch: 189 [800/3631 (22%)]	Gen Loss: 0.067956 
Train Epoch: 189 [900/3631 (25%)]	Gen Loss: 0.060988 
Train Epoch: 189 [1000/3631 (28%)]	Gen Loss: 0.071491 
Train Epoch: 189 [1100/3631 (30%)]	Gen Loss: 0.064778 
Train Epoch: 189 [1200/3631 (33%)]	Gen Loss: 0.056747 
Train Epoch: 189 [1300/3631 (36%)]	Gen Loss: 0.060817 
Train Epoch: 189 [1400/3631 (39%)]	Gen Loss: 0.063770 
Train Epoch: 189 [1500/3631 (41%)]	Gen Loss: 0.063152 
Train Epoch: 189 [1600/3631 (44%)]	Gen Loss: 0.053584 
Train Epoch: 189 [1700/3631 (47%)]	Gen Loss: 0.065799 
Train Epoch: 189 [1800/3631 (50%)]	Gen Loss: 0.061533 
Train Epoch: 189 [1900/3631 (52%)]	Gen Loss: 0.075100 
Train Epoch: 189 [2000/3631 (55%)]	Gen Loss: 0.076828 
Train Epoch: 189 [2100/3631 (58%)]	Gen Loss: 0.064978 
Train Epoch: 189 [2200/3631 (61%)]	Gen Loss: 0.068648 
Train Epoch: 189 [2300/3631 (63%)]	Gen Loss: 0.053723 
Train Epoch: 189 [2400/3631 (66%)]	Gen Loss: 0.068786 
Train Epoch: 189 [2500/3631 (69%)]	Gen Loss: 0.081145 
Train Epoch: 189 [2600/3631 (72%)]	Gen Loss: 0.068146 
Train Epoch: 189 [2700/3631 (74%)]	Gen Loss: 0.063175 
Train Epoch: 189 [2800/3631 (77%)]	Gen Loss: 0.070003 
Train Epoch: 189 [2900/3631 (80%)]	Gen Loss: 0.064759 
Train Epoch: 189 [3000/3631 (83%)]	Gen Loss: 0.063495 
Train Epoch: 189 [3100/3631 (85%)]	Gen Loss: 0.069990 
Train Epoch: 189 [3200/3631 (88%)]	Gen Loss: 0.062307 
Train Epoch: 189 [3300/3631 (91%)]	Gen Loss: 0.064924 
Train Epoch: 189 [3400/3631 (94%)]	Gen Loss: 0.064824 
Train Epoch: 189 [3500/3631 (96%)]	Gen Loss: 0.068608 
Train Epoch: 189 [3600/3631 (99%)]	Gen Loss: 0.058982 
==========Epoch 190==========
Train Epoch: 190 [0/3631 (0%)]	Gen Loss: 0.077714 
Train Epoch: 190 [100/3631 (3%)]	Gen Loss: 0.059094 
Train Epoch: 190 [200/3631 (6%)]	Gen Loss: 0.066159 
Train Epoch: 190 [300/3631 (8%)]	Gen Loss: 0.070436 
Train Epoch: 190 [400/3631 (11%)]	Gen Loss: 0.060185 
Train Epoch: 190 [500/3631 (14%)]	Gen Loss: 0.073598 
Train Epoch: 190 [600/3631 (17%)]	Gen Loss: 0.063029 
Train Epoch: 190 [700/3631 (19%)]	Gen Loss: 0.070542 
Train Epoch: 190 [800/3631 (22%)]	Gen Loss: 0.066192 
Train Epoch: 190 [900/3631 (25%)]	Gen Loss: 0.056967 
Train Epoch: 190 [1000/3631 (28%)]	Gen Loss: 0.055639 
Train Epoch: 190 [1100/3631 (30%)]	Gen Loss: 0.072639 
Train Epoch: 190 [1200/3631 (33%)]	Gen Loss: 0.068837 
Train Epoch: 190 [1300/3631 (36%)]	Gen Loss: 0.063771 
Train Epoch: 190 [1400/3631 (39%)]	Gen Loss: 0.062025 
Train Epoch: 190 [1500/3631 (41%)]	Gen Loss: 0.060632 
Train Epoch: 190 [1600/3631 (44%)]	Gen Loss: 0.077641 
Train Epoch: 190 [1700/3631 (47%)]	Gen Loss: 0.064637 
Train Epoch: 190 [1800/3631 (50%)]	Gen Loss: 0.061297 
Train Epoch: 190 [1900/3631 (52%)]	Gen Loss: 0.062043 
Train Epoch: 190 [2000/3631 (55%)]	Gen Loss: 0.071558 
Train Epoch: 190 [2100/3631 (58%)]	Gen Loss: 0.058446 
Train Epoch: 190 [2200/3631 (61%)]	Gen Loss: 0.062236 
Train Epoch: 190 [2300/3631 (63%)]	Gen Loss: 0.065225 
Train Epoch: 190 [2400/3631 (66%)]	Gen Loss: 0.064229 
Train Epoch: 190 [2500/3631 (69%)]	Gen Loss: 0.064592 
Train Epoch: 190 [2600/3631 (72%)]	Gen Loss: 0.062340 
Train Epoch: 190 [2700/3631 (74%)]	Gen Loss: 0.067702 
Train Epoch: 190 [2800/3631 (77%)]	Gen Loss: 0.067982 
Train Epoch: 190 [2900/3631 (80%)]	Gen Loss: 0.053983 
Train Epoch: 190 [3000/3631 (83%)]	Gen Loss: 0.056530 
Train Epoch: 190 [3100/3631 (85%)]	Gen Loss: 0.058400 
Train Epoch: 190 [3200/3631 (88%)]	Gen Loss: 0.068203 
Train Epoch: 190 [3300/3631 (91%)]	Gen Loss: 0.058986 
Train Epoch: 190 [3400/3631 (94%)]	Gen Loss: 0.056115 
Train Epoch: 190 [3500/3631 (96%)]	Gen Loss: 0.063190 
Train Epoch: 190 [3600/3631 (99%)]	Gen Loss: 0.062558 
==========Epoch 191==========
Train Epoch: 191 [0/3631 (0%)]	Gen Loss: 0.064914 
Train Epoch: 191 [100/3631 (3%)]	Gen Loss: 0.060707 
Train Epoch: 191 [200/3631 (6%)]	Gen Loss: 0.062245 
Train Epoch: 191 [300/3631 (8%)]	Gen Loss: 0.057053 
Train Epoch: 191 [400/3631 (11%)]	Gen Loss: 0.066152 
Train Epoch: 191 [500/3631 (14%)]	Gen Loss: 0.070880 
Train Epoch: 191 [600/3631 (17%)]	Gen Loss: 0.056993 
Train Epoch: 191 [700/3631 (19%)]	Gen Loss: 0.069071 
Train Epoch: 191 [800/3631 (22%)]	Gen Loss: 0.070263 
Train Epoch: 191 [900/3631 (25%)]	Gen Loss: 0.060058 
Train Epoch: 191 [1000/3631 (28%)]	Gen Loss: 0.072409 
Train Epoch: 191 [1100/3631 (30%)]	Gen Loss: 0.065293 
Train Epoch: 191 [1200/3631 (33%)]	Gen Loss: 0.052644 
Train Epoch: 191 [1300/3631 (36%)]	Gen Loss: 0.064958 
Train Epoch: 191 [1400/3631 (39%)]	Gen Loss: 0.071344 
Train Epoch: 191 [1500/3631 (41%)]	Gen Loss: 0.066412 
Train Epoch: 191 [1600/3631 (44%)]	Gen Loss: 0.066421 
Train Epoch: 191 [1700/3631 (47%)]	Gen Loss: 0.063917 
Train Epoch: 191 [1800/3631 (50%)]	Gen Loss: 0.060425 
Train Epoch: 191 [1900/3631 (52%)]	Gen Loss: 0.063000 
Train Epoch: 191 [2000/3631 (55%)]	Gen Loss: 0.077345 
Train Epoch: 191 [2100/3631 (58%)]	Gen Loss: 0.072062 
Train Epoch: 191 [2200/3631 (61%)]	Gen Loss: 0.070243 
Train Epoch: 191 [2300/3631 (63%)]	Gen Loss: 0.060192 
Train Epoch: 191 [2400/3631 (66%)]	Gen Loss: 0.067597 
Train Epoch: 191 [2500/3631 (69%)]	Gen Loss: 0.054621 
Train Epoch: 191 [2600/3631 (72%)]	Gen Loss: 0.078358 
Train Epoch: 191 [2700/3631 (74%)]	Gen Loss: 0.045836 
Train Epoch: 191 [2800/3631 (77%)]	Gen Loss: 0.069139 
Train Epoch: 191 [2900/3631 (80%)]	Gen Loss: 0.062309 
Train Epoch: 191 [3000/3631 (83%)]	Gen Loss: 0.064725 
Train Epoch: 191 [3100/3631 (85%)]	Gen Loss: 0.064915 
Train Epoch: 191 [3200/3631 (88%)]	Gen Loss: 0.066678 
Train Epoch: 191 [3300/3631 (91%)]	Gen Loss: 0.059042 
Train Epoch: 191 [3400/3631 (94%)]	Gen Loss: 0.056908 
Train Epoch: 191 [3500/3631 (96%)]	Gen Loss: 0.069326 
Train Epoch: 191 [3600/3631 (99%)]	Gen Loss: 0.060648 
==========Epoch 192==========
Train Epoch: 192 [0/3631 (0%)]	Gen Loss: 0.068925 
Train Epoch: 192 [100/3631 (3%)]	Gen Loss: 0.057230 
Train Epoch: 192 [200/3631 (6%)]	Gen Loss: 0.061275 
Train Epoch: 192 [300/3631 (8%)]	Gen Loss: 0.063005 
Train Epoch: 192 [400/3631 (11%)]	Gen Loss: 0.063011 
Train Epoch: 192 [500/3631 (14%)]	Gen Loss: 0.060147 
Train Epoch: 192 [600/3631 (17%)]	Gen Loss: 0.070364 
Train Epoch: 192 [700/3631 (19%)]	Gen Loss: 0.057319 
Train Epoch: 192 [800/3631 (22%)]	Gen Loss: 0.060879 
Train Epoch: 192 [900/3631 (25%)]	Gen Loss: 0.075807 
Train Epoch: 192 [1000/3631 (28%)]	Gen Loss: 0.059794 
Train Epoch: 192 [1100/3631 (30%)]	Gen Loss: 0.070884 
Train Epoch: 192 [1200/3631 (33%)]	Gen Loss: 0.055271 
Train Epoch: 192 [1300/3631 (36%)]	Gen Loss: 0.061984 
Train Epoch: 192 [1400/3631 (39%)]	Gen Loss: 0.060714 
Train Epoch: 192 [1500/3631 (41%)]	Gen Loss: 0.062795 
Train Epoch: 192 [1600/3631 (44%)]	Gen Loss: 0.050050 
Train Epoch: 192 [1700/3631 (47%)]	Gen Loss: 0.059152 
Train Epoch: 192 [1800/3631 (50%)]	Gen Loss: 0.053815 
Train Epoch: 192 [1900/3631 (52%)]	Gen Loss: 0.061661 
Train Epoch: 192 [2000/3631 (55%)]	Gen Loss: 0.061984 
Train Epoch: 192 [2100/3631 (58%)]	Gen Loss: 0.056393 
Train Epoch: 192 [2200/3631 (61%)]	Gen Loss: 0.067996 
Train Epoch: 192 [2300/3631 (63%)]	Gen Loss: 0.071727 
Train Epoch: 192 [2400/3631 (66%)]	Gen Loss: 0.070243 
Train Epoch: 192 [2500/3631 (69%)]	Gen Loss: 0.069522 
Train Epoch: 192 [2600/3631 (72%)]	Gen Loss: 0.071799 
Train Epoch: 192 [2700/3631 (74%)]	Gen Loss: 0.069909 
Train Epoch: 192 [2800/3631 (77%)]	Gen Loss: 0.057228 
Train Epoch: 192 [2900/3631 (80%)]	Gen Loss: 0.068647 
Train Epoch: 192 [3000/3631 (83%)]	Gen Loss: 0.052452 
Train Epoch: 192 [3100/3631 (85%)]	Gen Loss: 0.063826 
Train Epoch: 192 [3200/3631 (88%)]	Gen Loss: 0.062948 
Train Epoch: 192 [3300/3631 (91%)]	Gen Loss: 0.069462 
Train Epoch: 192 [3400/3631 (94%)]	Gen Loss: 0.069900 
Train Epoch: 192 [3500/3631 (96%)]	Gen Loss: 0.072413 
Train Epoch: 192 [3600/3631 (99%)]	Gen Loss: 0.080546 
==========Epoch 193==========
Train Epoch: 193 [0/3631 (0%)]	Gen Loss: 0.065947 
Train Epoch: 193 [100/3631 (3%)]	Gen Loss: 0.059253 
Train Epoch: 193 [200/3631 (6%)]	Gen Loss: 0.064543 
Train Epoch: 193 [300/3631 (8%)]	Gen Loss: 0.054558 
Train Epoch: 193 [400/3631 (11%)]	Gen Loss: 0.065582 
Train Epoch: 193 [500/3631 (14%)]	Gen Loss: 0.057728 
Train Epoch: 193 [600/3631 (17%)]	Gen Loss: 0.061278 
Train Epoch: 193 [700/3631 (19%)]	Gen Loss: 0.064666 
Train Epoch: 193 [800/3631 (22%)]	Gen Loss: 0.069854 
Train Epoch: 193 [900/3631 (25%)]	Gen Loss: 0.061073 
Train Epoch: 193 [1000/3631 (28%)]	Gen Loss: 0.057944 
Train Epoch: 193 [1100/3631 (30%)]	Gen Loss: 0.076607 
Train Epoch: 193 [1200/3631 (33%)]	Gen Loss: 0.061153 
Train Epoch: 193 [1300/3631 (36%)]	Gen Loss: 0.059454 
Train Epoch: 193 [1400/3631 (39%)]	Gen Loss: 0.069797 
Train Epoch: 193 [1500/3631 (41%)]	Gen Loss: 0.083411 
Train Epoch: 193 [1600/3631 (44%)]	Gen Loss: 0.073988 
Train Epoch: 193 [1700/3631 (47%)]	Gen Loss: 0.064766 
Train Epoch: 193 [1800/3631 (50%)]	Gen Loss: 0.058103 
Train Epoch: 193 [1900/3631 (52%)]	Gen Loss: 0.064104 
Train Epoch: 193 [2000/3631 (55%)]	Gen Loss: 0.072824 
Train Epoch: 193 [2100/3631 (58%)]	Gen Loss: 0.066777 
Train Epoch: 193 [2200/3631 (61%)]	Gen Loss: 0.064568 
Train Epoch: 193 [2300/3631 (63%)]	Gen Loss: 0.050631 
Train Epoch: 193 [2400/3631 (66%)]	Gen Loss: 0.072521 
Train Epoch: 193 [2500/3631 (69%)]	Gen Loss: 0.070014 
Train Epoch: 193 [2600/3631 (72%)]	Gen Loss: 0.070756 
Train Epoch: 193 [2700/3631 (74%)]	Gen Loss: 0.058721 
Train Epoch: 193 [2800/3631 (77%)]	Gen Loss: 0.066436 
Train Epoch: 193 [2900/3631 (80%)]	Gen Loss: 0.064568 
Train Epoch: 193 [3000/3631 (83%)]	Gen Loss: 0.061130 
Train Epoch: 193 [3100/3631 (85%)]	Gen Loss: 0.062200 
Train Epoch: 193 [3200/3631 (88%)]	Gen Loss: 0.069748 
Train Epoch: 193 [3300/3631 (91%)]	Gen Loss: 0.076388 
Train Epoch: 193 [3400/3631 (94%)]	Gen Loss: 0.073364 
Train Epoch: 193 [3500/3631 (96%)]	Gen Loss: 0.054732 
Train Epoch: 193 [3600/3631 (99%)]	Gen Loss: 0.065900 
==========Epoch 194==========
Train Epoch: 194 [0/3631 (0%)]	Gen Loss: 0.073559 
Train Epoch: 194 [100/3631 (3%)]	Gen Loss: 0.065960 
Train Epoch: 194 [200/3631 (6%)]	Gen Loss: 0.068414 
Train Epoch: 194 [300/3631 (8%)]	Gen Loss: 0.063661 
Train Epoch: 194 [400/3631 (11%)]	Gen Loss: 0.068379 
Train Epoch: 194 [500/3631 (14%)]	Gen Loss: 0.077624 
Train Epoch: 194 [600/3631 (17%)]	Gen Loss: 0.072077 
Train Epoch: 194 [700/3631 (19%)]	Gen Loss: 0.066485 
Train Epoch: 194 [800/3631 (22%)]	Gen Loss: 0.070667 
Train Epoch: 194 [900/3631 (25%)]	Gen Loss: 0.066338 
Train Epoch: 194 [1000/3631 (28%)]	Gen Loss: 0.062833 
Train Epoch: 194 [1100/3631 (30%)]	Gen Loss: 0.070728 
Train Epoch: 194 [1200/3631 (33%)]	Gen Loss: 0.063527 
Train Epoch: 194 [1300/3631 (36%)]	Gen Loss: 0.073530 
Train Epoch: 194 [1400/3631 (39%)]	Gen Loss: 0.054374 
Train Epoch: 194 [1500/3631 (41%)]	Gen Loss: 0.060737 
Train Epoch: 194 [1600/3631 (44%)]	Gen Loss: 0.063329 
Train Epoch: 194 [1700/3631 (47%)]	Gen Loss: 0.060188 
Train Epoch: 194 [1800/3631 (50%)]	Gen Loss: 0.058357 
Train Epoch: 194 [1900/3631 (52%)]	Gen Loss: 0.064248 
Train Epoch: 194 [2000/3631 (55%)]	Gen Loss: 0.050957 
Train Epoch: 194 [2100/3631 (58%)]	Gen Loss: 0.065828 
Train Epoch: 194 [2200/3631 (61%)]	Gen Loss: 0.069738 
Train Epoch: 194 [2300/3631 (63%)]	Gen Loss: 0.065364 
Train Epoch: 194 [2400/3631 (66%)]	Gen Loss: 0.071541 
Train Epoch: 194 [2500/3631 (69%)]	Gen Loss: 0.051346 
Train Epoch: 194 [2600/3631 (72%)]	Gen Loss: 0.064152 
Train Epoch: 194 [2700/3631 (74%)]	Gen Loss: 0.066901 
Train Epoch: 194 [2800/3631 (77%)]	Gen Loss: 0.068605 
Train Epoch: 194 [2900/3631 (80%)]	Gen Loss: 0.059490 
Train Epoch: 194 [3000/3631 (83%)]	Gen Loss: 0.071552 
Train Epoch: 194 [3100/3631 (85%)]	Gen Loss: 0.062982 
Train Epoch: 194 [3200/3631 (88%)]	Gen Loss: 0.070977 
Train Epoch: 194 [3300/3631 (91%)]	Gen Loss: 0.065712 
Train Epoch: 194 [3400/3631 (94%)]	Gen Loss: 0.060376 
Train Epoch: 194 [3500/3631 (96%)]	Gen Loss: 0.064394 
Train Epoch: 194 [3600/3631 (99%)]	Gen Loss: 0.070895 
==========Epoch 195==========
Train Epoch: 195 [0/3631 (0%)]	Gen Loss: 0.070546 
Train Epoch: 195 [100/3631 (3%)]	Gen Loss: 0.068969 
Train Epoch: 195 [200/3631 (6%)]	Gen Loss: 0.059576 
Train Epoch: 195 [300/3631 (8%)]	Gen Loss: 0.059516 
Train Epoch: 195 [400/3631 (11%)]	Gen Loss: 0.054780 
Train Epoch: 195 [500/3631 (14%)]	Gen Loss: 0.068405 
Train Epoch: 195 [600/3631 (17%)]	Gen Loss: 0.063714 
Train Epoch: 195 [700/3631 (19%)]	Gen Loss: 0.055658 
Train Epoch: 195 [800/3631 (22%)]	Gen Loss: 0.058290 
Train Epoch: 195 [900/3631 (25%)]	Gen Loss: 0.061408 
Train Epoch: 195 [1000/3631 (28%)]	Gen Loss: 0.062848 
Train Epoch: 195 [1100/3631 (30%)]	Gen Loss: 0.064977 
Train Epoch: 195 [1200/3631 (33%)]	Gen Loss: 0.060166 
Train Epoch: 195 [1300/3631 (36%)]	Gen Loss: 0.062008 
Train Epoch: 195 [1400/3631 (39%)]	Gen Loss: 0.071151 
Train Epoch: 195 [1500/3631 (41%)]	Gen Loss: 0.059884 
Train Epoch: 195 [1600/3631 (44%)]	Gen Loss: 0.068707 
Train Epoch: 195 [1700/3631 (47%)]	Gen Loss: 0.071341 
Train Epoch: 195 [1800/3631 (50%)]	Gen Loss: 0.067763 
Train Epoch: 195 [1900/3631 (52%)]	Gen Loss: 0.045324 
Train Epoch: 195 [2000/3631 (55%)]	Gen Loss: 0.060305 
Train Epoch: 195 [2100/3631 (58%)]	Gen Loss: 0.076972 
Train Epoch: 195 [2200/3631 (61%)]	Gen Loss: 0.065676 
Train Epoch: 195 [2300/3631 (63%)]	Gen Loss: 0.072114 
Train Epoch: 195 [2400/3631 (66%)]	Gen Loss: 0.065836 
Train Epoch: 195 [2500/3631 (69%)]	Gen Loss: 0.063408 
Train Epoch: 195 [2600/3631 (72%)]	Gen Loss: 0.064644 
Train Epoch: 195 [2700/3631 (74%)]	Gen Loss: 0.071353 
Train Epoch: 195 [2800/3631 (77%)]	Gen Loss: 0.071438 
Train Epoch: 195 [2900/3631 (80%)]	Gen Loss: 0.071296 
Train Epoch: 195 [3000/3631 (83%)]	Gen Loss: 0.069868 
Train Epoch: 195 [3100/3631 (85%)]	Gen Loss: 0.056726 
Train Epoch: 195 [3200/3631 (88%)]	Gen Loss: 0.061739 
Train Epoch: 195 [3300/3631 (91%)]	Gen Loss: 0.070164 
Train Epoch: 195 [3400/3631 (94%)]	Gen Loss: 0.056307 
Train Epoch: 195 [3500/3631 (96%)]	Gen Loss: 0.068831 
Train Epoch: 195 [3600/3631 (99%)]	Gen Loss: 0.067218 
==========Epoch 196==========
Train Epoch: 196 [0/3631 (0%)]	Gen Loss: 0.056407 
Train Epoch: 196 [100/3631 (3%)]	Gen Loss: 0.062313 
Train Epoch: 196 [200/3631 (6%)]	Gen Loss: 0.054299 
Train Epoch: 196 [300/3631 (8%)]	Gen Loss: 0.052829 
Train Epoch: 196 [400/3631 (11%)]	Gen Loss: 0.061536 
Train Epoch: 196 [500/3631 (14%)]	Gen Loss: 0.060417 
Train Epoch: 196 [600/3631 (17%)]	Gen Loss: 0.062574 
Train Epoch: 196 [700/3631 (19%)]	Gen Loss: 0.077131 
Train Epoch: 196 [800/3631 (22%)]	Gen Loss: 0.060183 
Train Epoch: 196 [900/3631 (25%)]	Gen Loss: 0.065712 
Train Epoch: 196 [1000/3631 (28%)]	Gen Loss: 0.054879 
Train Epoch: 196 [1100/3631 (30%)]	Gen Loss: 0.070385 
Train Epoch: 196 [1200/3631 (33%)]	Gen Loss: 0.068766 
Train Epoch: 196 [1300/3631 (36%)]	Gen Loss: 0.066797 
Train Epoch: 196 [1400/3631 (39%)]	Gen Loss: 0.064588 
Train Epoch: 196 [1500/3631 (41%)]	Gen Loss: 0.063726 
Train Epoch: 196 [1600/3631 (44%)]	Gen Loss: 0.072720 
Train Epoch: 196 [1700/3631 (47%)]	Gen Loss: 0.057217 
Train Epoch: 196 [1800/3631 (50%)]	Gen Loss: 0.056967 
Train Epoch: 196 [1900/3631 (52%)]	Gen Loss: 0.058197 
Train Epoch: 196 [2000/3631 (55%)]	Gen Loss: 0.070929 
Train Epoch: 196 [2100/3631 (58%)]	Gen Loss: 0.054040 
Train Epoch: 196 [2200/3631 (61%)]	Gen Loss: 0.057021 
Train Epoch: 196 [2300/3631 (63%)]	Gen Loss: 0.059077 
Train Epoch: 196 [2400/3631 (66%)]	Gen Loss: 0.067656 
Train Epoch: 196 [2500/3631 (69%)]	Gen Loss: 0.058133 
Train Epoch: 196 [2600/3631 (72%)]	Gen Loss: 0.072602 
Train Epoch: 196 [2700/3631 (74%)]	Gen Loss: 0.059764 
Train Epoch: 196 [2800/3631 (77%)]	Gen Loss: 0.061716 
Train Epoch: 196 [2900/3631 (80%)]	Gen Loss: 0.057094 
Train Epoch: 196 [3000/3631 (83%)]	Gen Loss: 0.078295 
Train Epoch: 196 [3100/3631 (85%)]	Gen Loss: 0.064796 
Train Epoch: 196 [3200/3631 (88%)]	Gen Loss: 0.055436 
Train Epoch: 196 [3300/3631 (91%)]	Gen Loss: 0.064053 
Train Epoch: 196 [3400/3631 (94%)]	Gen Loss: 0.057661 
Train Epoch: 196 [3500/3631 (96%)]	Gen Loss: 0.068861 
Train Epoch: 196 [3600/3631 (99%)]	Gen Loss: 0.065558 
==========Epoch 197==========
Train Epoch: 197 [0/3631 (0%)]	Gen Loss: 0.060389 
Train Epoch: 197 [100/3631 (3%)]	Gen Loss: 0.055298 
Train Epoch: 197 [200/3631 (6%)]	Gen Loss: 0.058605 
Train Epoch: 197 [300/3631 (8%)]	Gen Loss: 0.070779 
Train Epoch: 197 [400/3631 (11%)]	Gen Loss: 0.058327 
Train Epoch: 197 [500/3631 (14%)]	Gen Loss: 0.059441 
Train Epoch: 197 [600/3631 (17%)]	Gen Loss: 0.059098 
Train Epoch: 197 [700/3631 (19%)]	Gen Loss: 0.059839 
Train Epoch: 197 [800/3631 (22%)]	Gen Loss: 0.059545 
Train Epoch: 197 [900/3631 (25%)]	Gen Loss: 0.058753 
Train Epoch: 197 [1000/3631 (28%)]	Gen Loss: 0.057695 
Train Epoch: 197 [1100/3631 (30%)]	Gen Loss: 0.068569 
Train Epoch: 197 [1200/3631 (33%)]	Gen Loss: 0.072630 
Train Epoch: 197 [1300/3631 (36%)]	Gen Loss: 0.066123 
Train Epoch: 197 [1400/3631 (39%)]	Gen Loss: 0.061602 
Train Epoch: 197 [1500/3631 (41%)]	Gen Loss: 0.060053 
Train Epoch: 197 [1600/3631 (44%)]	Gen Loss: 0.079430 
Train Epoch: 197 [1700/3631 (47%)]	Gen Loss: 0.061417 
Train Epoch: 197 [1800/3631 (50%)]	Gen Loss: 0.070948 
Train Epoch: 197 [1900/3631 (52%)]	Gen Loss: 0.063262 
Train Epoch: 197 [2000/3631 (55%)]	Gen Loss: 0.064647 
Train Epoch: 197 [2100/3631 (58%)]	Gen Loss: 0.063307 
Train Epoch: 197 [2200/3631 (61%)]	Gen Loss: 0.086255 
Train Epoch: 197 [2300/3631 (63%)]	Gen Loss: 0.062008 
Train Epoch: 197 [2400/3631 (66%)]	Gen Loss: 0.059850 
Train Epoch: 197 [2500/3631 (69%)]	Gen Loss: 0.058177 
Train Epoch: 197 [2600/3631 (72%)]	Gen Loss: 0.071552 
Train Epoch: 197 [2700/3631 (74%)]	Gen Loss: 0.066525 
Train Epoch: 197 [2800/3631 (77%)]	Gen Loss: 0.060560 
Train Epoch: 197 [2900/3631 (80%)]	Gen Loss: 0.061324 
Train Epoch: 197 [3000/3631 (83%)]	Gen Loss: 0.064840 
Train Epoch: 197 [3100/3631 (85%)]	Gen Loss: 0.063319 
Train Epoch: 197 [3200/3631 (88%)]	Gen Loss: 0.073047 
Train Epoch: 197 [3300/3631 (91%)]	Gen Loss: 0.056798 
Train Epoch: 197 [3400/3631 (94%)]	Gen Loss: 0.057597 
Train Epoch: 197 [3500/3631 (96%)]	Gen Loss: 0.056838 
Train Epoch: 197 [3600/3631 (99%)]	Gen Loss: 0.060883 
==========Epoch 198==========
Train Epoch: 198 [0/3631 (0%)]	Gen Loss: 0.052932 
Train Epoch: 198 [100/3631 (3%)]	Gen Loss: 0.071524 
Train Epoch: 198 [200/3631 (6%)]	Gen Loss: 0.055636 
Train Epoch: 198 [300/3631 (8%)]	Gen Loss: 0.055729 
Train Epoch: 198 [400/3631 (11%)]	Gen Loss: 0.076714 
Train Epoch: 198 [500/3631 (14%)]	Gen Loss: 0.059455 
Train Epoch: 198 [600/3631 (17%)]	Gen Loss: 0.073036 
Train Epoch: 198 [700/3631 (19%)]	Gen Loss: 0.071865 
Train Epoch: 198 [800/3631 (22%)]	Gen Loss: 0.057467 
Train Epoch: 198 [900/3631 (25%)]	Gen Loss: 0.054035 
Train Epoch: 198 [1000/3631 (28%)]	Gen Loss: 0.058542 
Train Epoch: 198 [1100/3631 (30%)]	Gen Loss: 0.060925 
Train Epoch: 198 [1200/3631 (33%)]	Gen Loss: 0.061656 
Train Epoch: 198 [1300/3631 (36%)]	Gen Loss: 0.068144 
Train Epoch: 198 [1400/3631 (39%)]	Gen Loss: 0.068830 
Train Epoch: 198 [1500/3631 (41%)]	Gen Loss: 0.068217 
Train Epoch: 198 [1600/3631 (44%)]	Gen Loss: 0.063209 
Train Epoch: 198 [1700/3631 (47%)]	Gen Loss: 0.066282 
Train Epoch: 198 [1800/3631 (50%)]	Gen Loss: 0.063147 
Train Epoch: 198 [1900/3631 (52%)]	Gen Loss: 0.059938 
Train Epoch: 198 [2000/3631 (55%)]	Gen Loss: 0.055331 
Train Epoch: 198 [2100/3631 (58%)]	Gen Loss: 0.072146 
Train Epoch: 198 [2200/3631 (61%)]	Gen Loss: 0.067734 
Train Epoch: 198 [2300/3631 (63%)]	Gen Loss: 0.062236 
Train Epoch: 198 [2400/3631 (66%)]	Gen Loss: 0.058323 
Train Epoch: 198 [2500/3631 (69%)]	Gen Loss: 0.073312 
Train Epoch: 198 [2600/3631 (72%)]	Gen Loss: 0.060247 
Train Epoch: 198 [2700/3631 (74%)]	Gen Loss: 0.062750 
Train Epoch: 198 [2800/3631 (77%)]	Gen Loss: 0.067940 
Train Epoch: 198 [2900/3631 (80%)]	Gen Loss: 0.073664 
Train Epoch: 198 [3000/3631 (83%)]	Gen Loss: 0.062859 
Train Epoch: 198 [3100/3631 (85%)]	Gen Loss: 0.060548 
Train Epoch: 198 [3200/3631 (88%)]	Gen Loss: 0.072290 
Train Epoch: 198 [3300/3631 (91%)]	Gen Loss: 0.066369 
Train Epoch: 198 [3400/3631 (94%)]	Gen Loss: 0.066315 
Train Epoch: 198 [3500/3631 (96%)]	Gen Loss: 0.064482 
Train Epoch: 198 [3600/3631 (99%)]	Gen Loss: 0.075387 
==========Epoch 199==========
Train Epoch: 199 [0/3631 (0%)]	Gen Loss: 0.070540 
Train Epoch: 199 [100/3631 (3%)]	Gen Loss: 0.068336 
Train Epoch: 199 [200/3631 (6%)]	Gen Loss: 0.075133 
Train Epoch: 199 [300/3631 (8%)]	Gen Loss: 0.073401 
Train Epoch: 199 [400/3631 (11%)]	Gen Loss: 0.075343 
Train Epoch: 199 [500/3631 (14%)]	Gen Loss: 0.062411 
Train Epoch: 199 [600/3631 (17%)]	Gen Loss: 0.064854 
Train Epoch: 199 [700/3631 (19%)]	Gen Loss: 0.057706 
Train Epoch: 199 [800/3631 (22%)]	Gen Loss: 0.058378 
Train Epoch: 199 [900/3631 (25%)]	Gen Loss: 0.058840 
Train Epoch: 199 [1000/3631 (28%)]	Gen Loss: 0.065400 
Train Epoch: 199 [1100/3631 (30%)]	Gen Loss: 0.057573 
Train Epoch: 199 [1200/3631 (33%)]	Gen Loss: 0.070953 
Train Epoch: 199 [1300/3631 (36%)]	Gen Loss: 0.076571 
Train Epoch: 199 [1400/3631 (39%)]	Gen Loss: 0.063096 
Train Epoch: 199 [1500/3631 (41%)]	Gen Loss: 0.061594 
Train Epoch: 199 [1600/3631 (44%)]	Gen Loss: 0.067630 
Train Epoch: 199 [1700/3631 (47%)]	Gen Loss: 0.065816 
Train Epoch: 199 [1800/3631 (50%)]	Gen Loss: 0.065274 
Train Epoch: 199 [1900/3631 (52%)]	Gen Loss: 0.065196 
Train Epoch: 199 [2000/3631 (55%)]	Gen Loss: 0.070408 
Train Epoch: 199 [2100/3631 (58%)]	Gen Loss: 0.055518 
Train Epoch: 199 [2200/3631 (61%)]	Gen Loss: 0.081735 
Train Epoch: 199 [2300/3631 (63%)]	Gen Loss: 0.067622 
Train Epoch: 199 [2400/3631 (66%)]	Gen Loss: 0.058820 
Train Epoch: 199 [2500/3631 (69%)]	Gen Loss: 0.066525 
Train Epoch: 199 [2600/3631 (72%)]	Gen Loss: 0.057516 
Train Epoch: 199 [2700/3631 (74%)]	Gen Loss: 0.082800 
Train Epoch: 199 [2800/3631 (77%)]	Gen Loss: 0.069644 
Train Epoch: 199 [2900/3631 (80%)]	Gen Loss: 0.066695 
Train Epoch: 199 [3000/3631 (83%)]	Gen Loss: 0.057033 
Train Epoch: 199 [3100/3631 (85%)]	Gen Loss: 0.066916 
Train Epoch: 199 [3200/3631 (88%)]	Gen Loss: 0.064693 
Train Epoch: 199 [3300/3631 (91%)]	Gen Loss: 0.055712 
Train Epoch: 199 [3400/3631 (94%)]	Gen Loss: 0.081591 
Train Epoch: 199 [3500/3631 (96%)]	Gen Loss: 0.055319 
Train Epoch: 199 [3600/3631 (99%)]	Gen Loss: 0.070460 
26832.931950092316
