
=============
== PyTorch ==
=============

NVIDIA Release 25.02 (build 143088496)
PyTorch Version 2.7.0a0+ecf3bae
Container image Copyright (c) 2025, NVIDIA CORPORATION & AFFILIATES. All rights reserved.
Copyright (c) 2014-2024 Facebook Inc.
Copyright (c) 2011-2014 Idiap Research Institute (Ronan Collobert)
Copyright (c) 2012-2014 Deepmind Technologies    (Koray Kavukcuoglu)
Copyright (c) 2011-2012 NEC Laboratories America (Koray Kavukcuoglu)
Copyright (c) 2011-2013 NYU                      (Clement Farabet)
Copyright (c) 2006-2010 NEC Laboratories America (Ronan Collobert, Leon Bottou, Iain Melvin, Jason Weston)
Copyright (c) 2006      Idiap Research Institute (Samy Bengio)
Copyright (c) 2001-2004 Idiap Research Institute (Ronan Collobert, Samy Bengio, Johnny Mariethoz)
Copyright (c) 2015      Google Inc.
Copyright (c) 2015      Yangqing Jia
Copyright (c) 2013-2016 The Caffe contributors
All rights reserved.

Various files include modifications (c) NVIDIA CORPORATION & AFFILIATES.  All rights reserved.

This container image and its contents are governed by the NVIDIA Deep Learning Container License.
By pulling and using the container, you accept the terms and conditions of this license:
https://developer.nvidia.com/ngc/nvidia-deep-learning-container-license

2.7.0a0+ecf3bae40a.nv25.02
Loading data
Traj  117 Time  0   1077
Traj  124 Time  0   883
Traj  132 Time  0   889
Traj  139 Time  0   958
Traj  227 Time  0   1191
Traj  229 Time  0   1192
Traj  230 Time  0   1217
Traj  232 Time  0   1091
Traj  233 Time  0   1192
Traj  236 Time  0   1215
Traj  237 Time  0   1200
Traj  238 Time  0   1205
Traj  242 Time  0   1222
Traj  245 Time  0   1208
Traj  246 Time  0   1214
Traj  247 Time  0   562
Traj  248 Time  0   681
Traj  249 Time  0   754
Traj  250 Time  0   365
# of points to test:  18575
===============================================================================================
Layer (type:depth-idx)                        Output Shape              Param #
===============================================================================================
UNet1                                         [1, 1, 256, 512]          --
├─DoubleConv: 1-1                             [1, 64, 256, 64]          --
│    └─Sequential: 2-1                        [1, 64, 256, 64]          --
│    │    └─Conv2d: 3-1                       [1, 64, 256, 64]          23,680
│    │    └─BatchNorm2d: 3-2                  [1, 64, 256, 64]          128
│    │    └─ReLU: 3-3                         [1, 64, 256, 64]          --
│    │    └─Conv2d: 3-4                       [1, 64, 256, 64]          36,928
│    │    └─BatchNorm2d: 3-5                  [1, 64, 256, 64]          128
│    │    └─ReLU: 3-6                         [1, 64, 256, 64]          --
├─Down: 1-2                                   [1, 128, 128, 32]         --
│    └─Sequential: 2-2                        [1, 128, 128, 32]         --
│    │    └─MaxPool2d: 3-7                    [1, 64, 128, 32]          --
│    │    └─DoubleConv: 3-8                   [1, 128, 128, 32]         221,952
├─Down: 1-3                                   [1, 256, 64, 16]          --
│    └─Sequential: 2-3                        [1, 256, 64, 16]          --
│    │    └─MaxPool2d: 3-9                    [1, 128, 64, 16]          --
│    │    └─DoubleConv: 3-10                  [1, 256, 64, 16]          886,272
├─Down: 1-4                                   [1, 512, 32, 8]           --
│    └─Sequential: 2-4                        [1, 512, 32, 8]           --
│    │    └─MaxPool2d: 3-11                   [1, 256, 32, 8]           --
│    │    └─DoubleConv: 3-12                  [1, 512, 32, 8]           3,542,016
├─Down: 1-5                                   [1, 512, 16, 4]           --
│    └─Sequential: 2-5                        [1, 512, 16, 4]           --
│    │    └─MaxPool2d: 3-13                   [1, 512, 16, 4]           --
│    │    └─DoubleConv: 3-14                  [1, 512, 16, 4]           4,721,664
├─Up: 1-6                                     [1, 256, 32, 8]           --
│    └─Upsample: 2-6                          [1, 512, 32, 8]           --
│    └─DoubleConv: 2-7                        [1, 256, 32, 8]           --
│    │    └─Sequential: 3-15                  [1, 256, 32, 8]           5,900,544
├─Up: 1-7                                     [1, 128, 64, 16]          --
│    └─Upsample: 2-8                          [1, 256, 64, 16]          --
│    └─DoubleConv: 2-9                        [1, 128, 64, 16]          --
│    │    └─Sequential: 3-16                  [1, 128, 64, 16]          1,475,712
├─Up: 1-8                                     [1, 64, 128, 32]          --
│    └─Upsample: 2-10                         [1, 128, 128, 32]         --
│    └─DoubleConv: 2-11                       [1, 64, 128, 32]          --
│    │    └─Sequential: 3-17                  [1, 64, 128, 32]          369,216
├─Up: 1-9                                     [1, 64, 256, 64]          --
│    └─Upsample: 2-12                         [1, 64, 256, 64]          --
│    └─DoubleConv: 2-13                       [1, 64, 256, 64]          --
│    │    └─Sequential: 3-18                  [1, 64, 256, 64]          110,976
├─Up_nocat: 1-10                              [1, 64, 256, 128]         --
│    └─Upsample: 2-14                         [1, 64, 256, 128]         --
│    └─DoubleConv: 2-15                       [1, 64, 256, 128]         --
│    │    └─Sequential: 3-19                  [1, 64, 256, 128]         74,112
├─Up_nocat: 1-11                              [1, 64, 256, 256]         --
│    └─Upsample: 2-16                         [1, 64, 256, 256]         --
│    └─DoubleConv: 2-17                       [1, 64, 256, 256]         --
│    │    └─Sequential: 3-20                  [1, 64, 256, 256]         74,112
├─Up_nocat: 1-12                              [1, 64, 256, 512]         --
│    └─Upsample: 2-18                         [1, 64, 256, 512]         --
│    └─DoubleConv: 2-19                       [1, 64, 256, 512]         --
│    │    └─Sequential: 3-21                  [1, 64, 256, 512]         74,112
├─OutConv: 1-13                               [1, 1, 256, 512]          --
│    └─Conv2d: 2-20                           [1, 1, 256, 512]          65
├─Sigmoid: 1-14                               [1, 1, 256, 512]          --
===============================================================================================
Total params: 17,511,617
Trainable params: 17,511,617
Non-trainable params: 0
Total mult-adds (Units.GIGABYTES): 27.31
===============================================================================================
Input size (MB): 2.69
Forward/backward pass size (MB): 590.35
Params size (MB): 70.05
Estimated Total Size (MB): 663.08
===============================================================================================
Loading best checkpoint: ./logs/baseline_1_20260225-184801/best.pt_gen
117_40
117_41
117_42
117_43
117_44
117_45
117_46
117_47
117_48
117_49
117_50
117_51
117_52
117_53
117_54
117_55
117_56
117_57
117_58
117_59
117_60
117_61
117_62
117_63
117_64
117_65
117_66
117_67
117_68
117_69
117_70
117_71
117_72
117_73
117_74
117_75
117_76
117_77
117_78
117_79
117_80
117_81
117_82
117_83
117_84
117_85
117_86
117_87
117_88
117_89
117_90
117_91
117_92
117_93
117_94
117_95
117_96
117_97
117_98
117_99
117_100
117_101
117_102
117_103
117_104
117_105
117_106
117_107
117_108
117_109
117_110
117_111
117_112
117_113
117_114
117_115
117_116
117_117
117_118
117_119
117_120
117_121
117_122
117_123
117_124
117_125
117_126
117_127
117_128
117_129
117_130
117_131
117_132
117_133
117_134
117_135
117_136
117_137
117_138
117_139
117_140
117_141
117_142
117_143
117_144
117_145
117_146
117_147
117_148
117_149
117_150
117_151
117_152
117_153
117_154
117_155
117_156
117_157
117_158
117_159
117_160
117_161
117_162
117_163
117_164
117_165
117_166
117_167
117_168
117_169
117_170
117_171
117_172
117_173
117_174
117_175
117_176
117_177
117_178
117_179
117_180
117_181
117_182
117_183
117_184
117_185
117_186
117_187
117_188
117_189
117_190
117_191
117_192
117_193
117_194
117_195
117_196
117_197
117_198
117_199
117_200
117_201
117_202
117_203
117_204
117_205
117_206
117_207
117_208
117_209
117_210
117_211
117_212
117_213
117_214
117_215
117_216
117_217
117_218
117_219
117_220
117_221
117_222
117_223
117_224
117_225
117_226
117_227
117_228
117_229
117_230
117_231
117_232
117_233
117_234
117_235
117_236
117_237
117_238
117_239
117_240
117_241
117_242
117_243
117_244
117_245
117_246
117_247
117_248
117_249
117_250
117_251
117_252
117_253
117_254
117_255
117_256
117_257
117_258
117_259
117_260
117_261
117_262
117_263
117_264
117_265
117_266
117_267
117_268
117_269
117_270
117_271
117_272
117_273
117_274
117_275
117_276
117_277
117_278
117_279
117_280
117_281
117_282
117_283
117_284
117_285
117_286
117_287
117_288
117_289
117_290
117_291
117_292
117_293
117_294
117_295
117_296
117_297
117_298
117_299
117_300
117_301
117_302
117_303
117_304
117_305
117_306
117_307
117_308
117_309
117_310
117_311
117_312
117_313
117_314
117_315
117_316
117_317
117_318
117_319
117_320
117_321
117_322
117_323
117_324
117_325
117_326
117_327
117_328
117_329
117_330
117_331
117_332
117_333
117_334
117_335
117_336
117_337
117_338
117_339
117_340
117_341
117_342
117_343
117_344
117_345
117_346
117_347
117_348
117_349
117_350
117_351
117_352
117_353
117_354
117_355
117_356
117_357
117_358
117_359
117_360
117_361
117_362
117_363
117_364
117_365
117_366
117_367
117_368
117_369
117_370
117_371
117_372
117_373
117_374
117_375
117_376
117_377
117_378
117_379
117_380
117_381
117_382
117_383
117_384
117_385
117_386
117_387
117_388
117_389
117_390
117_391
117_392
117_393
117_394
117_395
117_396
117_397
117_398
117_399
117_400
117_401
117_402
117_403
117_404
117_405
117_406
117_407
117_408
117_409
117_410
117_411
117_412
117_413
117_414
117_415
117_416
117_417
117_418
117_419
117_420
117_421
117_422
117_423
117_424
117_425
117_426
117_427
117_428
117_429
117_430
117_431
117_432
117_433
117_434
117_435
117_436
117_437
117_438
117_439
117_440
117_441
117_442
117_443
117_444
117_445
117_446
117_447
117_448
117_449
117_450
117_451
117_452
117_453
117_454
117_455
117_456
117_457
117_458
117_459
117_460
117_461
117_462
117_463
117_464
117_465
117_466
117_467
117_468
117_469
117_470
117_471
117_472
117_473
117_474
117_475
117_476
117_477
117_478
117_479
117_480
117_481
117_482
117_483
117_484
117_485
117_486
117_487
117_488
117_489
117_490
117_491
117_492
117_493
117_494
117_495
117_496
117_497
117_498
117_499
117_500
117_501
117_502
117_503
117_504
117_505
117_506
117_507
117_508
117_509
117_510
117_511
117_512
117_513
117_514
117_515
117_516
117_517
117_518
117_519
117_520
117_521
117_522
117_523
117_524
117_525
117_526
117_527
117_528
117_529
117_530
117_531
117_532
117_533
117_534
117_535
117_536
117_537
117_538
117_539
117_540
117_541
117_542
117_543
117_544
117_545
117_546
117_547
117_548
117_549
117_550
117_551
117_552
117_553
117_554
117_555
117_556
117_557
117_558
117_559
117_560
117_561
117_562
117_563
117_564
117_565
117_566
117_567
117_568
117_569
117_570
117_571
117_572
117_573
117_574
117_575
117_576
117_577
117_578
117_579
117_580
117_581
117_582
117_583
117_584
117_585
117_586
117_587
117_588
117_589
117_590
117_591
117_592
117_593
117_594
117_595
117_596
117_597
117_598
117_599
117_600
117_601
117_602
117_603
117_604
117_605
117_606
117_607
117_608
117_609
117_610
117_611
117_612
117_613
117_614
117_615
117_616
117_617
117_618
117_619
117_620
117_621
117_622
117_623
117_624
117_625
117_626
117_627
117_628
117_629
117_630
117_631
117_632
117_633
117_634
117_635
117_636
117_637
117_638
117_639
117_640
117_641
117_642
117_643
117_644
117_645
117_646
117_647
117_648
117_649
117_650
117_651
117_652
117_653
117_654
117_655
117_656
117_657
117_658
117_659
117_660
117_661
117_662
117_663
117_664
117_665
117_666
117_667
117_668
117_669
117_670
117_671
117_672
117_673
117_674
117_675
117_676
117_677
117_678
117_679
117_680
117_681
117_682
117_683
117_684
117_685
117_686
117_687
117_688
117_689
117_690
117_691
117_692
117_693
117_694
117_695
117_696
117_697
117_698
117_699
117_700
117_701
117_702
117_703
117_704
117_705
117_706
117_707
117_708
117_709
117_710
117_711
117_712
117_713
117_714
117_715
117_716
117_717
117_718
117_719
117_720
117_721
117_722
117_723
117_724
117_725
117_726
117_727
117_728
117_729
117_730
117_731
117_732
117_733
117_734
117_735
117_736
117_737
117_738
117_739
117_740
117_741
117_742
117_743
117_744
117_745
117_746
117_747
117_748
117_749
117_750
117_751
117_752
117_753
117_754
117_755
117_756
117_757
117_758
117_759
117_760
117_761
117_762
117_763
117_764
117_765
117_766
117_767
117_768
117_769
117_770
117_771
117_772
117_773
117_774
117_775
117_776
117_777
117_778
117_779
117_780
117_781
117_782
117_783
117_784
117_785
117_786
117_787
117_788
117_789
117_790
117_791
117_792
117_793
117_794
117_795
117_796
117_797
117_798
117_799
117_800
117_801
117_802
117_803
117_804
117_805
117_806
117_807
117_808
117_809
117_810
117_811
117_812
117_813
117_814
117_815
117_816
117_817
117_818
117_819
117_820
117_821
117_822
117_823
117_824
117_825
117_826
117_827
117_828
117_829
117_830
117_831
117_832
117_833
117_834
117_835
117_836
117_837
117_838
117_839
117_840
117_841
117_842
117_843
117_844
117_845
117_846
117_847
117_848
117_849
117_850
117_851
117_852
117_853
117_854
117_855
117_856
117_857
117_858
117_859
117_860
117_861
117_862
117_863
117_864
117_865
117_866
117_867
117_868
117_869
117_870
117_871
117_872
117_873
117_874
117_875
117_876
117_877
117_878
117_879
117_880
117_881
117_882
117_883
117_884
117_885
117_886
117_887
117_888
117_889
117_890
117_891
117_892
117_893
117_894
117_895
117_896
117_897
117_898
117_899
117_900
117_901
117_902
117_903
117_904
117_905
117_906
117_907
117_908
117_909
117_910
117_911
117_912
117_913
117_914
117_915
117_916
117_917
117_918
117_919
117_920
117_921
117_922
117_923
117_924
117_925
117_926
117_927
117_928
117_929
117_930
117_931
117_932
117_933
117_934
117_935
117_936
117_937
117_938
117_939
117_940
117_941
117_942
117_943
117_944
117_945
117_946
117_947
117_948
117_949
117_950
117_951
117_952
117_953
117_954
117_955
117_956
117_957
117_958
117_959
117_960
117_961
117_962
117_963
117_964
117_965
117_966
117_967
117_968
117_969
117_970
117_971
117_972
117_973
117_974
117_975
117_976
117_977
117_978
117_979
117_980
117_981
117_982
117_983
117_984
117_985
117_986
117_987
117_988
117_989
117_990
117_991
117_992
117_993
117_994
117_995
117_996
117_997
117_998
117_999
117_1000
117_1001
117_1002
117_1003
117_1004
117_1005
117_1006
117_1007
117_1008
117_1009
117_1010
117_1011
117_1012
117_1013
117_1014
117_1015
117_1016
117_1017
117_1018
117_1019
117_1020
117_1021
117_1022
117_1023
117_1024
117_1025
117_1026
117_1027
117_1028
117_1029
117_1030
117_1031
117_1032
117_1033
117_1034
117_1035
117_1036
117_1037
117_1038
117_1039
117_1040
117_1041
117_1042
117_1043
117_1044
117_1045
117_1046
117_1047
117_1048
117_1049
117_1050
117_1051
117_1052
117_1053
117_1054
117_1055
117_1056
117_1057
117_1058
117_1059
117_1060
117_1061
117_1062
117_1063
117_1064
117_1065
117_1066
117_1067
117_1068
117_1069
117_1070
117_1071
117_1072
117_1073
117_1074
117_1075
117_1076
117_1077
124_40
124_41
124_42
124_43
124_44
124_45
124_46
124_47
124_48
124_49
124_50
124_51
124_52
124_53
124_54
124_55
124_56
124_57
124_58
124_59
124_60
124_61
124_62
124_63
124_64
124_65
124_66
124_67
124_68
124_69
124_70
124_71
124_72
124_73
124_74
124_75
124_76
124_77
124_78
124_79
124_80
124_81
124_82
124_83
124_84
124_85
124_86
124_87
124_88
124_89
124_90
124_91
124_92
124_93
124_94
124_95
124_96
124_97
124_98
124_99
124_100
124_101
124_102
124_103
124_104
124_105
124_106
124_107
124_108
124_109
124_110
124_111
124_112
124_113
124_114
124_115
124_116
124_117
124_118
124_119
124_120
124_121
124_122
124_123
124_124
124_125
124_126
124_127
124_128
124_129
124_130
124_131
124_132
124_133
124_134
124_135
124_136
124_137
124_138
124_139
124_140
124_141
124_142
124_143
124_144
124_145
124_146
124_147
124_148
124_149
124_150
124_151
124_152
124_153
124_154
124_155
124_156
124_157
124_158
124_159
124_160
124_161
124_162
124_163
124_164
124_165
124_166
124_167
124_168
124_169
124_170
124_171
124_172
124_173
124_174
124_175
124_176
124_177
124_178
124_179
124_180
124_181
124_182
124_183
124_184
124_185
124_186
124_187
124_188
124_189
124_190
124_191
124_192
124_193
124_194
124_195
124_196
124_197
124_198
124_199
124_200
124_201
124_202
124_203
124_204
124_205
124_206
124_207
124_208
124_209
124_210
124_211
124_212
124_213
124_214
124_215
124_216
124_217
124_218
124_219
124_220
124_221
124_222
124_223
124_224
124_225
124_226
124_227
124_228
124_229
124_230
124_231
124_232
124_233
124_234
124_235
124_236
124_237
124_238
124_239
124_240
124_241
124_242
124_243
124_244
124_245
124_246
124_247
124_248
124_249
124_250
124_251
124_252
124_253
124_254
124_255
124_256
124_257
124_258
124_259
124_260
124_261
124_262
124_263
124_264
124_265
124_266
124_267
124_268
124_269
124_270
124_271
124_272
124_273
124_274
124_275
124_276
124_277
124_278
124_279
124_280
124_281
124_282
124_283
124_284
124_285
124_286
124_287
124_288
124_289
124_290
124_291
124_292
124_293
124_294
124_295
124_296
124_297
124_298
124_299
124_300
124_301
124_302
124_303
124_304
124_305
124_306
124_307
124_308
124_309
124_310
124_311
124_312
124_313
124_314
124_315
124_316
124_317
124_318
124_319
124_320
124_321
124_322
124_323
124_324
124_325
124_326
124_327
124_328
124_329
124_330
124_331
124_332
124_333
124_334
124_335
124_336
124_337
124_338
124_339
124_340
124_341
124_342
124_343
124_344
124_345
124_346
124_347
124_348
124_349
124_350
124_351
124_352
124_353
124_354
124_355
124_356
124_357
124_358
124_359
124_360
124_361
124_362
124_363
124_364
124_365
124_366
124_367
124_368
124_369
124_370
124_371
124_372
124_373
124_374
124_375
124_376
124_377
124_378
124_379
124_380
124_381
124_382
124_383
124_384
124_385
124_386
124_387
124_388
124_389
124_390
124_391
124_392
124_393
124_394
124_395
124_396
124_397
124_398
124_399
124_400
124_401
124_402
124_403
124_404
124_405
124_406
124_407
124_408
124_409
124_410
124_411
124_412
124_413
124_414
124_415
124_416
124_417
124_418
124_419
124_420
124_421
124_422
124_423
124_424
124_425
124_426
124_427
124_428
124_429
124_430
124_431
124_432
124_433
124_434
124_435
124_436
124_437
124_438
124_439
124_440
124_441
124_442
124_443
124_444
124_445
124_446
124_447
124_448
124_449
124_450
124_451
124_452
124_453
124_454
124_455
124_456
124_457
124_458
124_459
124_460
124_461
124_462
124_463
124_464
124_465
124_466
124_467
124_468
124_469
124_470
124_471
124_472
124_473
124_474
124_475
124_476
124_477
124_478
124_479
124_480
124_481
124_482
124_483
124_484
124_485
124_486
124_487
124_488
124_489
124_490
124_491
124_492
124_493
124_494
124_495
124_496
124_497
124_498
124_499
124_500
124_501
124_502
124_503
124_504
124_505
124_506
124_507
124_508
124_509
124_510
124_511
124_512
124_513
124_514
124_515
124_516
124_517
124_518
124_519
124_520
124_521
124_522
124_523
124_524
124_525
124_526
124_527
124_528
124_529
124_530
124_531
124_532
124_533
124_534
124_535
124_536
124_537
124_538
124_539
124_540
124_541
124_542
124_543
124_544
124_545
124_546
124_547
124_548
124_549
124_550
124_551
124_552
124_553
124_554
124_555
124_556
124_557
124_558
124_559
124_560
124_561
124_562
124_563
124_564
124_565
124_566
124_567
124_568
124_569
124_570
124_571
124_572
124_573
124_574
124_575
124_576
124_577
124_578
124_579
124_580
124_581
124_582
124_583
124_584
124_585
124_586
124_587
124_588
124_589
124_590
124_591
124_592
124_593
124_594
124_595
124_596
124_597
124_598
124_599
124_600
124_601
124_602
124_603
124_604
124_605
124_606
124_607
124_608
124_609
124_610
124_611
124_612
124_613
124_614
124_615
124_616
124_617
124_618
124_619
124_620
124_621
124_622
124_623
124_624
124_625
124_626
124_627
124_628
124_629
124_630
124_631
124_632
124_633
124_634
124_635
124_636
124_637
124_638
124_639
124_640
124_641
124_642
124_643
124_644
124_645
124_646
124_647
124_648
124_649
124_650
124_651
124_652
124_653
124_654
124_655
124_656
124_657
124_658
124_659
124_660
124_661
124_662
124_663
124_664
124_665
124_666
124_667
124_668
124_669
124_670
124_671
124_672
124_673
124_674
124_675
124_676
124_677
124_678
124_679
124_680
124_681
124_682
124_683
124_684
124_685
124_686
124_687
124_688
124_689
124_690
124_691
124_692
124_693
124_694
124_695
124_696
124_697
124_698
124_699
124_700
124_701
124_702
124_703
124_704
124_705
124_706
124_707
124_708
124_709
124_710
124_711
124_712
124_713
124_714
124_715
124_716
124_717
124_718
124_719
124_720
124_721
124_722
124_723
124_724
124_725
124_726
124_727
124_728
124_729
124_730
124_731
124_732
124_733
124_734
124_735
124_736
124_737
124_738
124_739
124_740
124_741
124_742
124_743
124_744
124_745
124_746
124_747
124_748
124_749
124_750
124_751
124_752
124_753
124_754
124_755
124_756
124_757
124_758
124_759
124_760
124_761
124_762
124_763
124_764
124_765
124_766
124_767
124_768
124_769
124_770
124_771
124_772
124_773
124_774
124_775
124_776
124_777
124_778
124_779
124_780
124_781
124_782
124_783
124_784
124_785
124_786
124_787
124_788
124_789
124_790
124_791
124_792
124_793
124_794
124_795
124_796
124_797
124_798
124_799
124_800
124_801
124_802
124_803
124_804
124_805
124_806
124_807
124_808
124_809
124_810
124_811
124_812
124_813
124_814
124_815
124_816
124_817
124_818
124_819
124_820
124_821
124_822
124_823
124_824
124_825
124_826
124_827
124_828
124_829
124_830
124_831
124_832
124_833
124_834
124_835
124_836
124_837
124_838
124_839
124_840
124_841
124_842
124_843
124_844
124_845
124_846
124_847
124_848
124_849
124_850
124_851
124_852
124_853
124_854
124_855
124_856
124_857
124_858
124_859
124_860
124_861
124_862
124_863
124_864
124_865
124_866
124_867
124_868
124_869
124_870
124_871
124_872
124_873
124_874
124_875
124_876
124_877
124_878
124_879
124_880
124_881
124_882
124_883
132_40
132_41
132_42
132_43
132_44
132_45
132_46
132_47
132_48
132_49
132_50
132_51
132_52
132_53
132_54
132_55
132_56
132_57
132_58
132_59
132_60
132_61
132_62
132_63
132_64
132_65
132_66
132_67
132_68
132_69
132_70
132_71
132_72
132_73
132_74
132_75
132_76
132_77
132_78
132_79
132_80
132_81
132_82
132_83
132_84
132_85
132_86
132_87
132_88
132_89
132_90
132_91
132_92
132_93
132_94
132_95
132_96
132_97
132_98
132_99
132_100
132_101
132_102
132_103
132_104
132_105
132_106
132_107
132_108
132_109
132_110
132_111
132_112
132_113
132_114
132_115
132_116
132_117
132_118
132_119
132_120
132_121
132_122
132_123
132_124
132_125
132_126
132_127
132_128
132_129
132_130
132_131
132_132
132_133
132_134
132_135
132_136
132_137
132_138
132_139
132_140
132_141
132_142
132_143
132_144
132_145
132_146
132_147
132_148
132_149
132_150
132_151
132_152
132_153
132_154
132_155
132_156
132_157
132_158
132_159
132_160
132_161
132_162
132_163
132_164
132_165
132_166
132_167
132_168
132_169
132_170
132_171
132_172
132_173
132_174
132_175
132_176
132_177
132_178
132_179
132_180
132_181
132_182
132_183
132_184
132_185
132_186
132_187
132_188
132_189
132_190
132_191
132_192
132_193
132_194
132_195
132_196
132_197
132_198
132_199
132_200
132_201
132_202
132_203
132_204
132_205
132_206
132_207
132_208
132_209
132_210
132_211
132_212
132_213
132_214
132_215
132_216
132_217
132_218
132_219
132_220
132_221
132_222
132_223
132_224
132_225
132_226
132_227
132_228
132_229
132_230
132_231
132_232
132_233
132_234
132_235
132_236
132_237
132_238
132_239
132_240
132_241
132_242
132_243
132_244
132_245
132_246
132_247
132_248
132_249
132_250
132_251
132_252
132_253
132_254
132_255
132_256
132_257
132_258
132_259
132_260
132_261
132_262
132_263
132_264
132_265
132_266
132_267
132_268
132_269
132_270
132_271
132_272
132_273
132_274
132_275
132_276
132_277
132_278
132_279
132_280
132_281
132_282
132_283
132_284
132_285
132_286
132_287
132_288
132_289
132_290
132_291
132_292
132_293
132_294
132_295
132_296
132_297
132_298
132_299
132_300
132_301
132_302
132_303
132_304
132_305
132_306
132_307
132_308
132_309
132_310
132_311
132_312
132_313
132_314
132_315
132_316
132_317
132_318
132_319
132_320
132_321
132_322
132_323
132_324
132_325
132_326
132_327
132_328
132_329
132_330
132_331
132_332
132_333
132_334
132_335
132_336
132_337
132_338
132_339
132_340
132_341
132_342
132_343
132_344
132_345
132_346
132_347
132_348
132_349
132_350
132_351
132_352
132_353
132_354
132_355
132_356
132_357
132_358
132_359
132_360
132_361
132_362
132_363
132_364
132_365
132_366
132_367
132_368
132_369
132_370
132_371
132_372
132_373
132_374
132_375
132_376
132_377
132_378
132_379
132_380
132_381
132_382
132_383
132_384
132_385
132_386
132_387
132_388
132_389
132_390
132_391
132_392
132_393
132_394
132_395
132_396
132_397
132_398
132_399
132_400
132_401
132_402
132_403
132_404
132_405
132_406
132_407
132_408
132_409
132_410
132_411
132_412
132_413
132_414
132_415
132_416
132_417
132_418
132_419
132_420
132_421
132_422
132_423
132_424
132_425
132_426
132_427
132_428
132_429
132_430
132_431
132_432
132_433
132_434
132_435
132_436
132_437
132_438
132_439
132_440
132_441
132_442
132_443
132_444
132_445
132_446
132_447
132_448
132_449
132_450
132_451
132_452
132_453
132_454
132_455
132_456
132_457
132_458
132_459
132_460
132_461
132_462
132_463
132_464
132_465
132_466
132_467
132_468
132_469
132_470
132_471
132_472
132_473
132_474
132_475
132_476
132_477
132_478
132_479
132_480
132_481
132_482
132_483
132_484
132_485
132_486
132_487
132_488
132_489
132_490
132_491
132_492
132_493
132_494
132_495
132_496
132_497
132_498
132_499
132_500
132_501
132_502
132_503
132_504
132_505
132_506
132_507
132_508
132_509
132_510
132_511
132_512
132_513
132_514
132_515
132_516
132_517
132_518
132_519
132_520
132_521
132_522
132_523
132_524
132_525
132_526
132_527
132_528
132_529
132_530
132_531
132_532
132_533
132_534
132_535
132_536
132_537
132_538
132_539
132_540
132_541
132_542
132_543
132_544
132_545
132_546
132_547
132_548
132_549
132_550
132_551
132_552
132_553
132_554
132_555
132_556
132_557
132_558
132_559
132_560
132_561
132_562
132_563
132_564
132_565
132_566
132_567
132_568
132_569
132_570
132_571
132_572
132_573
132_574
132_575
132_576
132_577
132_578
132_579
132_580
132_581
132_582
132_583
132_584
132_585
132_586
132_587
132_588
132_589
132_590
132_591
132_592
132_593
132_594
132_595
132_596
132_597
132_598
132_599
132_600
132_601
132_602
132_603
132_604
132_605
132_606
132_607
132_608
132_609
132_610
132_611
132_612
132_613
132_614
132_615
132_616
132_617
132_618
132_619
132_620
132_621
132_622
132_623
132_624
132_625
132_626
132_627
132_628
132_629
132_630
132_631
132_632
132_633
132_634
132_635
132_636
132_637
132_638
132_639
132_640
132_641
132_642
132_643
132_644
132_645
132_646
132_647
132_648
132_649
132_650
132_651
132_652
132_653
132_654
132_655
132_656
132_657
132_658
132_659
132_660
132_661
132_662
132_663
132_664
132_665
132_666
132_667
132_668
132_669
132_670
132_671
132_672
132_673
132_674
132_675
132_676
132_677
132_678
132_679
132_680
132_681
132_682
132_683
132_684
132_685
132_686
132_687
132_688
132_689
132_690
132_691
132_692
132_693
132_694
132_695
132_696
132_697
132_698
132_699
132_700
132_701
132_702
132_703
132_704
132_705
132_706
132_707
132_708
132_709
132_710
132_711
132_712
132_713
132_714
132_715
132_716
132_717
132_718
132_719
132_720
132_721
132_722
132_723
132_724
132_725
132_726
132_727
132_728
132_729
132_730
132_731
132_732
132_733
132_734
132_735
132_736
132_737
132_738
132_739
132_740
132_741
132_742
132_743
132_744
132_745
132_746
132_747
132_748
132_749
132_750
132_751
132_752
132_753
132_754
132_755
132_756
132_757
132_758
132_759
132_760
132_761
132_762
132_763
132_764
132_765
132_766
132_767
132_768
132_769
132_770
132_771
132_772
132_773
132_774
132_775
132_776
132_777
132_778
132_779
132_780
132_781
132_782
132_783
132_784
132_785
132_786
132_787
132_788
132_789
132_790
132_791
132_792
132_793
132_794
132_795
132_796
132_797
132_798
132_799
132_800
132_801
132_802
132_803
132_804
132_805
132_806
132_807
132_808
132_809
132_810
132_811
132_812
132_813
132_814
132_815
132_816
132_817
132_818
132_819
132_820
132_821
132_822
132_823
132_824
132_825
132_826
132_827
132_828
132_829
132_830
132_831
132_832
132_833
132_834
132_835
132_836
132_837
132_838
132_839
132_840
132_841
132_842
132_843
132_844
132_845
132_846
132_847
132_848
132_849
132_850
132_851
132_852
132_853
132_854
132_855
132_856
132_857
132_858
132_859
132_860
132_861
132_862
132_863
132_864
132_865
132_866
132_867
132_868
132_869
132_870
132_871
132_872
132_873
132_874
132_875
132_876
132_877
132_878
132_879
132_880
132_881
132_882
132_883
132_884
132_885
132_886
132_887
132_888
132_889
139_40
139_41
139_42
139_43
139_44
139_45
139_46
139_47
139_48
139_49
139_50
139_51
139_52
139_53
139_54
139_55
139_56
139_57
139_58
139_59
139_60
139_61
139_62
139_63
139_64
139_65
139_66
139_67
139_68
139_69
139_70
139_71
139_72
139_73
139_74
139_75
139_76
139_77
139_78
139_79
139_80
139_81
139_82
139_83
139_84
139_85
139_86
139_87
139_88
139_89
139_90
139_91
139_92
139_93
139_94
139_95
139_96
139_97
139_98
139_99
139_100
139_101
139_102
139_103
139_104
139_105
139_106
139_107
139_108
139_109
139_110
139_111
139_112
139_113
139_114
139_115
139_116
139_117
139_118
139_119
139_120
139_121
139_122
139_123
139_124
139_125
139_126
139_127
139_128
139_129
139_130
139_131
139_132
139_133
139_134
139_135
139_136
139_137
139_138
139_139
139_140
139_141
139_142
139_143
139_144
139_145
139_146
139_147
139_148
139_149
139_150
139_151
139_152
139_153
139_154
139_155
139_156
139_157
139_158
139_159
139_160
139_161
139_162
139_163
139_164
139_165
139_166
139_167
139_168
139_169
139_170
139_171
139_172
139_173
139_174
139_175
139_176
139_177
139_178
139_179
139_180
139_181
139_182
139_183
139_184
139_185
139_186
139_187
139_188
139_189
139_190
139_191
139_192
139_193
139_194
139_195
139_196
139_197
139_198
139_199
139_200
139_201
139_202
139_203
139_204
139_205
139_206
139_207
139_208
139_209
139_210
139_211
139_212
139_213
139_214
139_215
139_216
139_217
139_218
139_219
139_220
139_221
139_222
139_223
139_224
139_225
139_226
139_227
139_228
139_229
139_230
139_231
139_232
139_233
139_234
139_235
139_236
139_237
139_238
139_239
139_240
139_241
139_242
139_243
139_244
139_245
139_246
139_247
139_248
139_249
139_250
139_251
139_252
139_253
139_254
139_255
139_256
139_257
139_258
139_259
139_260
139_261
139_262
139_263
139_264
139_265
139_266
139_267
139_268
139_269
139_270
139_271
139_272
139_273
139_274
139_275
139_276
139_277
139_278
139_279
139_280
139_281
139_282
139_283
139_284
139_285
139_286
139_287
139_288
139_289
139_290
139_291
139_292
139_293
139_294
139_295
139_296
139_297
139_298
139_299
139_300
139_301
139_302
139_303
139_304
139_305
139_306
139_307
139_308
139_309
139_310
139_311
139_312
139_313
139_314
139_315
139_316
139_317
139_318
139_319
139_320
139_321
139_322
139_323
139_324
139_325
139_326
139_327
139_328
139_329
139_330
139_331
139_332
139_333
139_334
139_335
139_336
139_337
139_338
139_339
139_340
139_341
139_342
139_343
139_344
139_345
139_346
139_347
139_348
139_349
139_350
139_351
139_352
139_353
139_354
139_355
139_356
139_357
139_358
139_359
139_360
139_361
139_362
139_363
139_364
139_365
139_366
139_367
139_368
139_369
139_370
139_371
139_372
139_373
139_374
139_375
139_376
139_377
139_378
139_379
139_380
139_381
139_382
139_383
139_384
139_385
139_386
139_387
139_388
139_389
139_390
139_391
139_392
139_393
139_394
139_395
139_396
139_397
139_398
139_399
139_400
139_401
139_402
139_403
139_404
139_405
139_406
139_407
139_408
139_409
139_410
139_411
139_412
139_413
139_414
139_415
139_416
139_417
139_418
139_419
139_420
139_421
139_422
139_423
139_424
139_425
139_426
139_427
139_428
139_429
139_430
139_431
139_432
139_433
139_434
139_435
139_436
139_437
139_438
139_439
139_440
139_441
139_442
139_443
139_444
139_445
139_446
139_447
139_448
139_449
139_450
139_451
139_452
139_453
139_454
139_455
139_456
139_457
139_458
139_459
139_460
139_461
139_462
139_463
139_464
139_465
139_466
139_467
139_468
139_469
139_470
139_471
139_472
139_473
139_474
139_475
139_476
139_477
139_478
139_479
139_480
139_481
139_482
139_483
139_484
139_485
139_486
139_487
139_488
139_489
139_490
139_491
139_492
139_493
139_494
139_495
139_496
139_497
139_498
139_499
139_500
139_501
139_502
139_503
139_504
139_505
139_506
139_507
139_508
139_509
139_510
139_511
139_512
139_513
139_514
139_515
139_516
139_517
139_518
139_519
139_520
139_521
139_522
139_523
139_524
139_525
139_526
139_527
139_528
139_529
139_530
139_531
139_532
139_533
139_534
139_535
139_536
139_537
139_538
139_539
139_540
139_541
139_542
139_543
139_544
139_545
139_546
139_547
139_548
139_549
139_550
139_551
139_552
139_553
139_554
139_555
139_556
139_557
139_558
139_559
139_560
139_561
139_562
139_563
139_564
139_565
139_566
139_567
139_568
139_569
139_570
139_571
139_572
139_573
139_574
139_575
139_576
139_577
139_578
139_579
139_580
139_581
139_582
139_583
139_584
139_585
139_586
139_587
139_588
139_589
139_590
139_591
139_592
139_593
139_594
139_595
139_596
139_597
139_598
139_599
139_600
139_601
139_602
139_603
139_604
139_605
139_606
139_607
139_608
139_609
139_610
139_611
139_612
139_613
139_614
139_615
139_616
139_617
139_618
139_619
139_620
139_621
139_622
139_623
139_624
139_625
139_626
139_627
139_628
139_629
139_630
139_631
139_632
139_633
139_634
139_635
139_636
139_637
139_638
139_639
139_640
139_641
139_642
139_643
139_644
139_645
139_646
139_647
139_648
139_649
139_650
139_651
139_652
139_653
139_654
139_655
139_656
139_657
139_658
139_659
139_660
139_661
139_662
139_663
139_664
139_665
139_666
139_667
139_668
139_669
139_670
139_671
139_672
139_673
139_674
139_675
139_676
139_677
139_678
139_679
139_680
139_681
139_682
139_683
139_684
139_685
139_686
139_687
139_688
139_689
139_690
139_691
139_692
139_693
139_694
139_695
139_696
139_697
139_698
139_699
139_700
139_701
139_702
139_703
139_704
139_705
139_706
139_707
139_708
139_709
139_710
139_711
139_712
139_713
139_714
139_715
139_716
139_717
139_718
139_719
139_720
139_721
139_722
139_723
139_724
139_725
139_726
139_727
139_728
139_729
139_730
139_731
139_732
139_733
139_734
139_735
139_736
139_737
139_738
139_739
139_740
139_741
139_742
139_743
139_744
139_745
139_746
139_747
139_748
139_749
139_750
139_751
139_752
139_753
139_754
139_755
139_756
139_757
139_758
139_759
139_760
139_761
139_762
139_763
139_764
139_765
139_766
139_767
139_768
139_769
139_770
139_771
139_772
139_773
139_774
139_775
139_776
139_777
139_778
139_779
139_780
139_781
139_782
139_783
139_784
139_785
139_786
139_787
139_788
139_789
139_790
139_791
139_792
139_793
139_794
139_795
139_796
139_797
139_798
139_799
139_800
139_801
139_802
139_803
139_804
139_805
139_806
139_807
139_808
139_809
139_810
139_811
139_812
139_813
139_814
139_815
139_816
139_817
139_818
139_819
139_820
139_821
139_822
139_823
139_824
139_825
139_826
139_827
139_828
139_829
139_830
139_831
139_832
139_833
139_834
139_835
139_836
139_837
139_838
139_839
139_840
139_841
139_842
139_843
139_844
139_845
139_846
139_847
139_848
139_849
139_850
139_851
139_852
139_853
139_854
139_855
139_856
139_857
139_858
139_859
139_860
139_861
139_862
139_863
139_864
139_865
139_866
139_867
139_868
139_869
139_870
139_871
139_872
139_873
139_874
139_875
139_876
139_877
139_878
139_879
139_880
139_881
139_882
139_883
139_884
139_885
139_886
139_887
139_888
139_889
139_890
139_891
139_892
139_893
139_894
139_895
139_896
139_897
139_898
139_899
139_900
139_901
139_902
139_903
139_904
139_905
139_906
139_907
139_908
139_909
139_910
139_911
139_912
139_913
139_914
139_915
139_916
139_917
139_918
139_919
139_920
139_921
139_922
139_923
139_924
139_925
139_926
139_927
139_928
139_929
139_930
139_931
139_932
139_933
139_934
139_935
139_936
139_937
139_938
139_939
139_940
139_941
139_942
139_943
139_944
139_945
139_946
139_947
139_948
139_949
139_950
139_951
139_952
139_953
139_954
139_955
139_956
139_957
139_958
227_40
227_41
227_42
227_43
227_44
227_45
227_46
227_47
227_48
227_49
227_50
227_51
227_52
227_53
227_54
227_55
227_56
227_57
227_58
227_59
227_60
227_61
227_62
227_63
227_64
227_65
227_66
227_67
227_68
227_69
227_70
227_71
227_72
227_73
227_74
227_75
227_76
227_77
227_78
227_79
227_80
227_81
227_82
227_83
227_84
227_85
227_86
227_87
227_88
227_89
227_90
227_91
227_92
227_93
227_94
227_95
227_96
227_97
227_98
227_99
227_100
227_101
227_102
227_103
227_104
227_105
227_106
227_107
227_108
227_109
227_110
227_111
227_112
227_113
227_114
227_115
227_116
227_117
227_118
227_119
227_120
227_121
227_122
227_123
227_124
227_125
227_126
227_127
227_128
227_129
227_130
227_131
227_132
227_133
227_134
227_135
227_136
227_137
227_138
227_139
227_140
227_141
227_142
227_143
227_144
227_145
227_146
227_147
227_148
227_149
227_150
227_151
227_152
227_153
227_154
227_155
227_156
227_157
227_158
227_159
227_160
227_161
227_162
227_163
227_164
227_165
227_166
227_167
227_168
227_169
227_170
227_171
227_172
227_173
227_174
227_175
227_176
227_177
227_178
227_179
227_180
227_181
227_182
227_183
227_184
227_185
227_186
227_187
227_188
227_189
227_190
227_191
227_192
227_193
227_194
227_195
227_196
227_197
227_198
227_199
227_200
227_201
227_202
227_203
227_204
227_205
227_206
227_207
227_208
227_209
227_210
227_211
227_212
227_213
227_214
227_215
227_216
227_217
227_218
227_219
227_220
227_221
227_222
227_223
227_224
227_225
227_226
227_227
227_228
227_229
227_230
227_231
227_232
227_233
227_234
227_235
227_236
227_237
227_238
227_239
227_240
227_241
227_242
227_243
227_244
227_245
227_246
227_247
227_248
227_249
227_250
227_251
227_252
227_253
227_254
227_255
227_256
227_257
227_258
227_259
227_260
227_261
227_262
227_263
227_264
227_265
227_266
227_267
227_268
227_269
227_270
227_271
227_272
227_273
227_274
227_275
227_276
227_277
227_278
227_279
227_280
227_281
227_282
227_283
227_284
227_285
227_286
227_287
227_288
227_289
227_290
227_291
227_292
227_293
227_294
227_295
227_296
227_297
227_298
227_299
227_300
227_301
227_302
227_303
227_304
227_305
227_306
227_307
227_308
227_309
227_310
227_311
227_312
227_313
227_314
227_315
227_316
227_317
227_318
227_319
227_320
227_321
227_322
227_323
227_324
227_325
227_326
227_327
227_328
227_329
227_330
227_331
227_332
227_333
227_334
227_335
227_336
227_337
227_338
227_339
227_340
227_341
227_342
227_343
227_344
227_345
227_346
227_347
227_348
227_349
227_350
227_351
227_352
227_353
227_354
227_355
227_356
227_357
227_358
227_359
227_360
227_361
227_362
227_363
227_364
227_365
227_366
227_367
227_368
227_369
227_370
227_371
227_372
227_373
227_374
227_375
227_376
227_377
227_378
227_379
227_380
227_381
227_382
227_383
227_384
227_385
227_386
227_387
227_388
227_389
227_390
227_391
227_392
227_393
227_394
227_395
227_396
227_397
227_398
227_399
227_400
227_401
227_402
227_403
227_404
227_405
227_406
227_407
227_408
227_409
227_410
227_411
227_412
227_413
227_414
227_415
227_416
227_417
227_418
227_419
227_420
227_421
227_422
227_423
227_424
227_425
227_426
227_427
227_428
227_429
227_430
227_431
227_432
227_433
227_434
227_435
227_436
227_437
227_438
227_439
227_440
227_441
227_442
227_443
227_444
227_445
227_446
227_447
227_448
227_449
227_450
227_451
227_452
227_453
227_454
227_455
227_456
227_457
227_458
227_459
227_460
227_461
227_462
227_463
227_464
227_465
227_466
227_467
227_468
227_469
227_470
227_471
227_472
227_473
227_474
227_475
227_476
227_477
227_478
227_479
227_480
227_481
227_482
227_483
227_484
227_485
227_486
227_487
227_488
227_489
227_490
227_491
227_492
227_493
227_494
227_495
227_496
227_497
227_498
227_499
227_500
227_501
227_502
227_503
227_504
227_505
227_506
227_507
227_508
227_509
227_510
227_511
227_512
227_513
227_514
227_515
227_516
227_517
227_518
227_519
227_520
227_521
227_522
227_523
227_524
227_525
227_526
227_527
227_528
227_529
227_530
227_531
227_532
227_533
227_534
227_535
227_536
227_537
227_538
227_539
227_540
227_541
227_542
227_543
227_544
227_545
227_546
227_547
227_548
227_549
227_550
227_551
227_552
227_553
227_554
227_555
227_556
227_557
227_558
227_559
227_560
227_561
227_562
227_563
227_564
227_565
227_566
227_567
227_568
227_569
227_570
227_571
227_572
227_573
227_574
227_575
227_576
227_577
227_578
227_579
227_580
227_581
227_582
227_583
227_584
227_585
227_586
227_587
227_588
227_589
227_590
227_591
227_592
227_593
227_594
227_595
227_596
227_597
227_598
227_599
227_600
227_601
227_602
227_603
227_604
227_605
227_606
227_607
227_608
227_609
227_610
227_611
227_612
227_613
227_614
227_615
227_616
227_617
227_618
227_619
227_620
227_621
227_622
227_623
227_624
227_625
227_626
227_627
227_628
227_629
227_630
227_631
227_632
227_633
227_634
227_635
227_636
227_637
227_638
227_639
227_640
227_641
227_642
227_643
227_644
227_645
227_646
227_647
227_648
227_649
227_650
227_651
227_652
227_653
227_654
227_655
227_656
227_657
227_658
227_659
227_660
227_661
227_662
227_663
227_664
227_665
227_666
227_667
227_668
227_669
227_670
227_671
227_672
227_673
227_674
227_675
227_676
227_677
227_678
227_679
227_680
227_681
227_682
227_683
227_684
227_685
227_686
227_687
227_688
227_689
227_690
227_691
227_692
227_693
227_694
227_695
227_696
227_697
227_698
227_699
227_700
227_701
227_702
227_703
227_704
227_705
227_706
227_707
227_708
227_709
227_710
227_711
227_712
227_713
227_714
227_715
227_716
227_717
227_718
227_719
227_720
227_721
227_722
227_723
227_724
227_725
227_726
227_727
227_728
227_729
227_730
227_731
227_732
227_733
227_734
227_735
227_736
227_737
227_738
227_739
227_740
227_741
227_742
227_743
227_744
227_745
227_746
227_747
227_748
227_749
227_750
227_751
227_752
227_753
227_754
227_755
227_756
227_757
227_758
227_759
227_760
227_761
227_762
227_763
227_764
227_765
227_766
227_767
227_768
227_769
227_770
227_771
227_772
227_773
227_774
227_775
227_776
227_777
227_778
227_779
227_780
227_781
227_782
227_783
227_784
227_785
227_786
227_787
227_788
227_789
227_790
227_791
227_792
227_793
227_794
227_795
227_796
227_797
227_798
227_799
227_800
227_801
227_802
227_803
227_804
227_805
227_806
227_807
227_808
227_809
227_810
227_811
227_812
227_813
227_814
227_815
227_816
227_817
227_818
227_819
227_820
227_821
227_822
227_823
227_824
227_825
227_826
227_827
227_828
227_829
227_830
227_831
227_832
227_833
227_834
227_835
227_836
227_837
227_838
227_839
227_840
227_841
227_842
227_843
227_844
227_845
227_846
227_847
227_848
227_849
227_850
227_851
227_852
227_853
227_854
227_855
227_856
227_857
227_858
227_859
227_860
227_861
227_862
227_863
227_864
227_865
227_866
227_867
227_868
227_869
227_870
227_871
227_872
227_873
227_874
227_875
227_876
227_877
227_878
227_879
227_880
227_881
227_882
227_883
227_884
227_885
227_886
227_887
227_888
227_889
227_890
227_891
227_892
227_893
227_894
227_895
227_896
227_897
227_898
227_899
227_900
227_901
227_902
227_903
227_904
227_905
227_906
227_907
227_908
227_909
227_910
227_911
227_912
227_913
227_914
227_915
227_916
227_917
227_918
227_919
227_920
227_921
227_922
227_923
227_924
227_925
227_926
227_927
227_928
227_929
227_930
227_931
227_932
227_933
227_934
227_935
227_936
227_937
227_938
227_939
227_940
227_941
227_942
227_943
227_944
227_945
227_946
227_947
227_948
227_949
227_950
227_951
227_952
227_953
227_954
227_955
227_956
227_957
227_958
227_959
227_960
227_961
227_962
227_963
227_964
227_965
227_966
227_967
227_968
227_969
227_970
227_971
227_972
227_973
227_974
227_975
227_976
227_977
227_978
227_979
227_980
227_981
227_982
227_983
227_984
227_985
227_986
227_987
227_988
227_989
227_990
227_991
227_992
227_993
227_994
227_995
227_996
227_997
227_998
227_999
227_1000
227_1001
227_1002
227_1003
227_1004
227_1005
227_1006
227_1007
227_1008
227_1009
227_1010
227_1011
227_1012
227_1013
227_1014
227_1015
227_1016
227_1017
227_1018
227_1019
227_1020
227_1021
227_1022
227_1023
227_1024
227_1025
227_1026
227_1027
227_1028
227_1029
227_1030
227_1031
227_1032
227_1033
227_1034
227_1035
227_1036
227_1037
227_1038
227_1039
227_1040
227_1041
227_1042
227_1043
227_1044
227_1045
227_1046
227_1047
227_1048
227_1049
227_1050
227_1051
227_1052
227_1053
227_1054
227_1055
227_1056
227_1057
227_1058
227_1059
227_1060
227_1061
227_1062
227_1063
227_1064
227_1065
227_1066
227_1067
227_1068
227_1069
227_1070
227_1071
227_1072
227_1073
227_1074
227_1075
227_1076
227_1077
227_1078
227_1079
227_1080
227_1081
227_1082
227_1083
227_1084
227_1085
227_1086
227_1087
227_1088
227_1089
227_1090
227_1091
227_1092
227_1093
227_1094
227_1095
227_1096
227_1097
227_1098
227_1099
227_1100
227_1101
227_1102
227_1103
227_1104
227_1105
227_1106
227_1107
227_1108
227_1109
227_1110
227_1111
227_1112
227_1113
227_1114
227_1115
227_1116
227_1117
227_1118
227_1119
227_1120
227_1121
227_1122
227_1123
227_1124
227_1125
227_1126
227_1127
227_1128
227_1129
227_1130
227_1131
227_1132
227_1133
227_1134
227_1135
227_1136
227_1137
227_1138
227_1139
227_1140
227_1141
227_1142
227_1143
227_1144
227_1145
227_1146
227_1147
227_1148
227_1149
227_1150
227_1151
227_1152
227_1153
227_1154
227_1155
227_1156
227_1157
227_1158
227_1159
227_1160
227_1161
227_1162
227_1163
227_1164
227_1165
227_1166
227_1167
227_1168
227_1169
227_1170
227_1171
227_1172
227_1173
227_1174
227_1175
227_1176
227_1177
227_1178
227_1179
227_1180
227_1181
227_1182
227_1183
227_1184
227_1185
227_1186
227_1187
227_1188
227_1189
227_1190
227_1191
229_40
229_41
229_42
229_43
229_44
229_45
229_46
229_47
229_48
229_49
229_50
229_51
229_52
229_53
229_54
229_55
229_56
229_57
229_58
229_59
229_60
229_61
229_62
229_63
229_64
229_65
229_66
229_67
229_68
229_69
229_70
229_71
229_72
229_73
229_74
229_75
229_76
229_77
229_78
229_79
229_80
229_81
229_82
229_83
229_84
229_85
229_86
229_87
229_88
229_89
229_90
229_91
229_92
229_93
229_94
229_95
229_96
229_97
229_98
229_99
229_100
229_101
229_102
229_103
229_104
229_105
229_106
229_107
229_108
229_109
229_110
229_111
229_112
229_113
229_114
229_115
229_116
229_117
229_118
229_119
229_120
229_121
229_122
229_123
229_124
229_125
229_126
229_127
229_128
229_129
229_130
229_131
229_132
229_133
229_134
229_135
229_136
229_137
229_138
229_139
229_140
229_141
229_142
229_143
229_144
229_145
229_146
229_147
229_148
229_149
229_150
229_151
229_152
229_153
229_154
229_155
229_156
229_157
229_158
229_159
229_160
229_161
229_162
229_163
229_164
229_165
229_166
229_167
229_168
229_169
229_170
229_171
229_172
229_173
229_174
229_175
229_176
229_177
229_178
229_179
229_180
229_181
229_182
229_183
229_184
229_185
229_186
229_187
229_188
229_189
229_190
229_191
229_192
229_193
229_194
229_195
229_196
229_197
229_198
229_199
229_200
229_201
229_202
229_203
229_204
229_205
229_206
229_207
229_208
229_209
229_210
229_211
229_212
229_213
229_214
229_215
229_216
229_217
229_218
229_219
229_220
229_221
229_222
229_223
229_224
229_225
229_226
229_227
229_228
229_229
229_230
229_231
229_232
229_233
229_234
229_235
229_236
229_237
229_238
229_239
229_240
229_241
229_242
229_243
229_244
229_245
229_246
229_247
229_248
229_249
229_250
229_251
229_252
229_253
229_254
229_255
229_256
229_257
229_258
229_259
229_260
229_261
229_262
229_263
229_264
229_265
229_266
229_267
229_268
229_269
229_270
229_271
229_272
229_273
229_274
229_275
229_276
229_277
229_278
229_279
229_280
229_281
229_282
229_283
229_284
229_285
229_286
229_287
229_288
229_289
229_290
229_291
229_292
229_293
229_294
229_295
229_296
229_297
229_298
229_299
229_300
229_301
229_302
229_303
229_304
229_305
229_306
229_307
229_308
229_309
229_310
229_311
229_312
229_313
229_314
229_315
229_316
229_317
229_318
229_319
229_320
229_321
229_322
229_323
229_324
229_325
229_326
229_327
229_328
229_329
229_330
229_331
229_332
229_333
229_334
229_335
229_336
229_337
229_338
229_339
229_340
229_341
229_342
229_343
229_344
229_345
229_346
229_347
229_348
229_349
229_350
229_351
229_352
229_353
229_354
229_355
229_356
229_357
229_358
229_359
229_360
229_361
229_362
229_363
229_364
229_365
229_366
229_367
229_368
229_369
229_370
229_371
229_372
229_373
229_374
229_375
229_376
229_377
229_378
229_379
229_380
229_381
229_382
229_383
229_384
229_385
229_386
229_387
229_388
229_389
229_390
229_391
229_392
229_393
229_394
229_395
229_396
229_397
229_398
229_399
229_400
229_401
229_402
229_403
229_404
229_405
229_406
229_407
229_408
229_409
229_410
229_411
229_412
229_413
229_414
229_415
229_416
229_417
229_418
229_419
229_420
229_421
229_422
229_423
229_424
229_425
229_426
229_427
229_428
229_429
229_430
229_431
229_432
229_433
229_434
229_435
229_436
229_437
229_438
229_439
229_440
229_441
229_442
229_443
229_444
229_445
229_446
229_447
229_448
229_449
229_450
229_451
229_452
229_453
229_454
229_455
229_456
229_457
229_458
229_459
229_460
229_461
229_462
229_463
229_464
229_465
229_466
229_467
229_468
229_469
229_470
229_471
229_472
229_473
229_474
229_475
229_476
229_477
229_478
229_479
229_480
229_481
229_482
229_483
229_484
229_485
229_486
229_487
229_488
229_489
229_490
229_491
229_492
229_493
229_494
229_495
229_496
229_497
229_498
229_499
229_500
229_501
229_502
229_503
229_504
229_505
229_506
229_507
229_508
229_509
229_510
229_511
229_512
229_513
229_514
229_515
229_516
229_517
229_518
229_519
229_520
229_521
229_522
229_523
229_524
229_525
229_526
229_527
229_528
229_529
229_530
229_531
229_532
229_533
229_534
229_535
229_536
229_537
229_538
229_539
229_540
229_541
229_542
229_543
229_544
229_545
229_546
229_547
229_548
229_549
229_550
229_551
229_552
229_553
229_554
229_555
229_556
229_557
229_558
229_559
229_560
229_561
229_562
229_563
229_564
229_565
229_566
229_567
229_568
229_569
229_570
229_571
229_572
229_573
229_574
229_575
229_576
229_577
229_578
229_579
229_580
229_581
229_582
229_583
229_584
229_585
229_586
229_587
229_588
229_589
229_590
229_591
229_592
229_593
229_594
229_595
229_596
229_597
229_598
229_599
229_600
229_601
229_602
229_603
229_604
229_605
229_606
229_607
229_608
229_609
229_610
229_611
229_612
229_613
229_614
229_615
229_616
229_617
229_618
229_619
229_620
229_621
229_622
229_623
229_624
229_625
229_626
229_627
229_628
229_629
229_630
229_631
229_632
229_633
229_634
229_635
229_636
229_637
229_638
229_639
229_640
229_641
229_642
229_643
229_644
229_645
229_646
229_647
229_648
229_649
229_650
229_651
229_652
229_653
229_654
229_655
229_656
229_657
229_658
229_659
229_660
229_661
229_662
229_663
229_664
229_665
229_666
229_667
229_668
229_669
229_670
229_671
229_672
229_673
229_674
229_675
229_676
229_677
229_678
229_679
229_680
229_681
229_682
229_683
229_684
229_685
229_686
229_687
229_688
229_689
229_690
229_691
229_692
229_693
229_694
229_695
229_696
229_697
229_698
229_699
229_700
229_701
229_702
229_703
229_704
229_705
229_706
229_707
229_708
229_709
229_710
229_711
229_712
229_713
229_714
229_715
229_716
229_717
229_718
229_719
229_720
229_721
229_722
229_723
229_724
229_725
229_726
229_727
229_728
229_729
229_730
229_731
229_732
229_733
229_734
229_735
229_736
229_737
229_738
229_739
229_740
229_741
229_742
229_743
229_744
229_745
229_746
229_747
229_748
229_749
229_750
229_751
229_752
229_753
229_754
229_755
229_756
229_757
229_758
229_759
229_760
229_761
229_762
229_763
229_764
229_765
229_766
229_767
229_768
229_769
229_770
229_771
229_772
229_773
229_774
229_775
229_776
229_777
229_778
229_779
229_780
229_781
229_782
229_783
229_784
229_785
229_786
229_787
229_788
229_789
229_790
229_791
229_792
229_793
229_794
229_795
229_796
229_797
229_798
229_799
229_800
229_801
229_802
229_803
229_804
229_805
229_806
229_807
229_808
229_809
229_810
229_811
229_812
229_813
229_814
229_815
229_816
229_817
229_818
229_819
229_820
229_821
229_822
229_823
229_824
229_825
229_826
229_827
229_828
229_829
229_830
229_831
229_832
229_833
229_834
229_835
229_836
229_837
229_838
229_839
229_840
229_841
229_842
229_843
229_844
229_845
229_846
229_847
229_848
229_849
229_850
229_851
229_852
229_853
229_854
229_855
229_856
229_857
229_858
229_859
229_860
229_861
229_862
229_863
229_864
229_865
229_866
229_867
229_868
229_869
229_870
229_871
229_872
229_873
229_874
229_875
229_876
229_877
229_878
229_879
229_880
229_881
229_882
229_883
229_884
229_885
229_886
229_887
229_888
229_889
229_890
229_891
229_892
229_893
229_894
229_895
229_896
229_897
229_898
229_899
229_900
229_901
229_902
229_903
229_904
229_905
229_906
229_907
229_908
229_909
229_910
229_911
229_912
229_913
229_914
229_915
229_916
229_917
229_918
229_919
229_920
229_921
229_922
229_923
229_924
229_925
229_926
229_927
229_928
229_929
229_930
229_931
229_932
229_933
229_934
229_935
229_936
229_937
229_938
229_939
229_940
229_941
229_942
229_943
229_944
229_945
229_946
229_947
229_948
229_949
229_950
229_951
229_952
229_953
229_954
229_955
229_956
229_957
229_958
229_959
229_960
229_961
229_962
229_963
229_964
229_965
229_966
229_967
229_968
229_969
229_970
229_971
229_972
229_973
229_974
229_975
229_976
229_977
229_978
229_979
229_980
229_981
229_982
229_983
229_984
229_985
229_986
229_987
229_988
229_989
229_990
229_991
229_992
229_993
229_994
229_995
229_996
229_997
229_998
229_999
229_1000
229_1001
229_1002
229_1003
229_1004
229_1005
229_1006
229_1007
229_1008
229_1009
229_1010
229_1011
229_1012
229_1013
229_1014
229_1015
229_1016
229_1017
229_1018
229_1019
229_1020
229_1021
229_1022
229_1023
229_1024
229_1025
229_1026
229_1027
229_1028
229_1029
229_1030
229_1031
229_1032
229_1033
229_1034
229_1035
229_1036
229_1037
229_1038
229_1039
229_1040
229_1041
229_1042
229_1043
229_1044
229_1045
229_1046
229_1047
229_1048
229_1049
229_1050
229_1051
229_1052
229_1053
229_1054
229_1055
229_1056
229_1057
229_1058
229_1059
229_1060
229_1061
229_1062
229_1063
229_1064
229_1065
229_1066
229_1067
229_1068
229_1069
229_1070
229_1071
229_1072
229_1073
229_1074
229_1075
229_1076
229_1077
229_1078
229_1079
229_1080
229_1081
229_1082
229_1083
229_1084
229_1085
229_1086
229_1087
229_1088
229_1089
229_1090
229_1091
229_1092
229_1093
229_1094
229_1095
229_1096
229_1097
229_1098
229_1099
229_1100
229_1101
229_1102
229_1103
229_1104
229_1105
229_1106
229_1107
229_1108
229_1109
229_1110
229_1111
229_1112
229_1113
229_1114
229_1115
229_1116
229_1117
229_1118
229_1119
229_1120
229_1121
229_1122
229_1123
229_1124
229_1125
229_1126
229_1127
229_1128
229_1129
229_1130
229_1131
229_1132
229_1133
229_1134
229_1135
229_1136
229_1137
229_1138
229_1139
229_1140
229_1141
229_1142
229_1143
229_1144
229_1145
229_1146
229_1147
229_1148
229_1149
229_1150
229_1151
229_1152
229_1153
229_1154
229_1155
229_1156
229_1157
229_1158
229_1159
229_1160
229_1161
229_1162
229_1163
229_1164
229_1165
229_1166
229_1167
229_1168
229_1169
229_1170
229_1171
229_1172
229_1173
229_1174
229_1175
229_1176
229_1177
229_1178
229_1179
229_1180
229_1181
229_1182
229_1183
229_1184
229_1185
229_1186
229_1187
229_1188
229_1189
229_1190
229_1191
229_1192
230_40
230_41
230_42
230_43
230_44
230_45
230_46
230_47
230_48
230_49
230_50
230_51
230_52
230_53
230_54
230_55
230_56
230_57
230_58
230_59
230_60
230_61
230_62
230_63
230_64
230_65
230_66
230_67
230_68
230_69
230_70
230_71
230_72
230_73
230_74
230_75
230_76
230_77
230_78
230_79
230_80
230_81
230_82
230_83
230_84
230_85
230_86
230_87
230_88
230_89
230_90
230_91
230_92
230_93
230_94
230_95
230_96
230_97
230_98
230_99
230_100
230_101
230_102
230_103
230_104
230_105
230_106
230_107
230_108
230_109
230_110
230_111
230_112
230_113
230_114
230_115
230_116
230_117
230_118
230_119
230_120
230_121
230_122
230_123
230_124
230_125
230_126
230_127
230_128
230_129
230_130
230_131
230_132
230_133
230_134
230_135
230_136
230_137
230_138
230_139
230_140
230_141
230_142
230_143
230_144
230_145
230_146
230_147
230_148
230_149
230_150
230_151
230_152
230_153
230_154
230_155
230_156
230_157
230_158
230_159
230_160
230_161
230_162
230_163
230_164
230_165
230_166
230_167
230_168
230_169
230_170
230_171
230_172
230_173
230_174
230_175
230_176
230_177
230_178
230_179
230_180
230_181
230_182
230_183
230_184
230_185
230_186
230_187
230_188
230_189
230_190
230_191
230_192
230_193
230_194
230_195
230_196
230_197
230_198
230_199
230_200
230_201
230_202
230_203
230_204
230_205
230_206
230_207
230_208
230_209
230_210
230_211
230_212
230_213
230_214
230_215
230_216
230_217
230_218
230_219
230_220
230_221
230_222
230_223
230_224
230_225
230_226
230_227
230_228
230_229
230_230
230_231
230_232
230_233
230_234
230_235
230_236
230_237
230_238
230_239
230_240
230_241
230_242
230_243
230_244
230_245
230_246
230_247
230_248
230_249
230_250
230_251
230_252
230_253
230_254
230_255
230_256
230_257
230_258
230_259
230_260
230_261
230_262
230_263
230_264
230_265
230_266
230_267
230_268
230_269
230_270
230_271
230_272
230_273
230_274
230_275
230_276
230_277
230_278
230_279
230_280
230_281
230_282
230_283
230_284
230_285
230_286
230_287
230_288
230_289
230_290
230_291
230_292
230_293
230_294
230_295
230_296
230_297
230_298
230_299
230_300
230_301
230_302
230_303
230_304
230_305
230_306
230_307
230_308
230_309
230_310
230_311
230_312
230_313
230_314
230_315
230_316
230_317
230_318
230_319
230_320
230_321
230_322
230_323
230_324
230_325
230_326
230_327
230_328
230_329
230_330
230_331
230_332
230_333
230_334
230_335
230_336
230_337
230_338
230_339
230_340
230_341
230_342
230_343
230_344
230_345
230_346
230_347
230_348
230_349
230_350
230_351
230_352
230_353
230_354
230_355
230_356
230_357
230_358
230_359
230_360
230_361
230_362
230_363
230_364
230_365
230_366
230_367
230_368
230_369
230_370
230_371
230_372
230_373
230_374
230_375
230_376
230_377
230_378
230_379
230_380
230_381
230_382
230_383
230_384
230_385
230_386
230_387
230_388
230_389
230_390
230_391
230_392
230_393
230_394
230_395
230_396
230_397
230_398
230_399
230_400
230_401
230_402
230_403
230_404
230_405
230_406
230_407
230_408
230_409
230_410
230_411
230_412
230_413
230_414
230_415
230_416
230_417
230_418
230_419
230_420
230_421
230_422
230_423
230_424
230_425
230_426
230_427
230_428
230_429
230_430
230_431
230_432
230_433
230_434
230_435
230_436
230_437
230_438
230_439
230_440
230_441
230_442
230_443
230_444
230_445
230_446
230_447
230_448
230_449
230_450
230_451
230_452
230_453
230_454
230_455
230_456
230_457
230_458
230_459
230_460
230_461
230_462
230_463
230_464
230_465
230_466
230_467
230_468
230_469
230_470
230_471
230_472
230_473
230_474
230_475
230_476
230_477
230_478
230_479
230_480
230_481
230_482
230_483
230_484
230_485
230_486
230_487
230_488
230_489
230_490
230_491
230_492
230_493
230_494
230_495
230_496
230_497
230_498
230_499
230_500
230_501
230_502
230_503
230_504
230_505
230_506
230_507
230_508
230_509
230_510
230_511
230_512
230_513
230_514
230_515
230_516
230_517
230_518
230_519
230_520
230_521
230_522
230_523
230_524
230_525
230_526
230_527
230_528
230_529
230_530
230_531
230_532
230_533
230_534
230_535
230_536
230_537
230_538
230_539
230_540
230_541
230_542
230_543
230_544
230_545
230_546
230_547
230_548
230_549
230_550
230_551
230_552
230_553
230_554
230_555
230_556
230_557
230_558
230_559
230_560
230_561
230_562
230_563
230_564
230_565
230_566
230_567
230_568
230_569
230_570
230_571
230_572
230_573
230_574
230_575
230_576
230_577
230_578
230_579
230_580
230_581
230_582
230_583
230_584
230_585
230_586
230_587
230_588
230_589
230_590
230_591
230_592
230_593
230_594
230_595
230_596
230_597
230_598
230_599
230_600
230_601
230_602
230_603
230_604
230_605
230_606
230_607
230_608
230_609
230_610
230_611
230_612
230_613
230_614
230_615
230_616
230_617
230_618
230_619
230_620
230_621
230_622
230_623
230_624
230_625
230_626
230_627
230_628
230_629
230_630
230_631
230_632
230_633
230_634
230_635
230_636
230_637
230_638
230_639
230_640
230_641
230_642
230_643
230_644
230_645
230_646
230_647
230_648
230_649
230_650
230_651
230_652
230_653
230_654
230_655
230_656
230_657
230_658
230_659
230_660
230_661
230_662
230_663
230_664
230_665
230_666
230_667
230_668
230_669
230_670
230_671
230_672
230_673
230_674
230_675
230_676
230_677
230_678
230_679
230_680
230_681
230_682
230_683
230_684
230_685
230_686
230_687
230_688
230_689
230_690
230_691
230_692
230_693
230_694
230_695
230_696
230_697
230_698
230_699
230_700
230_701
230_702
230_703
230_704
230_705
230_706
230_707
230_708
230_709
230_710
230_711
230_712
230_713
230_714
230_715
230_716
230_717
230_718
230_719
230_720
230_721
230_722
230_723
230_724
230_725
230_726
230_727
230_728
230_729
230_730
230_731
230_732
230_733
230_734
230_735
230_736
230_737
230_738
230_739
230_740
230_741
230_742
230_743
230_744
230_745
230_746
230_747
230_748
230_749
230_750
230_751
230_752
230_753
230_754
230_755
230_756
230_757
230_758
230_759
230_760
230_761
230_762
230_763
230_764
230_765
230_766
230_767
230_768
230_769
230_770
230_771
230_772
230_773
230_774
230_775
230_776
230_777
230_778
230_779
230_780
230_781
230_782
230_783
230_784
230_785
230_786
230_787
230_788
230_789
230_790
230_791
230_792
230_793
230_794
230_795
230_796
230_797
230_798
230_799
230_800
230_801
230_802
230_803
230_804
230_805
230_806
230_807
230_808
230_809
230_810
230_811
230_812
230_813
230_814
230_815
230_816
230_817
230_818
230_819
230_820
230_821
230_822
230_823
230_824
230_825
230_826
230_827
230_828
230_829
230_830
230_831
230_832
230_833
230_834
230_835
230_836
230_837
230_838
230_839
230_840
230_841
230_842
230_843
230_844
230_845
230_846
230_847
230_848
230_849
230_850
230_851
230_852
230_853
230_854
230_855
230_856
230_857
230_858
230_859
230_860
230_861
230_862
230_863
230_864
230_865
230_866
230_867
230_868
230_869
230_870
230_871
230_872
230_873
230_874
230_875
230_876
230_877
230_878
230_879
230_880
230_881
230_882
230_883
230_884
230_885
230_886
230_887
230_888
230_889
230_890
230_891
230_892
230_893
230_894
230_895
230_896
230_897
230_898
230_899
230_900
230_901
230_902
230_903
230_904
230_905
230_906
230_907
230_908
230_909
230_910
230_911
230_912
230_913
230_914
230_915
230_916
230_917
230_918
230_919
230_920
230_921
230_922
230_923
230_924
230_925
230_926
230_927
230_928
230_929
230_930
230_931
230_932
230_933
230_934
230_935
230_936
230_937
230_938
230_939
230_940
230_941
230_942
230_943
230_944
230_945
230_946
230_947
230_948
230_949
230_950
230_951
230_952
230_953
230_954
230_955
230_956
230_957
230_958
230_959
230_960
230_961
230_962
230_963
230_964
230_965
230_966
230_967
230_968
230_969
230_970
230_971
230_972
230_973
230_974
230_975
230_976
230_977
230_978
230_979
230_980
230_981
230_982
230_983
230_984
230_985
230_986
230_987
230_988
230_989
230_990
230_991
230_992
230_993
230_994
230_995
230_996
230_997
230_998
230_999
230_1000
230_1001
230_1002
230_1003
230_1004
230_1005
230_1006
230_1007
230_1008
230_1009
230_1010
230_1011
230_1012
230_1013
230_1014
230_1015
230_1016
230_1017
230_1018
230_1019
230_1020
230_1021
230_1022
230_1023
230_1024
230_1025
230_1026
230_1027
230_1028
230_1029
230_1030
230_1031
230_1032
230_1033
230_1034
230_1035
230_1036
230_1037
230_1038
230_1039
230_1040
230_1041
230_1042
230_1043
230_1044
230_1045
230_1046
230_1047
230_1048
230_1049
230_1050
230_1051
230_1052
230_1053
230_1054
230_1055
230_1056
230_1057
230_1058
230_1059
230_1060
230_1061
230_1062
230_1063
230_1064
230_1065
230_1066
230_1067
230_1068
230_1069
230_1070
230_1071
230_1072
230_1073
230_1074
230_1075
230_1076
230_1077
230_1078
230_1079
230_1080
230_1081
230_1082
230_1083
230_1084
230_1085
230_1086
230_1087
230_1088
230_1089
230_1090
230_1091
230_1092
230_1093
230_1094
230_1095
230_1096
230_1097
230_1098
230_1099
230_1100
230_1101
230_1102
230_1103
230_1104
230_1105
230_1106
230_1107
230_1108
230_1109
230_1110
230_1111
230_1112
230_1113
230_1114
230_1115
230_1116
230_1117
230_1118
230_1119
230_1120
230_1121
230_1122
230_1123
230_1124
230_1125
230_1126
230_1127
230_1128
230_1129
230_1130
230_1131
230_1132
230_1133
230_1134
230_1135
230_1136
230_1137
230_1138
230_1139
230_1140
230_1141
230_1142
230_1143
230_1144
230_1145
230_1146
230_1147
230_1148
230_1149
230_1150
230_1151
230_1152
230_1153
230_1154
230_1155
230_1156
230_1157
230_1158
230_1159
230_1160
230_1161
230_1162
230_1163
230_1164
230_1165
230_1166
230_1167
230_1168
230_1169
230_1170
230_1171
230_1172
230_1173
230_1174
230_1175
230_1176
230_1177
230_1178
230_1179
230_1180
230_1181
230_1182
230_1183
230_1184
230_1185
230_1186
230_1187
230_1188
230_1189
230_1190
230_1191
230_1192
230_1193
230_1194
230_1195
230_1196
230_1197
230_1198
230_1199
230_1200
230_1201
230_1202
230_1203
230_1204
230_1205
230_1206
230_1207
230_1208
230_1209
230_1210
230_1211
230_1212
230_1213
230_1214
230_1215
230_1216
230_1217
232_40
232_41
232_42
232_43
232_44
232_45
232_46
232_47
232_48
232_49
232_50
232_51
232_52
232_53
232_54
232_55
232_56
232_57
232_58
232_59
232_60
232_61
232_62
232_63
232_64
232_65
232_66
232_67
232_68
232_69
232_70
232_71
232_72
232_73
232_74
232_75
232_76
232_77
232_78
232_79
232_80
232_81
232_82
232_83
232_84
232_85
232_86
232_87
232_88
232_89
232_90
232_91
232_92
232_93
232_94
232_95
232_96
232_97
232_98
232_99
232_100
232_101
232_102
232_103
232_104
232_105
232_106
232_107
232_108
232_109
232_110
232_111
232_112
232_113
232_114
232_115
232_116
232_117
232_118
232_119
232_120
232_121
232_122
232_123
232_124
232_125
232_126
232_127
232_128
232_129
232_130
232_131
232_132
232_133
232_134
232_135
232_136
232_137
232_138
232_139
232_140
232_141
232_142
232_143
232_144
232_145
232_146
232_147
232_148
232_149
232_150
232_151
232_152
232_153
232_154
232_155
232_156
232_157
232_158
232_159
232_160
232_161
232_162
232_163
232_164
232_165
232_166
232_167
232_168
232_169
232_170
232_171
232_172
232_173
232_174
232_175
232_176
232_177
232_178
232_179
232_180
232_181
232_182
232_183
232_184
232_185
232_186
232_187
232_188
232_189
232_190
232_191
232_192
232_193
232_194
232_195
232_196
232_197
232_198
232_199
232_200
232_201
232_202
232_203
232_204
232_205
232_206
232_207
232_208
232_209
232_210
232_211
232_212
232_213
232_214
232_215
232_216
232_217
232_218
232_219
232_220
232_221
232_222
232_223
232_224
232_225
232_226
232_227
232_228
232_229
232_230
232_231
232_232
232_233
232_234
232_235
232_236
232_237
232_238
232_239
232_240
232_241
232_242
232_243
232_244
232_245
232_246
232_247
232_248
232_249
232_250
232_251
232_252
232_253
232_254
232_255
232_256
232_257
232_258
232_259
232_260
232_261
232_262
232_263
232_264
232_265
232_266
232_267
232_268
232_269
232_270
232_271
232_272
232_273
232_274
232_275
232_276
232_277
232_278
232_279
232_280
232_281
232_282
232_283
232_284
232_285
232_286
232_287
232_288
232_289
232_290
232_291
232_292
232_293
232_294
232_295
232_296
232_297
232_298
232_299
232_300
232_301
232_302
232_303
232_304
232_305
232_306
232_307
232_308
232_309
232_310
232_311
232_312
232_313
232_314
232_315
232_316
232_317
232_318
232_319
232_320
232_321
232_322
232_323
232_324
232_325
232_326
232_327
232_328
232_329
232_330
232_331
232_332
232_333
232_334
232_335
232_336
232_337
232_338
232_339
232_340
232_341
232_342
232_343
232_344
232_345
232_346
232_347
232_348
232_349
232_350
232_351
232_352
232_353
232_354
232_355
232_356
232_357
232_358
232_359
232_360
232_361
232_362
232_363
232_364
232_365
232_366
232_367
232_368
232_369
232_370
232_371
232_372
232_373
232_374
232_375
232_376
232_377
232_378
232_379
232_380
232_381
232_382
232_383
232_384
232_385
232_386
232_387
232_388
232_389
232_390
232_391
232_392
232_393
232_394
232_395
232_396
232_397
232_398
232_399
232_400
232_401
232_402
232_403
232_404
232_405
232_406
232_407
232_408
232_409
232_410
232_411
232_412
232_413
232_414
232_415
232_416
232_417
232_418
232_419
232_420
232_421
232_422
232_423
232_424
232_425
232_426
232_427
232_428
232_429
232_430
232_431
232_432
232_433
232_434
232_435
232_436
232_437
232_438
232_439
232_440
232_441
232_442
232_443
232_444
232_445
232_446
232_447
232_448
232_449
232_450
232_451
232_452
232_453
232_454
232_455
232_456
232_457
232_458
232_459
232_460
232_461
232_462
232_463
232_464
232_465
232_466
232_467
232_468
232_469
232_470
232_471
232_472
232_473
232_474
232_475
232_476
232_477
232_478
232_479
232_480
232_481
232_482
232_483
232_484
232_485
232_486
232_487
232_488
232_489
232_490
232_491
232_492
232_493
232_494
232_495
232_496
232_497
232_498
232_499
232_500
232_501
232_502
232_503
232_504
232_505
232_506
232_507
232_508
232_509
232_510
232_511
232_512
232_513
232_514
232_515
232_516
232_517
232_518
232_519
232_520
232_521
232_522
232_523
232_524
232_525
232_526
232_527
232_528
232_529
232_530
232_531
232_532
232_533
232_534
232_535
232_536
232_537
232_538
232_539
232_540
232_541
232_542
232_543
232_544
232_545
232_546
232_547
232_548
232_549
232_550
232_551
232_552
232_553
232_554
232_555
232_556
232_557
232_558
232_559
232_560
232_561
232_562
232_563
232_564
232_565
232_566
232_567
232_568
232_569
232_570
232_571
232_572
232_573
232_574
232_575
232_576
232_577
232_578
232_579
232_580
232_581
232_582
232_583
232_584
232_585
232_586
232_587
232_588
232_589
232_590
232_591
232_592
232_593
232_594
232_595
232_596
232_597
232_598
232_599
232_600
232_601
232_602
232_603
232_604
232_605
232_606
232_607
232_608
232_609
232_610
232_611
232_612
232_613
232_614
232_615
232_616
232_617
232_618
232_619
232_620
232_621
232_622
232_623
232_624
232_625
232_626
232_627
232_628
232_629
232_630
232_631
232_632
232_633
232_634
232_635
232_636
232_637
232_638
232_639
232_640
232_641
232_642
232_643
232_644
232_645
232_646
232_647
232_648
232_649
232_650
232_651
232_652
232_653
232_654
232_655
232_656
232_657
232_658
232_659
232_660
232_661
232_662
232_663
232_664
232_665
232_666
232_667
232_668
232_669
232_670
232_671
232_672
232_673
232_674
232_675
232_676
232_677
232_678
232_679
232_680
232_681
232_682
232_683
232_684
232_685
232_686
232_687
232_688
232_689
232_690
232_691
232_692
232_693
232_694
232_695
232_696
232_697
232_698
232_699
232_700
232_701
232_702
232_703
232_704
232_705
232_706
232_707
232_708
232_709
232_710
232_711
232_712
232_713
232_714
232_715
232_716
232_717
232_718
232_719
232_720
232_721
232_722
232_723
232_724
232_725
232_726
232_727
232_728
232_729
232_730
232_731
232_732
232_733
232_734
232_735
232_736
232_737
232_738
232_739
232_740
232_741
232_742
232_743
232_744
232_745
232_746
232_747
232_748
232_749
232_750
232_751
232_752
232_753
232_754
232_755
232_756
232_757
232_758
232_759
232_760
232_761
232_762
232_763
232_764
232_765
232_766
232_767
232_768
232_769
232_770
232_771
232_772
232_773
232_774
232_775
232_776
232_777
232_778
232_779
232_780
232_781
232_782
232_783
232_784
232_785
232_786
232_787
232_788
232_789
232_790
232_791
232_792
232_793
232_794
232_795
232_796
232_797
232_798
232_799
232_800
232_801
232_802
232_803
232_804
232_805
232_806
232_807
232_808
232_809
232_810
232_811
232_812
232_813
232_814
232_815
232_816
232_817
232_818
232_819
232_820
232_821
232_822
232_823
232_824
232_825
232_826
232_827
232_828
232_829
232_830
232_831
232_832
232_833
232_834
232_835
232_836
232_837
232_838
232_839
232_840
232_841
232_842
232_843
232_844
232_845
232_846
232_847
232_848
232_849
232_850
232_851
232_852
232_853
232_854
232_855
232_856
232_857
232_858
232_859
232_860
232_861
232_862
232_863
232_864
232_865
232_866
232_867
232_868
232_869
232_870
232_871
232_872
232_873
232_874
232_875
232_876
232_877
232_878
232_879
232_880
232_881
232_882
232_883
232_884
232_885
232_886
232_887
232_888
232_889
232_890
232_891
232_892
232_893
232_894
232_895
232_896
232_897
232_898
232_899
232_900
232_901
232_902
232_903
232_904
232_905
232_906
232_907
232_908
232_909
232_910
232_911
232_912
232_913
232_914
232_915
232_916
232_917
232_918
232_919
232_920
232_921
232_922
232_923
232_924
232_925
232_926
232_927
232_928
232_929
232_930
232_931
232_932
232_933
232_934
232_935
232_936
232_937
232_938
232_939
232_940
232_941
232_942
232_943
232_944
232_945
232_946
232_947
232_948
232_949
232_950
232_951
232_952
232_953
232_954
232_955
232_956
232_957
232_958
232_959
232_960
232_961
232_962
232_963
232_964
232_965
232_966
232_967
232_968
232_969
232_970
232_971
232_972
232_973
232_974
232_975
232_976
232_977
232_978
232_979
232_980
232_981
232_982
232_983
232_984
232_985
232_986
232_987
232_988
232_989
232_990
232_991
232_992
232_993
232_994
232_995
232_996
232_997
232_998
232_999
232_1000
232_1001
232_1002
232_1003
232_1004
232_1005
232_1006
232_1007
232_1008
232_1009
232_1010
232_1011
232_1012
232_1013
232_1014
232_1015
232_1016
232_1017
232_1018
232_1019
232_1020
232_1021
232_1022
232_1023
232_1024
232_1025
232_1026
232_1027
232_1028
232_1029
232_1030
232_1031
232_1032
232_1033
232_1034
232_1035
232_1036
232_1037
232_1038
232_1039
232_1040
232_1041
232_1042
232_1043
232_1044
232_1045
232_1046
232_1047
232_1048
232_1049
232_1050
232_1051
232_1052
232_1053
232_1054
232_1055
232_1056
232_1057
232_1058
232_1059
232_1060
232_1061
232_1062
232_1063
232_1064
232_1065
232_1066
232_1067
232_1068
232_1069
232_1070
232_1071
232_1072
232_1073
232_1074
232_1075
232_1076
232_1077
232_1078
232_1079
232_1080
232_1081
232_1082
232_1083
232_1084
232_1085
232_1086
232_1087
232_1088
232_1089
232_1090
232_1091
233_40
233_41
233_42
233_43
233_44
233_45
233_46
233_47
233_48
233_49
233_50
233_51
233_52
233_53
233_54
233_55
233_56
233_57
233_58
233_59
233_60
233_61
233_62
233_63
233_64
233_65
233_66
233_67
233_68
233_69
233_70
233_71
233_72
233_73
233_74
233_75
233_76
233_77
233_78
233_79
233_80
233_81
233_82
233_83
233_84
233_85
233_86
233_87
233_88
233_89
233_90
233_91
233_92
233_93
233_94
233_95
233_96
233_97
233_98
233_99
233_100
233_101
233_102
233_103
233_104
233_105
233_106
233_107
233_108
233_109
233_110
233_111
233_112
233_113
233_114
233_115
233_116
233_117
233_118
233_119
233_120
233_121
233_122
233_123
233_124
233_125
233_126
233_127
233_128
233_129
233_130
233_131
233_132
233_133
233_134
233_135
233_136
233_137
233_138
233_139
233_140
233_141
233_142
233_143
233_144
233_145
233_146
233_147
233_148
233_149
233_150
233_151
233_152
233_153
233_154
233_155
233_156
233_157
233_158
233_159
233_160
233_161
233_162
233_163
233_164
233_165
233_166
233_167
233_168
233_169
233_170
233_171
233_172
233_173
233_174
233_175
233_176
233_177
233_178
233_179
233_180
233_181
233_182
233_183
233_184
233_185
233_186
233_187
233_188
233_189
233_190
233_191
233_192
233_193
233_194
233_195
233_196
233_197
233_198
233_199
233_200
233_201
233_202
233_203
233_204
233_205
233_206
233_207
233_208
233_209
233_210
233_211
233_212
233_213
233_214
233_215
233_216
233_217
233_218
233_219
233_220
233_221
233_222
233_223
233_224
233_225
233_226
233_227
233_228
233_229
233_230
233_231
233_232
233_233
233_234
233_235
233_236
233_237
233_238
233_239
233_240
233_241
233_242
233_243
233_244
233_245
233_246
233_247
233_248
233_249
233_250
233_251
233_252
233_253
233_254
233_255
233_256
233_257
233_258
233_259
233_260
233_261
233_262
233_263
233_264
233_265
233_266
233_267
233_268
233_269
233_270
233_271
233_272
233_273
233_274
233_275
233_276
233_277
233_278
233_279
233_280
233_281
233_282
233_283
233_284
233_285
233_286
233_287
233_288
233_289
233_290
233_291
233_292
233_293
233_294
233_295
233_296
233_297
233_298
233_299
233_300
233_301
233_302
233_303
233_304
233_305
233_306
233_307
233_308
233_309
233_310
233_311
233_312
233_313
233_314
233_315
233_316
233_317
233_318
233_319
233_320
233_321
233_322
233_323
233_324
233_325
233_326
233_327
233_328
233_329
233_330
233_331
233_332
233_333
233_334
233_335
233_336
233_337
233_338
233_339
233_340
233_341
233_342
233_343
233_344
233_345
233_346
233_347
233_348
233_349
233_350
233_351
233_352
233_353
233_354
233_355
233_356
233_357
233_358
233_359
233_360
233_361
233_362
233_363
233_364
233_365
233_366
233_367
233_368
233_369
233_370
233_371
233_372
233_373
233_374
233_375
233_376
233_377
233_378
233_379
233_380
233_381
233_382
233_383
233_384
233_385
233_386
233_387
233_388
233_389
233_390
233_391
233_392
233_393
233_394
233_395
233_396
233_397
233_398
233_399
233_400
233_401
233_402
233_403
233_404
233_405
233_406
233_407
233_408
233_409
233_410
233_411
233_412
233_413
233_414
233_415
233_416
233_417
233_418
233_419
233_420
233_421
233_422
233_423
233_424
233_425
233_426
233_427
233_428
233_429
233_430
233_431
233_432
233_433
233_434
233_435
233_436
233_437
233_438
233_439
233_440
233_441
233_442
233_443
233_444
233_445
233_446
233_447
233_448
233_449
233_450
233_451
233_452
233_453
233_454
233_455
233_456
233_457
233_458
233_459
233_460
233_461
233_462
233_463
233_464
233_465
233_466
233_467
233_468
233_469
233_470
233_471
233_472
233_473
233_474
233_475
233_476
233_477
233_478
233_479
233_480
233_481
233_482
233_483
233_484
233_485
233_486
233_487
233_488
233_489
233_490
233_491
233_492
233_493
233_494
233_495
233_496
233_497
233_498
233_499
233_500
233_501
233_502
233_503
233_504
233_505
233_506
233_507
233_508
233_509
233_510
233_511
233_512
233_513
233_514
233_515
233_516
233_517
233_518
233_519
233_520
233_521
233_522
233_523
233_524
233_525
233_526
233_527
233_528
233_529
233_530
233_531
233_532
233_533
233_534
233_535
233_536
233_537
233_538
233_539
233_540
233_541
233_542
233_543
233_544
233_545
233_546
233_547
233_548
233_549
233_550
233_551
233_552
233_553
233_554
233_555
233_556
233_557
233_558
233_559
233_560
233_561
233_562
233_563
233_564
233_565
233_566
233_567
233_568
233_569
233_570
233_571
233_572
233_573
233_574
233_575
233_576
233_577
233_578
233_579
233_580
233_581
233_582
233_583
233_584
233_585
233_586
233_587
233_588
233_589
233_590
233_591
233_592
233_593
233_594
233_595
233_596
233_597
233_598
233_599
233_600
233_601
233_602
233_603
233_604
233_605
233_606
233_607
233_608
233_609
233_610
233_611
233_612
233_613
233_614
233_615
233_616
233_617
233_618
233_619
233_620
233_621
233_622
233_623
233_624
233_625
233_626
233_627
233_628
233_629
233_630
233_631
233_632
233_633
233_634
233_635
233_636
233_637
233_638
233_639
233_640
233_641
233_642
233_643
233_644
233_645
233_646
233_647
233_648
233_649
233_650
233_651
233_652
233_653
233_654
233_655
233_656
233_657
233_658
233_659
233_660
233_661
233_662
233_663
233_664
233_665
233_666
233_667
233_668
233_669
233_670
233_671
233_672
233_673
233_674
233_675
233_676
233_677
233_678
233_679
233_680
233_681
233_682
233_683
233_684
233_685
233_686
233_687
233_688
233_689
233_690
233_691
233_692
233_693
233_694
233_695
233_696
233_697
233_698
233_699
233_700
233_701
233_702
233_703
233_704
233_705
233_706
233_707
233_708
233_709
233_710
233_711
233_712
233_713
233_714
233_715
233_716
233_717
233_718
233_719
233_720
233_721
233_722
233_723
233_724
233_725
233_726
233_727
233_728
233_729
233_730
233_731
233_732
233_733
233_734
233_735
233_736
233_737
233_738
233_739
233_740
233_741
233_742
233_743
233_744
233_745
233_746
233_747
233_748
233_749
233_750
233_751
233_752
233_753
233_754
233_755
233_756
233_757
233_758
233_759
233_760
233_761
233_762
233_763
233_764
233_765
233_766
233_767
233_768
233_769
233_770
233_771
233_772
233_773
233_774
233_775
233_776
233_777
233_778
233_779
233_780
233_781
233_782
233_783
233_784
233_785
233_786
233_787
233_788
233_789
233_790
233_791
233_792
233_793
233_794
233_795
233_796
233_797
233_798
233_799
233_800
233_801
233_802
233_803
233_804
233_805
233_806
233_807
233_808
233_809
233_810
233_811
233_812
233_813
233_814
233_815
233_816
233_817
233_818
233_819
233_820
233_821
233_822
233_823
233_824
233_825
233_826
233_827
233_828
233_829
233_830
233_831
233_832
233_833
233_834
233_835
233_836
233_837
233_838
233_839
233_840
233_841
233_842
233_843
233_844
233_845
233_846
233_847
233_848
233_849
233_850
233_851
233_852
233_853
233_854
233_855
233_856
233_857
233_858
233_859
233_860
233_861
233_862
233_863
233_864
233_865
233_866
233_867
233_868
233_869
233_870
233_871
233_872
233_873
233_874
233_875
233_876
233_877
233_878
233_879
233_880
233_881
233_882
233_883
233_884
233_885
233_886
233_887
233_888
233_889
233_890
233_891
233_892
233_893
233_894
233_895
233_896
233_897
233_898
233_899
233_900
233_901
233_902
233_903
233_904
233_905
233_906
233_907
233_908
233_909
233_910
233_911
233_912
233_913
233_914
233_915
233_916
233_917
233_918
233_919
233_920
233_921
233_922
233_923
233_924
233_925
233_926
233_927
233_928
233_929
233_930
233_931
233_932
233_933
233_934
233_935
233_936
233_937
233_938
233_939
233_940
233_941
233_942
233_943
233_944
233_945
233_946
233_947
233_948
233_949
233_950
233_951
233_952
233_953
233_954
233_955
233_956
233_957
233_958
233_959
233_960
233_961
233_962
233_963
233_964
233_965
233_966
233_967
233_968
233_969
233_970
233_971
233_972
233_973
233_974
233_975
233_976
233_977
233_978
233_979
233_980
233_981
233_982
233_983
233_984
233_985
233_986
233_987
233_988
233_989
233_990
233_991
233_992
233_993
233_994
233_995
233_996
233_997
233_998
233_999
233_1000
233_1001
233_1002
233_1003
233_1004
233_1005
233_1006
233_1007
233_1008
233_1009
233_1010
233_1011
233_1012
233_1013
233_1014
233_1015
233_1016
233_1017
233_1018
233_1019
233_1020
233_1021
233_1022
233_1023
233_1024
233_1025
233_1026
233_1027
233_1028
233_1029
233_1030
233_1031
233_1032
233_1033
233_1034
233_1035
233_1036
233_1037
233_1038
233_1039
233_1040
233_1041
233_1042
233_1043
233_1044
233_1045
233_1046
233_1047
233_1048
233_1049
233_1050
233_1051
233_1052
233_1053
233_1054
233_1055
233_1056
233_1057
233_1058
233_1059
233_1060
233_1061
233_1062
233_1063
233_1064
233_1065
233_1066
233_1067
233_1068
233_1069
233_1070
233_1071
233_1072
233_1073
233_1074
233_1075
233_1076
233_1077
233_1078
233_1079
233_1080
233_1081
233_1082
233_1083
233_1084
233_1085
233_1086
233_1087
233_1088
233_1089
233_1090
233_1091
233_1092
233_1093
233_1094
233_1095
233_1096
233_1097
233_1098
233_1099
233_1100
233_1101
233_1102
233_1103
233_1104
233_1105
233_1106
233_1107
233_1108
233_1109
233_1110
233_1111
233_1112
233_1113
233_1114
233_1115
233_1116
233_1117
233_1118
233_1119
233_1120
233_1121
233_1122
233_1123
233_1124
233_1125
233_1126
233_1127
233_1128
233_1129
233_1130
233_1131
233_1132
233_1133
233_1134
233_1135
233_1136
233_1137
233_1138
233_1139
233_1140
233_1141
233_1142
233_1143
233_1144
233_1145
233_1146
233_1147
233_1148
233_1149
233_1150
233_1151
233_1152
233_1153
233_1154
233_1155
233_1156
233_1157
233_1158
233_1159
233_1160
233_1161
233_1162
233_1163
233_1164
233_1165
233_1166
233_1167
233_1168
233_1169
233_1170
233_1171
233_1172
233_1173
233_1174
233_1175
233_1176
233_1177
233_1178
233_1179
233_1180
233_1181
233_1182
233_1183
233_1184
233_1185
233_1186
233_1187
233_1188
233_1189
233_1190
233_1191
233_1192
236_40
236_41
236_42
236_43
236_44
236_45
236_46
236_47
236_48
236_49
236_50
236_51
236_52
236_53
236_54
236_55
236_56
236_57
236_58
236_59
236_60
236_61
236_62
236_63
236_64
236_65
236_66
236_67
236_68
236_69
236_70
236_71
236_72
236_73
236_74
236_75
236_76
236_77
236_78
236_79
236_80
236_81
236_82
236_83
236_84
236_85
236_86
236_87
236_88
236_89
236_90
236_91
236_92
236_93
236_94
236_95
236_96
236_97
236_98
236_99
236_100
236_101
236_102
236_103
236_104
236_105
236_106
236_107
236_108
236_109
236_110
236_111
236_112
236_113
236_114
236_115
236_116
236_117
236_118
236_119
236_120
236_121
236_122
236_123
236_124
236_125
236_126
236_127
236_128
236_129
236_130
236_131
236_132
236_133
236_134
236_135
236_136
236_137
236_138
236_139
236_140
236_141
236_142
236_143
236_144
236_145
236_146
236_147
236_148
236_149
236_150
236_151
236_152
236_153
236_154
236_155
236_156
236_157
236_158
236_159
236_160
236_161
236_162
236_163
236_164
236_165
236_166
236_167
236_168
236_169
236_170
236_171
236_172
236_173
236_174
236_175
236_176
236_177
236_178
236_179
236_180
236_181
236_182
236_183
236_184
236_185
236_186
236_187
236_188
236_189
236_190
236_191
236_192
236_193
236_194
236_195
236_196
236_197
236_198
236_199
236_200
236_201
236_202
236_203
236_204
236_205
236_206
236_207
236_208
236_209
236_210
236_211
236_212
236_213
236_214
236_215
236_216
236_217
236_218
236_219
236_220
236_221
236_222
236_223
236_224
236_225
236_226
236_227
236_228
236_229
236_230
236_231
236_232
236_233
236_234
236_235
236_236
236_237
236_238
236_239
236_240
236_241
236_242
236_243
236_244
236_245
236_246
236_247
236_248
236_249
236_250
236_251
236_252
236_253
236_254
236_255
236_256
236_257
236_258
236_259
236_260
236_261
236_262
236_263
236_264
236_265
236_266
236_267
236_268
236_269
236_270
236_271
236_272
236_273
236_274
236_275
236_276
236_277
236_278
236_279
236_280
236_281
236_282
236_283
236_284
236_285
236_286
236_287
236_288
236_289
236_290
236_291
236_292
236_293
236_294
236_295
236_296
236_297
236_298
236_299
236_300
236_301
236_302
236_303
236_304
236_305
236_306
236_307
236_308
236_309
236_310
236_311
236_312
236_313
236_314
236_315
236_316
236_317
236_318
236_319
236_320
236_321
236_322
236_323
236_324
236_325
236_326
236_327
236_328
236_329
236_330
236_331
236_332
236_333
236_334
236_335
236_336
236_337
236_338
236_339
236_340
236_341
236_342
236_343
236_344
236_345
236_346
236_347
236_348
236_349
236_350
236_351
236_352
236_353
236_354
236_355
236_356
236_357
236_358
236_359
236_360
236_361
236_362
236_363
236_364
236_365
236_366
236_367
236_368
236_369
236_370
236_371
236_372
236_373
236_374
236_375
236_376
236_377
236_378
236_379
236_380
236_381
236_382
236_383
236_384
236_385
236_386
236_387
236_388
236_389
236_390
236_391
236_392
236_393
236_394
236_395
236_396
236_397
236_398
236_399
236_400
236_401
236_402
236_403
236_404
236_405
236_406
236_407
236_408
236_409
236_410
236_411
236_412
236_413
236_414
236_415
236_416
236_417
236_418
236_419
236_420
236_421
236_422
236_423
236_424
236_425
236_426
236_427
236_428
236_429
236_430
236_431
236_432
236_433
236_434
236_435
236_436
236_437
236_438
236_439
236_440
236_441
236_442
236_443
236_444
236_445
236_446
236_447
236_448
236_449
236_450
236_451
236_452
236_453
236_454
236_455
236_456
236_457
236_458
236_459
236_460
236_461
236_462
236_463
236_464
236_465
236_466
236_467
236_468
236_469
236_470
236_471
236_472
236_473
236_474
236_475
236_476
236_477
236_478
236_479
236_480
236_481
236_482
236_483
236_484
236_485
236_486
236_487
236_488
236_489
236_490
236_491
236_492
236_493
236_494
236_495
236_496
236_497
236_498
236_499
236_500
236_501
236_502
236_503
236_504
236_505
236_506
236_507
236_508
236_509
236_510
236_511
236_512
236_513
236_514
236_515
236_516
236_517
236_518
236_519
236_520
236_521
236_522
236_523
236_524
236_525
236_526
236_527
236_528
236_529
236_530
236_531
236_532
236_533
236_534
236_535
236_536
236_537
236_538
236_539
236_540
236_541
236_542
236_543
236_544
236_545
236_546
236_547
236_548
236_549
236_550
236_551
236_552
236_553
236_554
236_555
236_556
236_557
236_558
236_559
236_560
236_561
236_562
236_563
236_564
236_565
236_566
236_567
236_568
236_569
236_570
236_571
236_572
236_573
236_574
236_575
236_576
236_577
236_578
236_579
236_580
236_581
236_582
236_583
236_584
236_585
236_586
236_587
236_588
236_589
236_590
236_591
236_592
236_593
236_594
236_595
236_596
236_597
236_598
236_599
236_600
236_601
236_602
236_603
236_604
236_605
236_606
236_607
236_608
236_609
236_610
236_611
236_612
236_613
236_614
236_615
236_616
236_617
236_618
236_619
236_620
236_621
236_622
236_623
236_624
236_625
236_626
236_627
236_628
236_629
236_630
236_631
236_632
236_633
236_634
236_635
236_636
236_637
236_638
236_639
236_640
236_641
236_642
236_643
236_644
236_645
236_646
236_647
236_648
236_649
236_650
236_651
236_652
236_653
236_654
236_655
236_656
236_657
236_658
236_659
236_660
236_661
236_662
236_663
236_664
236_665
236_666
236_667
236_668
236_669
236_670
236_671
236_672
236_673
236_674
236_675
236_676
236_677
236_678
236_679
236_680
236_681
236_682
236_683
236_684
236_685
236_686
236_687
236_688
236_689
236_690
236_691
236_692
236_693
236_694
236_695
236_696
236_697
236_698
236_699
236_700
236_701
236_702
236_703
236_704
236_705
236_706
236_707
236_708
236_709
236_710
236_711
236_712
236_713
236_714
236_715
236_716
236_717
236_718
236_719
236_720
236_721
236_722
236_723
236_724
236_725
236_726
236_727
236_728
236_729
236_730
236_731
236_732
236_733
236_734
236_735
236_736
236_737
236_738
236_739
236_740
236_741
236_742
236_743
236_744
236_745
236_746
236_747
236_748
236_749
236_750
236_751
236_752
236_753
236_754
236_755
236_756
236_757
236_758
236_759
236_760
236_761
236_762
236_763
236_764
236_765
236_766
236_767
236_768
236_769
236_770
236_771
236_772
236_773
236_774
236_775
236_776
236_777
236_778
236_779
236_780
236_781
236_782
236_783
236_784
236_785
236_786
236_787
236_788
236_789
236_790
236_791
236_792
236_793
236_794
236_795
236_796
236_797
236_798
236_799
236_800
236_801
236_802
236_803
236_804
236_805
236_806
236_807
236_808
236_809
236_810
236_811
236_812
236_813
236_814
236_815
236_816
236_817
236_818
236_819
236_820
236_821
236_822
236_823
236_824
236_825
236_826
236_827
236_828
236_829
236_830
236_831
236_832
236_833
236_834
236_835
236_836
236_837
236_838
236_839
236_840
236_841
236_842
236_843
236_844
236_845
236_846
236_847
236_848
236_849
236_850
236_851
236_852
236_853
236_854
236_855
236_856
236_857
236_858
236_859
236_860
236_861
236_862
236_863
236_864
236_865
236_866
236_867
236_868
236_869
236_870
236_871
236_872
236_873
236_874
236_875
236_876
236_877
236_878
236_879
236_880
236_881
236_882
236_883
236_884
236_885
236_886
236_887
236_888
236_889
236_890
236_891
236_892
236_893
236_894
236_895
236_896
236_897
236_898
236_899
236_900
236_901
236_902
236_903
236_904
236_905
236_906
236_907
236_908
236_909
236_910
236_911
236_912
236_913
236_914
236_915
236_916
236_917
236_918
236_919
236_920
236_921
236_922
236_923
236_924
236_925
236_926
236_927
236_928
236_929
236_930
236_931
236_932
236_933
236_934
236_935
236_936
236_937
236_938
236_939
236_940
236_941
236_942
236_943
236_944
236_945
236_946
236_947
236_948
236_949
236_950
236_951
236_952
236_953
236_954
236_955
236_956
236_957
236_958
236_959
236_960
236_961
236_962
236_963
236_964
236_965
236_966
236_967
236_968
236_969
236_970
236_971
236_972
236_973
236_974
236_975
236_976
236_977
236_978
236_979
236_980
236_981
236_982
236_983
236_984
236_985
236_986
236_987
236_988
236_989
236_990
236_991
236_992
236_993
236_994
236_995
236_996
236_997
236_998
236_999
236_1000
236_1001
236_1002
236_1003
236_1004
236_1005
236_1006
236_1007
236_1008
236_1009
236_1010
236_1011
236_1012
236_1013
236_1014
236_1015
236_1016
236_1017
236_1018
236_1019
236_1020
236_1021
236_1022
236_1023
236_1024
236_1025
236_1026
236_1027
236_1028
236_1029
236_1030
236_1031
236_1032
236_1033
236_1034
236_1035
236_1036
236_1037
236_1038
236_1039
236_1040
236_1041
236_1042
236_1043
236_1044
236_1045
236_1046
236_1047
236_1048
236_1049
236_1050
236_1051
236_1052
236_1053
236_1054
236_1055
236_1056
236_1057
236_1058
236_1059
236_1060
236_1061
236_1062
236_1063
236_1064
236_1065
236_1066
236_1067
236_1068
236_1069
236_1070
236_1071
236_1072
236_1073
236_1074
236_1075
236_1076
236_1077
236_1078
236_1079
236_1080
236_1081
236_1082
236_1083
236_1084
236_1085
236_1086
236_1087
236_1088
236_1089
236_1090
236_1091
236_1092
236_1093
236_1094
236_1095
236_1096
236_1097
236_1098
236_1099
236_1100
236_1101
236_1102
236_1103
236_1104
236_1105
236_1106
236_1107
236_1108
236_1109
236_1110
236_1111
236_1112
236_1113
236_1114
236_1115
236_1116
236_1117
236_1118
236_1119
236_1120
236_1121
236_1122
236_1123
236_1124
236_1125
236_1126
236_1127
236_1128
236_1129
236_1130
236_1131
236_1132
236_1133
236_1134
236_1135
236_1136
236_1137
236_1138
236_1139
236_1140
236_1141
236_1142
236_1143
236_1144
236_1145
236_1146
236_1147
236_1148
236_1149
236_1150
236_1151
236_1152
236_1153
236_1154
236_1155
236_1156
236_1157
236_1158
236_1159
236_1160
236_1161
236_1162
236_1163
236_1164
236_1165
236_1166
236_1167
236_1168
236_1169
236_1170
236_1171
236_1172
236_1173
236_1174
236_1175
236_1176
236_1177
236_1178
236_1179
236_1180
236_1181
236_1182
236_1183
236_1184
236_1185
236_1186
236_1187
236_1188
236_1189
236_1190
236_1191
236_1192
236_1193
236_1194
236_1195
236_1196
236_1197
236_1198
236_1199
236_1200
236_1201
236_1202
236_1203
236_1204
236_1205
236_1206
236_1207
236_1208
236_1209
236_1210
236_1211
236_1212
236_1213
236_1214
236_1215
237_40
237_41
237_42
237_43
237_44
237_45
237_46
237_47
237_48
237_49
237_50
237_51
237_52
237_53
237_54
237_55
237_56
237_57
237_58
237_59
237_60
237_61
237_62
237_63
237_64
237_65
237_66
237_67
237_68
237_69
237_70
237_71
237_72
237_73
237_74
237_75
237_76
237_77
237_78
237_79
237_80
237_81
237_82
237_83
237_84
237_85
237_86
237_87
237_88
237_89
237_90
237_91
237_92
237_93
237_94
237_95
237_96
237_97
237_98
237_99
237_100
237_101
237_102
237_103
237_104
237_105
237_106
237_107
237_108
237_109
237_110
237_111
237_112
237_113
237_114
237_115
237_116
237_117
237_118
237_119
237_120
237_121
237_122
237_123
237_124
237_125
237_126
237_127
237_128
237_129
237_130
237_131
237_132
237_133
237_134
237_135
237_136
237_137
237_138
237_139
237_140
237_141
237_142
237_143
237_144
237_145
237_146
237_147
237_148
237_149
237_150
237_151
237_152
237_153
237_154
237_155
237_156
237_157
237_158
237_159
237_160
237_161
237_162
237_163
237_164
237_165
237_166
237_167
237_168
237_169
237_170
237_171
237_172
237_173
237_174
237_175
237_176
237_177
237_178
237_179
237_180
237_181
237_182
237_183
237_184
237_185
237_186
237_187
237_188
237_189
237_190
237_191
237_192
237_193
237_194
237_195
237_196
237_197
237_198
237_199
237_200
237_201
237_202
237_203
237_204
237_205
237_206
237_207
237_208
237_209
237_210
237_211
237_212
237_213
237_214
237_215
237_216
237_217
237_218
237_219
237_220
237_221
237_222
237_223
237_224
237_225
237_226
237_227
237_228
237_229
237_230
237_231
237_232
237_233
237_234
237_235
237_236
237_237
237_238
237_239
237_240
237_241
237_242
237_243
237_244
237_245
237_246
237_247
237_248
237_249
237_250
237_251
237_252
237_253
237_254
237_255
237_256
237_257
237_258
237_259
237_260
237_261
237_262
237_263
237_264
237_265
237_266
237_267
237_268
237_269
237_270
237_271
237_272
237_273
237_274
237_275
237_276
237_277
237_278
237_279
237_280
237_281
237_282
237_283
237_284
237_285
237_286
237_287
237_288
237_289
237_290
237_291
237_292
237_293
237_294
237_295
237_296
237_297
237_298
237_299
237_300
237_301
237_302
237_303
237_304
237_305
237_306
237_307
237_308
237_309
237_310
237_311
237_312
237_313
237_314
237_315
237_316
237_317
237_318
237_319
237_320
237_321
237_322
237_323
237_324
237_325
237_326
237_327
237_328
237_329
237_330
237_331
237_332
237_333
237_334
237_335
237_336
237_337
237_338
237_339
237_340
237_341
237_342
237_343
237_344
237_345
237_346
237_347
237_348
237_349
237_350
237_351
237_352
237_353
237_354
237_355
237_356
237_357
237_358
237_359
237_360
237_361
237_362
237_363
237_364
237_365
237_366
237_367
237_368
237_369
237_370
237_371
237_372
237_373
237_374
237_375
237_376
237_377
237_378
237_379
237_380
237_381
237_382
237_383
237_384
237_385
237_386
237_387
237_388
237_389
237_390
237_391
237_392
237_393
237_394
237_395
237_396
237_397
237_398
237_399
237_400
237_401
237_402
237_403
237_404
237_405
237_406
237_407
237_408
237_409
237_410
237_411
237_412
237_413
237_414
237_415
237_416
237_417
237_418
237_419
237_420
237_421
237_422
237_423
237_424
237_425
237_426
237_427
237_428
237_429
237_430
237_431
237_432
237_433
237_434
237_435
237_436
237_437
237_438
237_439
237_440
237_441
237_442
237_443
237_444
237_445
237_446
237_447
237_448
237_449
237_450
237_451
237_452
237_453
237_454
237_455
237_456
237_457
237_458
237_459
237_460
237_461
237_462
237_463
237_464
237_465
237_466
237_467
237_468
237_469
237_470
237_471
237_472
237_473
237_474
237_475
237_476
237_477
237_478
237_479
237_480
237_481
237_482
237_483
237_484
237_485
237_486
237_487
237_488
237_489
237_490
237_491
237_492
237_493
237_494
237_495
237_496
237_497
237_498
237_499
237_500
237_501
237_502
237_503
237_504
237_505
237_506
237_507
237_508
237_509
237_510
237_511
237_512
237_513
237_514
237_515
237_516
237_517
237_518
237_519
237_520
237_521
237_522
237_523
237_524
237_525
237_526
237_527
237_528
237_529
237_530
237_531
237_532
237_533
237_534
237_535
237_536
237_537
237_538
237_539
237_540
237_541
237_542
237_543
237_544
237_545
237_546
237_547
237_548
237_549
237_550
237_551
237_552
237_553
237_554
237_555
237_556
237_557
237_558
237_559
237_560
237_561
237_562
237_563
237_564
237_565
237_566
237_567
237_568
237_569
237_570
237_571
237_572
237_573
237_574
237_575
237_576
237_577
237_578
237_579
237_580
237_581
237_582
237_583
237_584
237_585
237_586
237_587
237_588
237_589
237_590
237_591
237_592
237_593
237_594
237_595
237_596
237_597
237_598
237_599
237_600
237_601
237_602
237_603
237_604
237_605
237_606
237_607
237_608
237_609
237_610
237_611
237_612
237_613
237_614
237_615
237_616
237_617
237_618
237_619
237_620
237_621
237_622
237_623
237_624
237_625
237_626
237_627
237_628
237_629
237_630
237_631
237_632
237_633
237_634
237_635
237_636
237_637
237_638
237_639
237_640
237_641
237_642
237_643
237_644
237_645
237_646
237_647
237_648
237_649
237_650
237_651
237_652
237_653
237_654
237_655
237_656
237_657
237_658
237_659
237_660
237_661
237_662
237_663
237_664
237_665
237_666
237_667
237_668
237_669
237_670
237_671
237_672
237_673
237_674
237_675
237_676
237_677
237_678
237_679
237_680
237_681
237_682
237_683
237_684
237_685
237_686
237_687
237_688
237_689
237_690
237_691
237_692
237_693
237_694
237_695
237_696
237_697
237_698
237_699
237_700
237_701
237_702
237_703
237_704
237_705
237_706
237_707
237_708
237_709
237_710
237_711
237_712
237_713
237_714
237_715
237_716
237_717
237_718
237_719
237_720
237_721
237_722
237_723
237_724
237_725
237_726
237_727
237_728
237_729
237_730
237_731
237_732
237_733
237_734
237_735
237_736
237_737
237_738
237_739
237_740
237_741
237_742
237_743
237_744
237_745
237_746
237_747
237_748
237_749
237_750
237_751
237_752
237_753
237_754
237_755
237_756
237_757
237_758
237_759
237_760
237_761
237_762
237_763
237_764
237_765
237_766
237_767
237_768
237_769
237_770
237_771
237_772
237_773
237_774
237_775
237_776
237_777
237_778
237_779
237_780
237_781
237_782
237_783
237_784
237_785
237_786
237_787
237_788
237_789
237_790
237_791
237_792
237_793
237_794
237_795
237_796
237_797
237_798
237_799
237_800
237_801
237_802
237_803
237_804
237_805
237_806
237_807
237_808
237_809
237_810
237_811
237_812
237_813
237_814
237_815
237_816
237_817
237_818
237_819
237_820
237_821
237_822
237_823
237_824
237_825
237_826
237_827
237_828
237_829
237_830
237_831
237_832
237_833
237_834
237_835
237_836
237_837
237_838
237_839
237_840
237_841
237_842
237_843
237_844
237_845
237_846
237_847
237_848
237_849
237_850
237_851
237_852
237_853
237_854
237_855
237_856
237_857
237_858
237_859
237_860
237_861
237_862
237_863
237_864
237_865
237_866
237_867
237_868
237_869
237_870
237_871
237_872
237_873
237_874
237_875
237_876
237_877
237_878
237_879
237_880
237_881
237_882
237_883
237_884
237_885
237_886
237_887
237_888
237_889
237_890
237_891
237_892
237_893
237_894
237_895
237_896
237_897
237_898
237_899
237_900
237_901
237_902
237_903
237_904
237_905
237_906
237_907
237_908
237_909
237_910
237_911
237_912
237_913
237_914
237_915
237_916
237_917
237_918
237_919
237_920
237_921
237_922
237_923
237_924
237_925
237_926
237_927
237_928
237_929
237_930
237_931
237_932
237_933
237_934
237_935
237_936
237_937
237_938
237_939
237_940
237_941
237_942
237_943
237_944
237_945
237_946
237_947
237_948
237_949
237_950
237_951
237_952
237_953
237_954
237_955
237_956
237_957
237_958
237_959
237_960
237_961
237_962
237_963
237_964
237_965
237_966
237_967
237_968
237_969
237_970
237_971
237_972
237_973
237_974
237_975
237_976
237_977
237_978
237_979
237_980
237_981
237_982
237_983
237_984
237_985
237_986
237_987
237_988
237_989
237_990
237_991
237_992
237_993
237_994
237_995
237_996
237_997
237_998
237_999
237_1000
237_1001
237_1002
237_1003
237_1004
237_1005
237_1006
237_1007
237_1008
237_1009
237_1010
237_1011
237_1012
237_1013
237_1014
237_1015
237_1016
237_1017
237_1018
237_1019
237_1020
237_1021
237_1022
237_1023
237_1024
237_1025
237_1026
237_1027
237_1028
237_1029
237_1030
237_1031
237_1032
237_1033
237_1034
237_1035
237_1036
237_1037
237_1038
237_1039
237_1040
237_1041
237_1042
237_1043
237_1044
237_1045
237_1046
237_1047
237_1048
237_1049
237_1050
237_1051
237_1052
237_1053
237_1054
237_1055
237_1056
237_1057
237_1058
237_1059
237_1060
237_1061
237_1062
237_1063
237_1064
237_1065
237_1066
237_1067
237_1068
237_1069
237_1070
237_1071
237_1072
237_1073
237_1074
237_1075
237_1076
237_1077
237_1078
237_1079
237_1080
237_1081
237_1082
237_1083
237_1084
237_1085
237_1086
237_1087
237_1088
237_1089
237_1090
237_1091
237_1092
237_1093
237_1094
237_1095
237_1096
237_1097
237_1098
237_1099
237_1100
237_1101
237_1102
237_1103
237_1104
237_1105
237_1106
237_1107
237_1108
237_1109
237_1110
237_1111
237_1112
237_1113
237_1114
237_1115
237_1116
237_1117
237_1118
237_1119
237_1120
237_1121
237_1122
237_1123
237_1124
237_1125
237_1126
237_1127
237_1128
237_1129
237_1130
237_1131
237_1132
237_1133
237_1134
237_1135
237_1136
237_1137
237_1138
237_1139
237_1140
237_1141
237_1142
237_1143
237_1144
237_1145
237_1146
237_1147
237_1148
237_1149
237_1150
237_1151
237_1152
237_1153
237_1154
237_1155
237_1156
237_1157
237_1158
237_1159
237_1160
237_1161
237_1162
237_1163
237_1164
237_1165
237_1166
237_1167
237_1168
237_1169
237_1170
237_1171
237_1172
237_1173
237_1174
237_1175
237_1176
237_1177
237_1178
237_1179
237_1180
237_1181
237_1182
237_1183
237_1184
237_1185
237_1186
237_1187
237_1188
237_1189
237_1190
237_1191
237_1192
237_1193
237_1194
237_1195
237_1196
237_1197
237_1198
237_1199
237_1200
238_40
238_41
238_42
238_43
238_44
238_45
238_46
238_47
238_48
238_49
238_50
238_51
238_52
238_53
238_54
238_55
238_56
238_57
238_58
238_59
238_60
238_61
238_62
238_63
238_64
238_65
238_66
238_67
238_68
238_69
238_70
238_71
238_72
238_73
238_74
238_75
238_76
238_77
238_78
238_79
238_80
238_81
238_82
238_83
238_84
238_85
238_86
238_87
238_88
238_89
238_90
238_91
238_92
238_93
238_94
238_95
238_96
238_97
238_98
238_99
238_100
238_101
238_102
238_103
238_104
238_105
238_106
238_107
238_108
238_109
238_110
238_111
238_112
238_113
238_114
238_115
238_116
238_117
238_118
238_119
238_120
238_121
238_122
238_123
238_124
238_125
238_126
238_127
238_128
238_129
238_130
238_131
238_132
238_133
238_134
238_135
238_136
238_137
238_138
238_139
238_140
238_141
238_142
238_143
238_144
238_145
238_146
238_147
238_148
238_149
238_150
238_151
238_152
238_153
238_154
238_155
238_156
238_157
238_158
238_159
238_160
238_161
238_162
238_163
238_164
238_165
238_166
238_167
238_168
238_169
238_170
238_171
238_172
238_173
238_174
238_175
238_176
238_177
238_178
238_179
238_180
238_181
238_182
238_183
238_184
238_185
238_186
238_187
238_188
238_189
238_190
238_191
238_192
238_193
238_194
238_195
238_196
238_197
238_198
238_199
238_200
238_201
238_202
238_203
238_204
238_205
238_206
238_207
238_208
238_209
238_210
238_211
238_212
238_213
238_214
238_215
238_216
238_217
238_218
238_219
238_220
238_221
238_222
238_223
238_224
238_225
238_226
238_227
238_228
238_229
238_230
238_231
238_232
238_233
238_234
238_235
238_236
238_237
238_238
238_239
238_240
238_241
238_242
238_243
238_244
238_245
238_246
238_247
238_248
238_249
238_250
238_251
238_252
238_253
238_254
238_255
238_256
238_257
238_258
238_259
238_260
238_261
238_262
238_263
238_264
238_265
238_266
238_267
238_268
238_269
238_270
238_271
238_272
238_273
238_274
238_275
238_276
238_277
238_278
238_279
238_280
238_281
238_282
238_283
238_284
238_285
238_286
238_287
238_288
238_289
238_290
238_291
238_292
238_293
238_294
238_295
238_296
238_297
238_298
238_299
238_300
238_301
238_302
238_303
238_304
238_305
238_306
238_307
238_308
238_309
238_310
238_311
238_312
238_313
238_314
238_315
238_316
238_317
238_318
238_319
238_320
238_321
238_322
238_323
238_324
238_325
238_326
238_327
238_328
238_329
238_330
238_331
238_332
238_333
238_334
238_335
238_336
238_337
238_338
238_339
238_340
238_341
238_342
238_343
238_344
238_345
238_346
238_347
238_348
238_349
238_350
238_351
238_352
238_353
238_354
238_355
238_356
238_357
238_358
238_359
238_360
238_361
238_362
238_363
238_364
238_365
238_366
238_367
238_368
238_369
238_370
238_371
238_372
238_373
238_374
238_375
238_376
238_377
238_378
238_379
238_380
238_381
238_382
238_383
238_384
238_385
238_386
238_387
238_388
238_389
238_390
238_391
238_392
238_393
238_394
238_395
238_396
238_397
238_398
238_399
238_400
238_401
238_402
238_403
238_404
238_405
238_406
238_407
238_408
238_409
238_410
238_411
238_412
238_413
238_414
238_415
238_416
238_417
238_418
238_419
238_420
238_421
238_422
238_423
238_424
238_425
238_426
238_427
238_428
238_429
238_430
238_431
238_432
238_433
238_434
238_435
238_436
238_437
238_438
238_439
238_440
238_441
238_442
238_443
238_444
238_445
238_446
238_447
238_448
238_449
238_450
238_451
238_452
238_453
238_454
238_455
238_456
238_457
238_458
238_459
238_460
238_461
238_462
238_463
238_464
238_465
238_466
238_467
238_468
238_469
238_470
238_471
238_472
238_473
238_474
238_475
238_476
238_477
238_478
238_479
238_480
238_481
238_482
238_483
238_484
238_485
238_486
238_487
238_488
238_489
238_490
238_491
238_492
238_493
238_494
238_495
238_496
238_497
238_498
238_499
238_500
238_501
238_502
238_503
238_504
238_505
238_506
238_507
238_508
238_509
238_510
238_511
238_512
238_513
238_514
238_515
238_516
238_517
238_518
238_519
238_520
238_521
238_522
238_523
238_524
238_525
238_526
238_527
238_528
238_529
238_530
238_531
238_532
238_533
238_534
238_535
238_536
238_537
238_538
238_539
238_540
238_541
238_542
238_543
238_544
238_545
238_546
238_547
238_548
238_549
238_550
238_551
238_552
238_553
238_554
238_555
238_556
238_557
238_558
238_559
238_560
238_561
238_562
238_563
238_564
238_565
238_566
238_567
238_568
238_569
238_570
238_571
238_572
238_573
238_574
238_575
238_576
238_577
238_578
238_579
238_580
238_581
238_582
238_583
238_584
238_585
238_586
238_587
238_588
238_589
238_590
238_591
238_592
238_593
238_594
238_595
238_596
238_597
238_598
238_599
238_600
238_601
238_602
238_603
238_604
238_605
238_606
238_607
238_608
238_609
238_610
238_611
238_612
238_613
238_614
238_615
238_616
238_617
238_618
238_619
238_620
238_621
238_622
238_623
238_624
238_625
238_626
238_627
238_628
238_629
238_630
238_631
238_632
238_633
238_634
238_635
238_636
238_637
238_638
238_639
238_640
238_641
238_642
238_643
238_644
238_645
238_646
238_647
238_648
238_649
238_650
238_651
238_652
238_653
238_654
238_655
238_656
238_657
238_658
238_659
238_660
238_661
238_662
238_663
238_664
238_665
238_666
238_667
238_668
238_669
238_670
238_671
238_672
238_673
238_674
238_675
238_676
238_677
238_678
238_679
238_680
238_681
238_682
238_683
238_684
238_685
238_686
238_687
238_688
238_689
238_690
238_691
238_692
238_693
238_694
238_695
238_696
238_697
238_698
238_699
238_700
238_701
238_702
238_703
238_704
238_705
238_706
238_707
238_708
238_709
238_710
238_711
238_712
238_713
238_714
238_715
238_716
238_717
238_718
238_719
238_720
238_721
238_722
238_723
238_724
238_725
238_726
238_727
238_728
238_729
238_730
238_731
238_732
238_733
238_734
238_735
238_736
238_737
238_738
238_739
238_740
238_741
238_742
238_743
238_744
238_745
238_746
238_747
238_748
238_749
238_750
238_751
238_752
238_753
238_754
238_755
238_756
238_757
238_758
238_759
238_760
238_761
238_762
238_763
238_764
238_765
238_766
238_767
238_768
238_769
238_770
238_771
238_772
238_773
238_774
238_775
238_776
238_777
238_778
238_779
238_780
238_781
238_782
238_783
238_784
238_785
238_786
238_787
238_788
238_789
238_790
238_791
238_792
238_793
238_794
238_795
238_796
238_797
238_798
238_799
238_800
238_801
238_802
238_803
238_804
238_805
238_806
238_807
238_808
238_809
238_810
238_811
238_812
238_813
238_814
238_815
238_816
238_817
238_818
238_819
238_820
238_821
238_822
238_823
238_824
238_825
238_826
238_827
238_828
238_829
238_830
238_831
238_832
238_833
238_834
238_835
238_836
238_837
238_838
238_839
238_840
238_841
238_842
238_843
238_844
238_845
238_846
238_847
238_848
238_849
238_850
238_851
238_852
238_853
238_854
238_855
238_856
238_857
238_858
238_859
238_860
238_861
238_862
238_863
238_864
238_865
238_866
238_867
238_868
238_869
238_870
238_871
238_872
238_873
238_874
238_875
238_876
238_877
238_878
238_879
238_880
238_881
238_882
238_883
238_884
238_885
238_886
238_887
238_888
238_889
238_890
238_891
238_892
238_893
238_894
238_895
238_896
238_897
238_898
238_899
238_900
238_901
238_902
238_903
238_904
238_905
238_906
238_907
238_908
238_909
238_910
238_911
238_912
238_913
238_914
238_915
238_916
238_917
238_918
238_919
238_920
238_921
238_922
238_923
238_924
238_925
238_926
238_927
238_928
238_929
238_930
238_931
238_932
238_933
238_934
238_935
238_936
238_937
238_938
238_939
238_940
238_941
238_942
238_943
238_944
238_945
238_946
238_947
238_948
238_949
238_950
238_951
238_952
238_953
238_954
238_955
238_956
238_957
238_958
238_959
238_960
238_961
238_962
238_963
238_964
238_965
238_966
238_967
238_968
238_969
238_970
238_971
238_972
238_973
238_974
238_975
238_976
238_977
238_978
238_979
238_980
238_981
238_982
238_983
238_984
238_985
238_986
238_987
238_988
238_989
238_990
238_991
238_992
238_993
238_994
238_995
238_996
238_997
238_998
238_999
238_1000
238_1001
238_1002
238_1003
238_1004
238_1005
238_1006
238_1007
238_1008
238_1009
238_1010
238_1011
238_1012
238_1013
238_1014
238_1015
238_1016
238_1017
238_1018
238_1019
238_1020
238_1021
238_1022
238_1023
238_1024
238_1025
238_1026
238_1027
238_1028
238_1029
238_1030
238_1031
238_1032
238_1033
238_1034
238_1035
238_1036
238_1037
238_1038
238_1039
238_1040
238_1041
238_1042
238_1043
238_1044
238_1045
238_1046
238_1047
238_1048
238_1049
238_1050
238_1051
238_1052
238_1053
238_1054
238_1055
238_1056
238_1057
238_1058
238_1059
238_1060
238_1061
238_1062
238_1063
238_1064
238_1065
238_1066
238_1067
238_1068
238_1069
238_1070
238_1071
238_1072
238_1073
238_1074
238_1075
238_1076
238_1077
238_1078
238_1079
238_1080
238_1081
238_1082
238_1083
238_1084
238_1085
238_1086
238_1087
238_1088
238_1089
238_1090
238_1091
238_1092
238_1093
238_1094
238_1095
238_1096
238_1097
238_1098
238_1099
238_1100
238_1101
238_1102
238_1103
238_1104
238_1105
238_1106
238_1107
238_1108
238_1109
238_1110
238_1111
238_1112
238_1113
238_1114
238_1115
238_1116
238_1117
238_1118
238_1119
238_1120
238_1121
238_1122
238_1123
238_1124
238_1125
238_1126
238_1127
238_1128
238_1129
238_1130
238_1131
238_1132
238_1133
238_1134
238_1135
238_1136
238_1137
238_1138
238_1139
238_1140
238_1141
238_1142
238_1143
238_1144
238_1145
238_1146
238_1147
238_1148
238_1149
238_1150
238_1151
238_1152
238_1153
238_1154
238_1155
238_1156
238_1157
238_1158
238_1159
238_1160
238_1161
238_1162
238_1163
238_1164
238_1165
238_1166
238_1167
238_1168
238_1169
238_1170
238_1171
238_1172
238_1173
238_1174
238_1175
238_1176
238_1177
238_1178
238_1179
238_1180
238_1181
238_1182
238_1183
238_1184
238_1185
238_1186
238_1187
238_1188
238_1189
238_1190
238_1191
238_1192
238_1193
238_1194
238_1195
238_1196
238_1197
238_1198
238_1199
238_1200
238_1201
238_1202
238_1203
238_1204
238_1205
242_40
242_41
242_42
242_43
242_44
242_45
242_46
242_47
242_48
242_49
242_50
242_51
242_52
242_53
242_54
242_55
242_56
242_57
242_58
242_59
242_60
242_61
242_62
242_63
242_64
242_65
242_66
242_67
242_68
242_69
242_70
242_71
242_72
242_73
242_74
242_75
242_76
242_77
242_78
242_79
242_80
242_81
242_82
242_83
242_84
242_85
242_86
242_87
242_88
242_89
242_90
242_91
242_92
242_93
242_94
242_95
242_96
242_97
242_98
242_99
242_100
242_101
242_102
242_103
242_104
242_105
242_106
242_107
242_108
242_109
242_110
242_111
242_112
242_113
242_114
242_115
242_116
242_117
242_118
242_119
242_120
242_121
242_122
242_123
242_124
242_125
242_126
242_127
242_128
242_129
242_130
242_131
242_132
242_133
242_134
242_135
242_136
242_137
242_138
242_139
242_140
242_141
242_142
242_143
242_144
242_145
242_146
242_147
242_148
242_149
242_150
242_151
242_152
242_153
242_154
242_155
242_156
242_157
242_158
242_159
242_160
242_161
242_162
242_163
242_164
242_165
242_166
242_167
242_168
242_169
242_170
242_171
242_172
242_173
242_174
242_175
242_176
242_177
242_178
242_179
242_180
242_181
242_182
242_183
242_184
242_185
242_186
242_187
242_188
242_189
242_190
242_191
242_192
242_193
242_194
242_195
242_196
242_197
242_198
242_199
242_200
242_201
242_202
242_203
242_204
242_205
242_206
242_207
242_208
242_209
242_210
242_211
242_212
242_213
242_214
242_215
242_216
242_217
242_218
242_219
242_220
242_221
242_222
242_223
242_224
242_225
242_226
242_227
242_228
242_229
242_230
242_231
242_232
242_233
242_234
242_235
242_236
242_237
242_238
242_239
242_240
242_241
242_242
242_243
242_244
242_245
242_246
242_247
242_248
242_249
242_250
242_251
242_252
242_253
242_254
242_255
242_256
242_257
242_258
242_259
242_260
242_261
242_262
242_263
242_264
242_265
242_266
242_267
242_268
242_269
242_270
242_271
242_272
242_273
242_274
242_275
242_276
242_277
242_278
242_279
242_280
242_281
242_282
242_283
242_284
242_285
242_286
242_287
242_288
242_289
242_290
242_291
242_292
242_293
242_294
242_295
242_296
242_297
242_298
242_299
242_300
242_301
242_302
242_303
242_304
242_305
242_306
242_307
242_308
242_309
242_310
242_311
242_312
242_313
242_314
242_315
242_316
242_317
242_318
242_319
242_320
242_321
242_322
242_323
242_324
242_325
242_326
242_327
242_328
242_329
242_330
242_331
242_332
242_333
242_334
242_335
242_336
242_337
242_338
242_339
242_340
242_341
242_342
242_343
242_344
242_345
242_346
242_347
242_348
242_349
242_350
242_351
242_352
242_353
242_354
242_355
242_356
242_357
242_358
242_359
242_360
242_361
242_362
242_363
242_364
242_365
242_366
242_367
242_368
242_369
242_370
242_371
242_372
242_373
242_374
242_375
242_376
242_377
242_378
242_379
242_380
242_381
242_382
242_383
242_384
242_385
242_386
242_387
242_388
242_389
242_390
242_391
242_392
242_393
242_394
242_395
242_396
242_397
242_398
242_399
242_400
242_401
242_402
242_403
242_404
242_405
242_406
242_407
242_408
242_409
242_410
242_411
242_412
242_413
242_414
242_415
242_416
242_417
242_418
242_419
242_420
242_421
242_422
242_423
242_424
242_425
242_426
242_427
242_428
242_429
242_430
242_431
242_432
242_433
242_434
242_435
242_436
242_437
242_438
242_439
242_440
242_441
242_442
242_443
242_444
242_445
242_446
242_447
242_448
242_449
242_450
242_451
242_452
242_453
242_454
242_455
242_456
242_457
242_458
242_459
242_460
242_461
242_462
242_463
242_464
242_465
242_466
242_467
242_468
242_469
242_470
242_471
242_472
242_473
242_474
242_475
242_476
242_477
242_478
242_479
242_480
242_481
242_482
242_483
242_484
242_485
242_486
242_487
242_488
242_489
242_490
242_491
242_492
242_493
242_494
242_495
242_496
242_497
242_498
242_499
242_500
242_501
242_502
242_503
242_504
242_505
242_506
242_507
242_508
242_509
242_510
242_511
242_512
242_513
242_514
242_515
242_516
242_517
242_518
242_519
242_520
242_521
242_522
242_523
242_524
242_525
242_526
242_527
242_528
242_529
242_530
242_531
242_532
242_533
242_534
242_535
242_536
242_537
242_538
242_539
242_540
242_541
242_542
242_543
242_544
242_545
242_546
242_547
242_548
242_549
242_550
242_551
242_552
242_553
242_554
242_555
242_556
242_557
242_558
242_559
242_560
242_561
242_562
242_563
242_564
242_565
242_566
242_567
242_568
242_569
242_570
242_571
242_572
242_573
242_574
242_575
242_576
242_577
242_578
242_579
242_580
242_581
242_582
242_583
242_584
242_585
242_586
242_587
242_588
242_589
242_590
242_591
242_592
242_593
242_594
242_595
242_596
242_597
242_598
242_599
242_600
242_601
242_602
242_603
242_604
242_605
242_606
242_607
242_608
242_609
242_610
242_611
242_612
242_613
242_614
242_615
242_616
242_617
242_618
242_619
242_620
242_621
242_622
242_623
242_624
242_625
242_626
242_627
242_628
242_629
242_630
242_631
242_632
242_633
242_634
242_635
242_636
242_637
242_638
242_639
242_640
242_641
242_642
242_643
242_644
242_645
242_646
242_647
242_648
242_649
242_650
242_651
242_652
242_653
242_654
242_655
242_656
242_657
242_658
242_659
242_660
242_661
242_662
242_663
242_664
242_665
242_666
242_667
242_668
242_669
242_670
242_671
242_672
242_673
242_674
242_675
242_676
242_677
242_678
242_679
242_680
242_681
242_682
242_683
242_684
242_685
242_686
242_687
242_688
242_689
242_690
242_691
242_692
242_693
242_694
242_695
242_696
242_697
242_698
242_699
242_700
242_701
242_702
242_703
242_704
242_705
242_706
242_707
242_708
242_709
242_710
242_711
242_712
242_713
242_714
242_715
242_716
242_717
242_718
242_719
242_720
242_721
242_722
242_723
242_724
242_725
242_726
242_727
242_728
242_729
242_730
242_731
242_732
242_733
242_734
242_735
242_736
242_737
242_738
242_739
242_740
242_741
242_742
242_743
242_744
242_745
242_746
242_747
242_748
242_749
242_750
242_751
242_752
242_753
242_754
242_755
242_756
242_757
242_758
242_759
242_760
242_761
242_762
242_763
242_764
242_765
242_766
242_767
242_768
242_769
242_770
242_771
242_772
242_773
242_774
242_775
242_776
242_777
242_778
242_779
242_780
242_781
242_782
242_783
242_784
242_785
242_786
242_787
242_788
242_789
242_790
242_791
242_792
242_793
242_794
242_795
242_796
242_797
242_798
242_799
242_800
242_801
242_802
242_803
242_804
242_805
242_806
242_807
242_808
242_809
242_810
242_811
242_812
242_813
242_814
242_815
242_816
242_817
242_818
242_819
242_820
242_821
242_822
242_823
242_824
242_825
242_826
242_827
242_828
242_829
242_830
242_831
242_832
242_833
242_834
242_835
242_836
242_837
242_838
242_839
242_840
242_841
242_842
242_843
242_844
242_845
242_846
242_847
242_848
242_849
242_850
242_851
242_852
242_853
242_854
242_855
242_856
242_857
242_858
242_859
242_860
242_861
242_862
242_863
242_864
242_865
242_866
242_867
242_868
242_869
242_870
242_871
242_872
242_873
242_874
242_875
242_876
242_877
242_878
242_879
242_880
242_881
242_882
242_883
242_884
242_885
242_886
242_887
242_888
242_889
242_890
242_891
242_892
242_893
242_894
242_895
242_896
242_897
242_898
242_899
242_900
242_901
242_902
242_903
242_904
242_905
242_906
242_907
242_908
242_909
242_910
242_911
242_912
242_913
242_914
242_915
242_916
242_917
242_918
242_919
242_920
242_921
242_922
242_923
242_924
242_925
242_926
242_927
242_928
242_929
242_930
242_931
242_932
242_933
242_934
242_935
242_936
242_937
242_938
242_939
242_940
242_941
242_942
242_943
242_944
242_945
242_946
242_947
242_948
242_949
242_950
242_951
242_952
242_953
242_954
242_955
242_956
242_957
242_958
242_959
242_960
242_961
242_962
242_963
242_964
242_965
242_966
242_967
242_968
242_969
242_970
242_971
242_972
242_973
242_974
242_975
242_976
242_977
242_978
242_979
242_980
242_981
242_982
242_983
242_984
242_985
242_986
242_987
242_988
242_989
242_990
242_991
242_992
242_993
242_994
242_995
242_996
242_997
242_998
242_999
242_1000
242_1001
242_1002
242_1003
242_1004
242_1005
242_1006
242_1007
242_1008
242_1009
242_1010
242_1011
242_1012
242_1013
242_1014
242_1015
242_1016
242_1017
242_1018
242_1019
242_1020
242_1021
242_1022
242_1023
242_1024
242_1025
242_1026
242_1027
242_1028
242_1029
242_1030
242_1031
242_1032
242_1033
242_1034
242_1035
242_1036
242_1037
242_1038
242_1039
242_1040
242_1041
242_1042
242_1043
242_1044
242_1045
242_1046
242_1047
242_1048
242_1049
242_1050
242_1051
242_1052
242_1053
242_1054
242_1055
242_1056
242_1057
242_1058
242_1059
242_1060
242_1061
242_1062
242_1063
242_1064
242_1065
242_1066
242_1067
242_1068
242_1069
242_1070
242_1071
242_1072
242_1073
242_1074
242_1075
242_1076
242_1077
242_1078
242_1079
242_1080
242_1081
242_1082
242_1083
242_1084
242_1085
242_1086
242_1087
242_1088
242_1089
242_1090
242_1091
242_1092
242_1093
242_1094
242_1095
242_1096
242_1097
242_1098
242_1099
242_1100
242_1101
242_1102
242_1103
242_1104
242_1105
242_1106
242_1107
242_1108
242_1109
242_1110
242_1111
242_1112
242_1113
242_1114
242_1115
242_1116
242_1117
242_1118
242_1119
242_1120
242_1121
242_1122
242_1123
242_1124
242_1125
242_1126
242_1127
242_1128
242_1129
242_1130
242_1131
242_1132
242_1133
242_1134
242_1135
242_1136
242_1137
242_1138
242_1139
242_1140
242_1141
242_1142
242_1143
242_1144
242_1145
242_1146
242_1147
242_1148
242_1149
242_1150
242_1151
242_1152
242_1153
242_1154
242_1155
242_1156
242_1157
242_1158
242_1159
242_1160
242_1161
242_1162
242_1163
242_1164
242_1165
242_1166
242_1167
242_1168
242_1169
242_1170
242_1171
242_1172
242_1173
242_1174
242_1175
242_1176
242_1177
242_1178
242_1179
242_1180
242_1181
242_1182
242_1183
242_1184
242_1185
242_1186
242_1187
242_1188
242_1189
242_1190
242_1191
242_1192
242_1193
242_1194
242_1195
242_1196
242_1197
242_1198
242_1199
242_1200
242_1201
242_1202
242_1203
242_1204
242_1205
242_1206
242_1207
242_1208
242_1209
242_1210
242_1211
242_1212
242_1213
242_1214
242_1215
242_1216
242_1217
242_1218
242_1219
242_1220
242_1221
242_1222
245_40
245_41
245_42
245_43
245_44
245_45
245_46
245_47
245_48
245_49
245_50
245_51
245_52
245_53
245_54
245_55
245_56
245_57
245_58
245_59
245_60
245_61
245_62
245_63
245_64
245_65
245_66
245_67
245_68
245_69
245_70
245_71
245_72
245_73
245_74
245_75
245_76
245_77
245_78
245_79
245_80
245_81
245_82
245_83
245_84
245_85
245_86
245_87
245_88
245_89
245_90
245_91
245_92
245_93
245_94
245_95
245_96
245_97
245_98
245_99
245_100
245_101
245_102
245_103
245_104
245_105
245_106
245_107
245_108
245_109
245_110
245_111
245_112
245_113
245_114
245_115
245_116
245_117
245_118
245_119
245_120
245_121
245_122
245_123
245_124
245_125
245_126
245_127
245_128
245_129
245_130
245_131
245_132
245_133
245_134
245_135
245_136
245_137
245_138
245_139
245_140
245_141
245_142
245_143
245_144
245_145
245_146
245_147
245_148
245_149
245_150
245_151
245_152
245_153
245_154
245_155
245_156
245_157
245_158
245_159
245_160
245_161
245_162
245_163
245_164
245_165
245_166
245_167
245_168
245_169
245_170
245_171
245_172
245_173
245_174
245_175
245_176
245_177
245_178
245_179
245_180
245_181
245_182
245_183
245_184
245_185
245_186
245_187
245_188
245_189
245_190
245_191
245_192
245_193
245_194
245_195
245_196
245_197
245_198
245_199
245_200
245_201
245_202
245_203
245_204
245_205
245_206
245_207
245_208
245_209
245_210
245_211
245_212
245_213
245_214
245_215
245_216
245_217
245_218
245_219
245_220
245_221
245_222
245_223
245_224
245_225
245_226
245_227
245_228
245_229
245_230
245_231
245_232
245_233
245_234
245_235
245_236
245_237
245_238
245_239
245_240
245_241
245_242
245_243
245_244
245_245
245_246
245_247
245_248
245_249
245_250
245_251
245_252
245_253
245_254
245_255
245_256
245_257
245_258
245_259
245_260
245_261
245_262
245_263
245_264
245_265
245_266
245_267
245_268
245_269
245_270
245_271
245_272
245_273
245_274
245_275
245_276
245_277
245_278
245_279
245_280
245_281
245_282
245_283
245_284
245_285
245_286
245_287
245_288
245_289
245_290
245_291
245_292
245_293
245_294
245_295
245_296
245_297
245_298
245_299
245_300
245_301
245_302
245_303
245_304
245_305
245_306
245_307
245_308
245_309
245_310
245_311
245_312
245_313
245_314
245_315
245_316
245_317
245_318
245_319
245_320
245_321
245_322
245_323
245_324
245_325
245_326
245_327
245_328
245_329
245_330
245_331
245_332
245_333
245_334
245_335
245_336
245_337
245_338
245_339
245_340
245_341
245_342
245_343
245_344
245_345
245_346
245_347
245_348
245_349
245_350
245_351
245_352
245_353
245_354
245_355
245_356
245_357
245_358
245_359
245_360
245_361
245_362
245_363
245_364
245_365
245_366
245_367
245_368
245_369
245_370
245_371
245_372
245_373
245_374
245_375
245_376
245_377
245_378
245_379
245_380
245_381
245_382
245_383
245_384
245_385
245_386
245_387
245_388
245_389
245_390
245_391
245_392
245_393
245_394
245_395
245_396
245_397
245_398
245_399
245_400
245_401
245_402
245_403
245_404
245_405
245_406
245_407
245_408
245_409
245_410
245_411
245_412
245_413
245_414
245_415
245_416
245_417
245_418
245_419
245_420
245_421
245_422
245_423
245_424
245_425
245_426
245_427
245_428
245_429
245_430
245_431
245_432
245_433
245_434
245_435
245_436
245_437
245_438
245_439
245_440
245_441
245_442
245_443
245_444
245_445
245_446
245_447
245_448
245_449
245_450
245_451
245_452
245_453
245_454
245_455
245_456
245_457
245_458
245_459
245_460
245_461
245_462
245_463
245_464
245_465
245_466
245_467
245_468
245_469
245_470
245_471
245_472
245_473
245_474
245_475
245_476
245_477
245_478
245_479
245_480
245_481
245_482
245_483
245_484
245_485
245_486
245_487
245_488
245_489
245_490
245_491
245_492
245_493
245_494
245_495
245_496
245_497
245_498
245_499
245_500
245_501
245_502
245_503
245_504
245_505
245_506
245_507
245_508
245_509
245_510
245_511
245_512
245_513
245_514
245_515
245_516
245_517
245_518
245_519
245_520
245_521
245_522
245_523
245_524
245_525
245_526
245_527
245_528
245_529
245_530
245_531
245_532
245_533
245_534
245_535
245_536
245_537
245_538
245_539
245_540
245_541
245_542
245_543
245_544
245_545
245_546
245_547
245_548
245_549
245_550
245_551
245_552
245_553
245_554
245_555
245_556
245_557
245_558
245_559
245_560
245_561
245_562
245_563
245_564
245_565
245_566
245_567
245_568
245_569
245_570
245_571
245_572
245_573
245_574
245_575
245_576
245_577
245_578
245_579
245_580
245_581
245_582
245_583
245_584
245_585
245_586
245_587
245_588
245_589
245_590
245_591
245_592
245_593
245_594
245_595
245_596
245_597
245_598
245_599
245_600
245_601
245_602
245_603
245_604
245_605
245_606
245_607
245_608
245_609
245_610
245_611
245_612
245_613
245_614
245_615
245_616
245_617
245_618
245_619
245_620
245_621
245_622
245_623
245_624
245_625
245_626
245_627
245_628
245_629
245_630
245_631
245_632
245_633
245_634
245_635
245_636
245_637
245_638
245_639
245_640
245_641
245_642
245_643
245_644
245_645
245_646
245_647
245_648
245_649
245_650
245_651
245_652
245_653
245_654
245_655
245_656
245_657
245_658
245_659
245_660
245_661
245_662
245_663
245_664
245_665
245_666
245_667
245_668
245_669
245_670
245_671
245_672
245_673
245_674
245_675
245_676
245_677
245_678
245_679
245_680
245_681
245_682
245_683
245_684
245_685
245_686
245_687
245_688
245_689
245_690
245_691
245_692
245_693
245_694
245_695
245_696
245_697
245_698
245_699
245_700
245_701
245_702
245_703
245_704
245_705
245_706
245_707
245_708
245_709
245_710
245_711
245_712
245_713
245_714
245_715
245_716
245_717
245_718
245_719
245_720
245_721
245_722
245_723
245_724
245_725
245_726
245_727
245_728
245_729
245_730
245_731
245_732
245_733
245_734
245_735
245_736
245_737
245_738
245_739
245_740
245_741
245_742
245_743
245_744
245_745
245_746
245_747
245_748
245_749
245_750
245_751
245_752
245_753
245_754
245_755
245_756
245_757
245_758
245_759
245_760
245_761
245_762
245_763
245_764
245_765
245_766
245_767
245_768
245_769
245_770
245_771
245_772
245_773
245_774
245_775
245_776
245_777
245_778
245_779
245_780
245_781
245_782
245_783
245_784
245_785
245_786
245_787
245_788
245_789
245_790
245_791
245_792
245_793
245_794
245_795
245_796
245_797
245_798
245_799
245_800
245_801
245_802
245_803
245_804
245_805
245_806
245_807
245_808
245_809
245_810
245_811
245_812
245_813
245_814
245_815
245_816
245_817
245_818
245_819
245_820
245_821
245_822
245_823
245_824
245_825
245_826
245_827
245_828
245_829
245_830
245_831
245_832
245_833
245_834
245_835
245_836
245_837
245_838
245_839
245_840
245_841
245_842
245_843
245_844
245_845
245_846
245_847
245_848
245_849
245_850
245_851
245_852
245_853
245_854
245_855
245_856
245_857
245_858
245_859
245_860
245_861
245_862
245_863
245_864
245_865
245_866
245_867
245_868
245_869
245_870
245_871
245_872
245_873
245_874
245_875
245_876
245_877
245_878
245_879
245_880
245_881
245_882
245_883
245_884
245_885
245_886
245_887
245_888
245_889
245_890
245_891
245_892
245_893
245_894
245_895
245_896
245_897
245_898
245_899
245_900
245_901
245_902
245_903
245_904
245_905
245_906
245_907
245_908
245_909
245_910
245_911
245_912
245_913
245_914
245_915
245_916
245_917
245_918
245_919
245_920
245_921
245_922
245_923
245_924
245_925
245_926
245_927
245_928
245_929
245_930
245_931
245_932
245_933
245_934
245_935
245_936
245_937
245_938
245_939
245_940
245_941
245_942
245_943
245_944
245_945
245_946
245_947
245_948
245_949
245_950
245_951
245_952
245_953
245_954
245_955
245_956
245_957
245_958
245_959
245_960
245_961
245_962
245_963
245_964
245_965
245_966
245_967
245_968
245_969
245_970
245_971
245_972
245_973
245_974
245_975
245_976
245_977
245_978
245_979
245_980
245_981
245_982
245_983
245_984
245_985
245_986
245_987
245_988
245_989
245_990
245_991
245_992
245_993
245_994
245_995
245_996
245_997
245_998
245_999
245_1000
245_1001
245_1002
245_1003
245_1004
245_1005
245_1006
245_1007
245_1008
245_1009
245_1010
245_1011
245_1012
245_1013
245_1014
245_1015
245_1016
245_1017
245_1018
245_1019
245_1020
245_1021
245_1022
245_1023
245_1024
245_1025
245_1026
245_1027
245_1028
245_1029
245_1030
245_1031
245_1032
245_1033
245_1034
245_1035
245_1036
245_1037
245_1038
245_1039
245_1040
245_1041
245_1042
245_1043
245_1044
245_1045
245_1046
245_1047
245_1048
245_1049
245_1050
245_1051
245_1052
245_1053
245_1054
245_1055
245_1056
245_1057
245_1058
245_1059
245_1060
245_1061
245_1062
245_1063
245_1064
245_1065
245_1066
245_1067
245_1068
245_1069
245_1070
245_1071
245_1072
245_1073
245_1074
245_1075
245_1076
245_1077
245_1078
245_1079
245_1080
245_1081
245_1082
245_1083
245_1084
245_1085
245_1086
245_1087
245_1088
245_1089
245_1090
245_1091
245_1092
245_1093
245_1094
245_1095
245_1096
245_1097
245_1098
245_1099
245_1100
245_1101
245_1102
245_1103
245_1104
245_1105
245_1106
245_1107
245_1108
245_1109
245_1110
245_1111
245_1112
245_1113
245_1114
245_1115
245_1116
245_1117
245_1118
245_1119
245_1120
245_1121
245_1122
245_1123
245_1124
245_1125
245_1126
245_1127
245_1128
245_1129
245_1130
245_1131
245_1132
245_1133
245_1134
245_1135
245_1136
245_1137
245_1138
245_1139
245_1140
245_1141
245_1142
245_1143
245_1144
245_1145
245_1146
245_1147
245_1148
245_1149
245_1150
245_1151
245_1152
245_1153
245_1154
245_1155
245_1156
245_1157
245_1158
245_1159
245_1160
245_1161
245_1162
245_1163
245_1164
245_1165
245_1166
245_1167
245_1168
245_1169
245_1170
245_1171
245_1172
245_1173
245_1174
245_1175
245_1176
245_1177
245_1178
245_1179
245_1180
245_1181
245_1182
245_1183
245_1184
245_1185
245_1186
245_1187
245_1188
245_1189
245_1190
245_1191
245_1192
245_1193
245_1194
245_1195
245_1196
245_1197
245_1198
245_1199
245_1200
245_1201
245_1202
245_1203
245_1204
245_1205
245_1206
245_1207
245_1208
246_40
246_41
246_42
246_43
246_44
246_45
246_46
246_47
246_48
246_49
246_50
246_51
246_52
246_53
246_54
246_55
246_56
246_57
246_58
246_59
246_60
246_61
246_62
246_63
246_64
246_65
246_66
246_67
246_68
246_69
246_70
246_71
246_72
246_73
246_74
246_75
246_76
246_77
246_78
246_79
246_80
246_81
246_82
246_83
246_84
246_85
246_86
246_87
246_88
246_89
246_90
246_91
246_92
246_93
246_94
246_95
246_96
246_97
246_98
246_99
246_100
246_101
246_102
246_103
246_104
246_105
246_106
246_107
246_108
246_109
246_110
246_111
246_112
246_113
246_114
246_115
246_116
246_117
246_118
246_119
246_120
246_121
246_122
246_123
246_124
246_125
246_126
246_127
246_128
246_129
246_130
246_131
246_132
246_133
246_134
246_135
246_136
246_137
246_138
246_139
246_140
246_141
246_142
246_143
246_144
246_145
246_146
246_147
246_148
246_149
246_150
246_151
246_152
246_153
246_154
246_155
246_156
246_157
246_158
246_159
246_160
246_161
246_162
246_163
246_164
246_165
246_166
246_167
246_168
246_169
246_170
246_171
246_172
246_173
246_174
246_175
246_176
246_177
246_178
246_179
246_180
246_181
246_182
246_183
246_184
246_185
246_186
246_187
246_188
246_189
246_190
246_191
246_192
246_193
246_194
246_195
246_196
246_197
246_198
246_199
246_200
246_201
246_202
246_203
246_204
246_205
246_206
246_207
246_208
246_209
246_210
246_211
246_212
246_213
246_214
246_215
246_216
246_217
246_218
246_219
246_220
246_221
246_222
246_223
246_224
246_225
246_226
246_227
246_228
246_229
246_230
246_231
246_232
246_233
246_234
246_235
246_236
246_237
246_238
246_239
246_240
246_241
246_242
246_243
246_244
246_245
246_246
246_247
246_248
246_249
246_250
246_251
246_252
246_253
246_254
246_255
246_256
246_257
246_258
246_259
246_260
246_261
246_262
246_263
246_264
246_265
246_266
246_267
246_268
246_269
246_270
246_271
246_272
246_273
246_274
246_275
246_276
246_277
246_278
246_279
246_280
246_281
246_282
246_283
246_284
246_285
246_286
246_287
246_288
246_289
246_290
246_291
246_292
246_293
246_294
246_295
246_296
246_297
246_298
246_299
246_300
246_301
246_302
246_303
246_304
246_305
246_306
246_307
246_308
246_309
246_310
246_311
246_312
246_313
246_314
246_315
246_316
246_317
246_318
246_319
246_320
246_321
246_322
246_323
246_324
246_325
246_326
246_327
246_328
246_329
246_330
246_331
246_332
246_333
246_334
246_335
246_336
246_337
246_338
246_339
246_340
246_341
246_342
246_343
246_344
246_345
246_346
246_347
246_348
246_349
246_350
246_351
246_352
246_353
246_354
246_355
246_356
246_357
246_358
246_359
246_360
246_361
246_362
246_363
246_364
246_365
246_366
246_367
246_368
246_369
246_370
246_371
246_372
246_373
246_374
246_375
246_376
246_377
246_378
246_379
246_380
246_381
246_382
246_383
246_384
246_385
246_386
246_387
246_388
246_389
246_390
246_391
246_392
246_393
246_394
246_395
246_396
246_397
246_398
246_399
246_400
246_401
246_402
246_403
246_404
246_405
246_406
246_407
246_408
246_409
246_410
246_411
246_412
246_413
246_414
246_415
246_416
246_417
246_418
246_419
246_420
246_421
246_422
246_423
246_424
246_425
246_426
246_427
246_428
246_429
246_430
246_431
246_432
246_433
246_434
246_435
246_436
246_437
246_438
246_439
246_440
246_441
246_442
246_443
246_444
246_445
246_446
246_447
246_448
246_449
246_450
246_451
246_452
246_453
246_454
246_455
246_456
246_457
246_458
246_459
246_460
246_461
246_462
246_463
246_464
246_465
246_466
246_467
246_468
246_469
246_470
246_471
246_472
246_473
246_474
246_475
246_476
246_477
246_478
246_479
246_480
246_481
246_482
246_483
246_484
246_485
246_486
246_487
246_488
246_489
246_490
246_491
246_492
246_493
246_494
246_495
246_496
246_497
246_498
246_499
246_500
246_501
246_502
246_503
246_504
246_505
246_506
246_507
246_508
246_509
246_510
246_511
246_512
246_513
246_514
246_515
246_516
246_517
246_518
246_519
246_520
246_521
246_522
246_523
246_524
246_525
246_526
246_527
246_528
246_529
246_530
246_531
246_532
246_533
246_534
246_535
246_536
246_537
246_538
246_539
246_540
246_541
246_542
246_543
246_544
246_545
246_546
246_547
246_548
246_549
246_550
246_551
246_552
246_553
246_554
246_555
246_556
246_557
246_558
246_559
246_560
246_561
246_562
246_563
246_564
246_565
246_566
246_567
246_568
246_569
246_570
246_571
246_572
246_573
246_574
246_575
246_576
246_577
246_578
246_579
246_580
246_581
246_582
246_583
246_584
246_585
246_586
246_587
246_588
246_589
246_590
246_591
246_592
246_593
246_594
246_595
246_596
246_597
246_598
246_599
246_600
246_601
246_602
246_603
246_604
246_605
246_606
246_607
246_608
246_609
246_610
246_611
246_612
246_613
246_614
246_615
246_616
246_617
246_618
246_619
246_620
246_621
246_622
246_623
246_624
246_625
246_626
246_627
246_628
246_629
246_630
246_631
246_632
246_633
246_634
246_635
246_636
246_637
246_638
246_639
246_640
246_641
246_642
246_643
246_644
246_645
246_646
246_647
246_648
246_649
246_650
246_651
246_652
246_653
246_654
246_655
246_656
246_657
246_658
246_659
246_660
246_661
246_662
246_663
246_664
246_665
246_666
246_667
246_668
246_669
246_670
246_671
246_672
246_673
246_674
246_675
246_676
246_677
246_678
246_679
246_680
246_681
246_682
246_683
246_684
246_685
246_686
246_687
246_688
246_689
246_690
246_691
246_692
246_693
246_694
246_695
246_696
246_697
246_698
246_699
246_700
246_701
246_702
246_703
246_704
246_705
246_706
246_707
246_708
246_709
246_710
246_711
246_712
246_713
246_714
246_715
246_716
246_717
246_718
246_719
246_720
246_721
246_722
246_723
246_724
246_725
246_726
246_727
246_728
246_729
246_730
246_731
246_732
246_733
246_734
246_735
246_736
246_737
246_738
246_739
246_740
246_741
246_742
246_743
246_744
246_745
246_746
246_747
246_748
246_749
246_750
246_751
246_752
246_753
246_754
246_755
246_756
246_757
246_758
246_759
246_760
246_761
246_762
246_763
246_764
246_765
246_766
246_767
246_768
246_769
246_770
246_771
246_772
246_773
246_774
246_775
246_776
246_777
246_778
246_779
246_780
246_781
246_782
246_783
246_784
246_785
246_786
246_787
246_788
246_789
246_790
246_791
246_792
246_793
246_794
246_795
246_796
246_797
246_798
246_799
246_800
246_801
246_802
246_803
246_804
246_805
246_806
246_807
246_808
246_809
246_810
246_811
246_812
246_813
246_814
246_815
246_816
246_817
246_818
246_819
246_820
246_821
246_822
246_823
246_824
246_825
246_826
246_827
246_828
246_829
246_830
246_831
246_832
246_833
246_834
246_835
246_836
246_837
246_838
246_839
246_840
246_841
246_842
246_843
246_844
246_845
246_846
246_847
246_848
246_849
246_850
246_851
246_852
246_853
246_854
246_855
246_856
246_857
246_858
246_859
246_860
246_861
246_862
246_863
246_864
246_865
246_866
246_867
246_868
246_869
246_870
246_871
246_872
246_873
246_874
246_875
246_876
246_877
246_878
246_879
246_880
246_881
246_882
246_883
246_884
246_885
246_886
246_887
246_888
246_889
246_890
246_891
246_892
246_893
246_894
246_895
246_896
246_897
246_898
246_899
246_900
246_901
246_902
246_903
246_904
246_905
246_906
246_907
246_908
246_909
246_910
246_911
246_912
246_913
246_914
246_915
246_916
246_917
246_918
246_919
246_920
246_921
246_922
246_923
246_924
246_925
246_926
246_927
246_928
246_929
246_930
246_931
246_932
246_933
246_934
246_935
246_936
246_937
246_938
246_939
246_940
246_941
246_942
246_943
246_944
246_945
246_946
246_947
246_948
246_949
246_950
246_951
246_952
246_953
246_954
246_955
246_956
246_957
246_958
246_959
246_960
246_961
246_962
246_963
246_964
246_965
246_966
246_967
246_968
246_969
246_970
246_971
246_972
246_973
246_974
246_975
246_976
246_977
246_978
246_979
246_980
246_981
246_982
246_983
246_984
246_985
246_986
246_987
246_988
246_989
246_990
246_991
246_992
246_993
246_994
246_995
246_996
246_997
246_998
246_999
246_1000
246_1001
246_1002
246_1003
246_1004
246_1005
246_1006
246_1007
246_1008
246_1009
246_1010
246_1011
246_1012
246_1013
246_1014
246_1015
246_1016
246_1017
246_1018
246_1019
246_1020
246_1021
246_1022
246_1023
246_1024
246_1025
246_1026
246_1027
246_1028
246_1029
246_1030
246_1031
246_1032
246_1033
246_1034
246_1035
246_1036
246_1037
246_1038
246_1039
246_1040
246_1041
246_1042
246_1043
246_1044
246_1045
246_1046
246_1047
246_1048
246_1049
246_1050
246_1051
246_1052
246_1053
246_1054
246_1055
246_1056
246_1057
246_1058
246_1059
246_1060
246_1061
246_1062
246_1063
246_1064
246_1065
246_1066
246_1067
246_1068
246_1069
246_1070
246_1071
246_1072
246_1073
246_1074
246_1075
246_1076
246_1077
246_1078
246_1079
246_1080
246_1081
246_1082
246_1083
246_1084
246_1085
246_1086
246_1087
246_1088
246_1089
246_1090
246_1091
246_1092
246_1093
246_1094
246_1095
246_1096
246_1097
246_1098
246_1099
246_1100
246_1101
246_1102
246_1103
246_1104
246_1105
246_1106
246_1107
246_1108
246_1109
246_1110
246_1111
246_1112
246_1113
246_1114
246_1115
246_1116
246_1117
246_1118
246_1119
246_1120
246_1121
246_1122
246_1123
246_1124
246_1125
246_1126
246_1127
246_1128
246_1129
246_1130
246_1131
246_1132
246_1133
246_1134
246_1135
246_1136
246_1137
246_1138
246_1139
246_1140
246_1141
246_1142
246_1143
246_1144
246_1145
246_1146
246_1147
246_1148
246_1149
246_1150
246_1151
246_1152
246_1153
246_1154
246_1155
246_1156
246_1157
246_1158
246_1159
246_1160
246_1161
246_1162
246_1163
246_1164
246_1165
246_1166
246_1167
246_1168
246_1169
246_1170
246_1171
246_1172
246_1173
246_1174
246_1175
246_1176
246_1177
246_1178
246_1179
246_1180
246_1181
246_1182
246_1183
246_1184
246_1185
246_1186
246_1187
246_1188
246_1189
246_1190
246_1191
246_1192
246_1193
246_1194
246_1195
246_1196
246_1197
246_1198
246_1199
246_1200
246_1201
246_1202
246_1203
246_1204
246_1205
246_1206
246_1207
246_1208
246_1209
246_1210
246_1211
246_1212
246_1213
246_1214
247_40
247_41
247_42
247_43
247_44
247_45
247_46
247_47
247_48
247_49
247_50
247_51
247_52
247_53
247_54
247_55
247_56
247_57
247_58
247_59
247_60
247_61
247_62
247_63
247_64
247_65
247_66
247_67
247_68
247_69
247_70
247_71
247_72
247_73
247_74
247_75
247_76
247_77
247_78
247_79
247_80
247_81
247_82
247_83
247_84
247_85
247_86
247_87
247_88
247_89
247_90
247_91
247_92
247_93
247_94
247_95
247_96
247_97
247_98
247_99
247_100
247_101
247_102
247_103
247_104
247_105
247_106
247_107
247_108
247_109
247_110
247_111
247_112
247_113
247_114
247_115
247_116
247_117
247_118
247_119
247_120
247_121
247_122
247_123
247_124
247_125
247_126
247_127
247_128
247_129
247_130
247_131
247_132
247_133
247_134
247_135
247_136
247_137
247_138
247_139
247_140
247_141
247_142
247_143
247_144
247_145
247_146
247_147
247_148
247_149
247_150
247_151
247_152
247_153
247_154
247_155
247_156
247_157
247_158
247_159
247_160
247_161
247_162
247_163
247_164
247_165
247_166
247_167
247_168
247_169
247_170
247_171
247_172
247_173
247_174
247_175
247_176
247_177
247_178
247_179
247_180
247_181
247_182
247_183
247_184
247_185
247_186
247_187
247_188
247_189
247_190
247_191
247_192
247_193
247_194
247_195
247_196
247_197
247_198
247_199
247_200
247_201
247_202
247_203
247_204
247_205
247_206
247_207
247_208
247_209
247_210
247_211
247_212
247_213
247_214
247_215
247_216
247_217
247_218
247_219
247_220
247_221
247_222
247_223
247_224
247_225
247_226
247_227
247_228
247_229
247_230
247_231
247_232
247_233
247_234
247_235
247_236
247_237
247_238
247_239
247_240
247_241
247_242
247_243
247_244
247_245
247_246
247_247
247_248
247_249
247_250
247_251
247_252
247_253
247_254
247_255
247_256
247_257
247_258
247_259
247_260
247_261
247_262
247_263
247_264
247_265
247_266
247_267
247_268
247_269
247_270
247_271
247_272
247_273
247_274
247_275
247_276
247_277
247_278
247_279
247_280
247_281
247_282
247_283
247_284
247_285
247_286
247_287
247_288
247_289
247_290
247_291
247_292
247_293
247_294
247_295
247_296
247_297
247_298
247_299
247_300
247_301
247_302
247_303
247_304
247_305
247_306
247_307
247_308
247_309
247_310
247_311
247_312
247_313
247_314
247_315
247_316
247_317
247_318
247_319
247_320
247_321
247_322
247_323
247_324
247_325
247_326
247_327
247_328
247_329
247_330
247_331
247_332
247_333
247_334
247_335
247_336
247_337
247_338
247_339
247_340
247_341
247_342
247_343
247_344
247_345
247_346
247_347
247_348
247_349
247_350
247_351
247_352
247_353
247_354
247_355
247_356
247_357
247_358
247_359
247_360
247_361
247_362
247_363
247_364
247_365
247_366
247_367
247_368
247_369
247_370
247_371
247_372
247_373
247_374
247_375
247_376
247_377
247_378
247_379
247_380
247_381
247_382
247_383
247_384
247_385
247_386
247_387
247_388
247_389
247_390
247_391
247_392
247_393
247_394
247_395
247_396
247_397
247_398
247_399
247_400
247_401
247_402
247_403
247_404
247_405
247_406
247_407
247_408
247_409
247_410
247_411
247_412
247_413
247_414
247_415
247_416
247_417
247_418
247_419
247_420
247_421
247_422
247_423
247_424
247_425
247_426
247_427
247_428
247_429
247_430
247_431
247_432
247_433
247_434
247_435
247_436
247_437
247_438
247_439
247_440
247_441
247_442
247_443
247_444
247_445
247_446
247_447
247_448
247_449
247_450
247_451
247_452
247_453
247_454
247_455
247_456
247_457
247_458
247_459
247_460
247_461
247_462
247_463
247_464
247_465
247_466
247_467
247_468
247_469
247_470
247_471
247_472
247_473
247_474
247_475
247_476
247_477
247_478
247_479
247_480
247_481
247_482
247_483
247_484
247_485
247_486
247_487
247_488
247_489
247_490
247_491
247_492
247_493
247_494
247_495
247_496
247_497
247_498
247_499
247_500
247_501
247_502
247_503
247_504
247_505
247_506
247_507
247_508
247_509
247_510
247_511
247_512
247_513
247_514
247_515
247_516
247_517
247_518
247_519
247_520
247_521
247_522
247_523
247_524
247_525
247_526
247_527
247_528
247_529
247_530
247_531
247_532
247_533
247_534
247_535
247_536
247_537
247_538
247_539
247_540
247_541
247_542
247_543
247_544
247_545
247_546
247_547
247_548
247_549
247_550
247_551
247_552
247_553
247_554
247_555
247_556
247_557
247_558
247_559
247_560
247_561
247_562
248_40
248_41
248_42
248_43
248_44
248_45
248_46
248_47
248_48
248_49
248_50
248_51
248_52
248_53
248_54
248_55
248_56
248_57
248_58
248_59
248_60
248_61
248_62
248_63
248_64
248_65
248_66
248_67
248_68
248_69
248_70
248_71
248_72
248_73
248_74
248_75
248_76
248_77
248_78
248_79
248_80
248_81
248_82
248_83
248_84
248_85
248_86
248_87
248_88
248_89
248_90
248_91
248_92
248_93
248_94
248_95
248_96
248_97
248_98
248_99
248_100
248_101
248_102
248_103
248_104
248_105
248_106
248_107
248_108
248_109
248_110
248_111
248_112
248_113
248_114
248_115
248_116
248_117
248_118
248_119
248_120
248_121
248_122
248_123
248_124
248_125
248_126
248_127
248_128
248_129
248_130
248_131
248_132
248_133
248_134
248_135
248_136
248_137
248_138
248_139
248_140
248_141
248_142
248_143
248_144
248_145
248_146
248_147
248_148
248_149
248_150
248_151
248_152
248_153
248_154
248_155
248_156
248_157
248_158
248_159
248_160
248_161
248_162
248_163
248_164
248_165
248_166
248_167
248_168
248_169
248_170
248_171
248_172
248_173
248_174
248_175
248_176
248_177
248_178
248_179
248_180
248_181
248_182
248_183
248_184
248_185
248_186
248_187
248_188
248_189
248_190
248_191
248_192
248_193
248_194
248_195
248_196
248_197
248_198
248_199
248_200
248_201
248_202
248_203
248_204
248_205
248_206
248_207
248_208
248_209
248_210
248_211
248_212
248_213
248_214
248_215
248_216
248_217
248_218
248_219
248_220
248_221
248_222
248_223
248_224
248_225
248_226
248_227
248_228
248_229
248_230
248_231
248_232
248_233
248_234
248_235
248_236
248_237
248_238
248_239
248_240
248_241
248_242
248_243
248_244
248_245
248_246
248_247
248_248
248_249
248_250
248_251
248_252
248_253
248_254
248_255
248_256
248_257
248_258
248_259
248_260
248_261
248_262
248_263
248_264
248_265
248_266
248_267
248_268
248_269
248_270
248_271
248_272
248_273
248_274
248_275
248_276
248_277
248_278
248_279
248_280
248_281
248_282
248_283
248_284
248_285
248_286
248_287
248_288
248_289
248_290
248_291
248_292
248_293
248_294
248_295
248_296
248_297
248_298
248_299
248_300
248_301
248_302
248_303
248_304
248_305
248_306
248_307
248_308
248_309
248_310
248_311
248_312
248_313
248_314
248_315
248_316
248_317
248_318
248_319
248_320
248_321
248_322
248_323
248_324
248_325
248_326
248_327
248_328
248_329
248_330
248_331
248_332
248_333
248_334
248_335
248_336
248_337
248_338
248_339
248_340
248_341
248_342
248_343
248_344
248_345
248_346
248_347
248_348
248_349
248_350
248_351
248_352
248_353
248_354
248_355
248_356
248_357
248_358
248_359
248_360
248_361
248_362
248_363
248_364
248_365
248_366
248_367
248_368
248_369
248_370
248_371
248_372
248_373
248_374
248_375
248_376
248_377
248_378
248_379
248_380
248_381
248_382
248_383
248_384
248_385
248_386
248_387
248_388
248_389
248_390
248_391
248_392
248_393
248_394
248_395
248_396
248_397
248_398
248_399
248_400
248_401
248_402
248_403
248_404
248_405
248_406
248_407
248_408
248_409
248_410
248_411
248_412
248_413
248_414
248_415
248_416
248_417
248_418
248_419
248_420
248_421
248_422
248_423
248_424
248_425
248_426
248_427
248_428
248_429
248_430
248_431
248_432
248_433
248_434
248_435
248_436
248_437
248_438
248_439
248_440
248_441
248_442
248_443
248_444
248_445
248_446
248_447
248_448
248_449
248_450
248_451
248_452
248_453
248_454
248_455
248_456
248_457
248_458
248_459
248_460
248_461
248_462
248_463
248_464
248_465
248_466
248_467
248_468
248_469
248_470
248_471
248_472
248_473
248_474
248_475
248_476
248_477
248_478
248_479
248_480
248_481
248_482
248_483
248_484
248_485
248_486
248_487
248_488
248_489
248_490
248_491
248_492
248_493
248_494
248_495
248_496
248_497
248_498
248_499
248_500
248_501
248_502
248_503
248_504
248_505
248_506
248_507
248_508
248_509
248_510
248_511
248_512
248_513
248_514
248_515
248_516
248_517
248_518
248_519
248_520
248_521
248_522
248_523
248_524
248_525
248_526
248_527
248_528
248_529
248_530
248_531
248_532
248_533
248_534
248_535
248_536
248_537
248_538
248_539
248_540
248_541
248_542
248_543
248_544
248_545
248_546
248_547
248_548
248_549
248_550
248_551
248_552
248_553
248_554
248_555
248_556
248_557
248_558
248_559
248_560
248_561
248_562
248_563
248_564
248_565
248_566
248_567
248_568
248_569
248_570
248_571
248_572
248_573
248_574
248_575
248_576
248_577
248_578
248_579
248_580
248_581
248_582
248_583
248_584
248_585
248_586
248_587
248_588
248_589
248_590
248_591
248_592
248_593
248_594
248_595
248_596
248_597
248_598
248_599
248_600
248_601
248_602
248_603
248_604
248_605
248_606
248_607
248_608
248_609
248_610
248_611
248_612
248_613
248_614
248_615
248_616
248_617
248_618
248_619
248_620
248_621
248_622
248_623
248_624
248_625
248_626
248_627
248_628
248_629
248_630
248_631
248_632
248_633
248_634
248_635
248_636
248_637
248_638
248_639
248_640
248_641
248_642
248_643
248_644
248_645
248_646
248_647
248_648
248_649
248_650
248_651
248_652
248_653
248_654
248_655
248_656
248_657
248_658
248_659
248_660
248_661
248_662
248_663
248_664
248_665
248_666
248_667
248_668
248_669
248_670
248_671
248_672
248_673
248_674
248_675
248_676
248_677
248_678
248_679
248_680
248_681
249_40
249_41
249_42
249_43
249_44
249_45
249_46
249_47
249_48
249_49
249_50
249_51
249_52
249_53
249_54
249_55
249_56
249_57
249_58
249_59
249_60
249_61
249_62
249_63
249_64
249_65
249_66
249_67
249_68
249_69
249_70
249_71
249_72
249_73
249_74
249_75
249_76
249_77
249_78
249_79
249_80
249_81
249_82
249_83
249_84
249_85
249_86
249_87
249_88
249_89
249_90
249_91
249_92
249_93
249_94
249_95
249_96
249_97
249_98
249_99
249_100
249_101
249_102
249_103
249_104
249_105
249_106
249_107
249_108
249_109
249_110
249_111
249_112
249_113
249_114
249_115
249_116
249_117
249_118
249_119
249_120
249_121
249_122
249_123
249_124
249_125
249_126
249_127
249_128
249_129
249_130
249_131
249_132
249_133
249_134
249_135
249_136
249_137
249_138
249_139
249_140
249_141
249_142
249_143
249_144
249_145
249_146
249_147
249_148
249_149
249_150
249_151
249_152
249_153
249_154
249_155
249_156
249_157
249_158
249_159
249_160
249_161
249_162
249_163
249_164
249_165
249_166
249_167
249_168
249_169
249_170
249_171
249_172
249_173
249_174
249_175
249_176
249_177
249_178
249_179
249_180
249_181
249_182
249_183
249_184
249_185
249_186
249_187
249_188
249_189
249_190
249_191
249_192
249_193
249_194
249_195
249_196
249_197
249_198
249_199
249_200
249_201
249_202
249_203
249_204
249_205
249_206
249_207
249_208
249_209
249_210
249_211
249_212
249_213
249_214
249_215
249_216
249_217
249_218
249_219
249_220
249_221
249_222
249_223
249_224
249_225
249_226
249_227
249_228
249_229
249_230
249_231
249_232
249_233
249_234
249_235
249_236
249_237
249_238
249_239
249_240
249_241
249_242
249_243
249_244
249_245
249_246
249_247
249_248
249_249
249_250
249_251
249_252
249_253
249_254
249_255
249_256
249_257
249_258
249_259
249_260
249_261
249_262
249_263
249_264
249_265
249_266
249_267
249_268
249_269
249_270
249_271
249_272
249_273
249_274
249_275
249_276
249_277
249_278
249_279
249_280
249_281
249_282
249_283
249_284
249_285
249_286
249_287
249_288
249_289
249_290
249_291
249_292
249_293
249_294
249_295
249_296
249_297
249_298
249_299
249_300
249_301
249_302
249_303
249_304
249_305
249_306
249_307
249_308
249_309
249_310
249_311
249_312
249_313
249_314
249_315
249_316
249_317
249_318
249_319
249_320
249_321
249_322
249_323
249_324
249_325
249_326
249_327
249_328
249_329
249_330
249_331
249_332
249_333
249_334
249_335
249_336
249_337
249_338
249_339
249_340
249_341
249_342
249_343
249_344
249_345
249_346
249_347
249_348
249_349
249_350
249_351
249_352
249_353
249_354
249_355
249_356
249_357
249_358
249_359
249_360
249_361
249_362
249_363
249_364
249_365
249_366
249_367
249_368
249_369
249_370
249_371
249_372
249_373
249_374
249_375
249_376
249_377
249_378
249_379
249_380
249_381
249_382
249_383
249_384
249_385
249_386
249_387
249_388
249_389
249_390
249_391
249_392
249_393
249_394
249_395
249_396
249_397
249_398
249_399
249_400
249_401
249_402
249_403
249_404
249_405
249_406
249_407
249_408
249_409
249_410
249_411
249_412
249_413
249_414
249_415
249_416
249_417
249_418
249_419
249_420
249_421
249_422
249_423
249_424
249_425
249_426
249_427
249_428
249_429
249_430
249_431
249_432
249_433
249_434
249_435
249_436
249_437
249_438
249_439
249_440
249_441
249_442
249_443
249_444
249_445
249_446
249_447
249_448
249_449
249_450
249_451
249_452
249_453
249_454
249_455
249_456
249_457
249_458
249_459
249_460
249_461
249_462
249_463
249_464
249_465
249_466
249_467
249_468
249_469
249_470
249_471
249_472
249_473
249_474
249_475
249_476
249_477
249_478
249_479
249_480
249_481
249_482
249_483
249_484
249_485
249_486
249_487
249_488
249_489
249_490
249_491
249_492
249_493
249_494
249_495
249_496
249_497
249_498
249_499
249_500
249_501
249_502
249_503
249_504
249_505
249_506
249_507
249_508
249_509
249_510
249_511
249_512
249_513
249_514
249_515
249_516
249_517
249_518
249_519
249_520
249_521
249_522
249_523
249_524
249_525
249_526
249_527
249_528
249_529
249_530
249_531
249_532
249_533
249_534
249_535
249_536
249_537
249_538
249_539
249_540
249_541
249_542
249_543
249_544
249_545
249_546
249_547
249_548
249_549
249_550
249_551
249_552
249_553
249_554
249_555
249_556
249_557
249_558
249_559
249_560
249_561
249_562
249_563
249_564
249_565
249_566
249_567
249_568
249_569
249_570
249_571
249_572
249_573
249_574
249_575
249_576
249_577
249_578
249_579
249_580
249_581
249_582
249_583
249_584
249_585
249_586
249_587
249_588
249_589
249_590
249_591
249_592
249_593
249_594
249_595
249_596
249_597
249_598
249_599
249_600
249_601
249_602
249_603
249_604
249_605
249_606
249_607
249_608
249_609
249_610
249_611
249_612
249_613
249_614
249_615
249_616
249_617
249_618
249_619
249_620
249_621
249_622
249_623
249_624
249_625
249_626
249_627
249_628
249_629
249_630
249_631
249_632
249_633
249_634
249_635
249_636
249_637
249_638
249_639
249_640
249_641
249_642
249_643
249_644
249_645
249_646
249_647
249_648
249_649
249_650
249_651
249_652
249_653
249_654
249_655
249_656
249_657
249_658
249_659
249_660
249_661
249_662
249_663
249_664
249_665
249_666
249_667
249_668
249_669
249_670
249_671
249_672
249_673
249_674
249_675
249_676
249_677
249_678
249_679
249_680
249_681
249_682
249_683
249_684
249_685
249_686
249_687
249_688
249_689
249_690
249_691
249_692
249_693
249_694
249_695
249_696
249_697
249_698
249_699
249_700
249_701
249_702
249_703
249_704
249_705
249_706
249_707
249_708
249_709
249_710
249_711
249_712
249_713
249_714
249_715
249_716
249_717
249_718
249_719
249_720
249_721
249_722
249_723
249_724
249_725
249_726
249_727
249_728
249_729
249_730
249_731
249_732
249_733
249_734
249_735
249_736
249_737
249_738
249_739
249_740
249_741
249_742
249_743
249_744
249_745
249_746
249_747
249_748
249_749
249_750
249_751
249_752
249_753
249_754
250_40
250_41
250_42
250_43
250_44
250_45
250_46
250_47
250_48
250_49
250_50
250_51
250_52
250_53
250_54
250_55
250_56
250_57
250_58
250_59
250_60
250_61
250_62
250_63
250_64
250_65
250_66
250_67
250_68
250_69
250_70
250_71
250_72
250_73
250_74
250_75
250_76
250_77
250_78
250_79
250_80
250_81
250_82
250_83
250_84
250_85
250_86
250_87
250_88
250_89
250_90
250_91
250_92
250_93
250_94
250_95
250_96
250_97
250_98
250_99
250_100
250_101
250_102
250_103
250_104
250_105
250_106
250_107
250_108
250_109
250_110
250_111
250_112
250_113
250_114
250_115
250_116
250_117
250_118
250_119
250_120
250_121
250_122
250_123
250_124
250_125
250_126
250_127
250_128
250_129
250_130
250_131
250_132
250_133
250_134
250_135
250_136
250_137
250_138
250_139
250_140
250_141
250_142
250_143
250_144
250_145
250_146
250_147
250_148
250_149
250_150
250_151
250_152
250_153
250_154
250_155
250_156
250_157
250_158
250_159
250_160
250_161
250_162
250_163
250_164
250_165
250_166
250_167
250_168
250_169
250_170
250_171
250_172
250_173
250_174
250_175
250_176
250_177
250_178
250_179
250_180
250_181
250_182
250_183
250_184
250_185
250_186
250_187
250_188
250_189
250_190
250_191
250_192
250_193
250_194
250_195
250_196
250_197
250_198
250_199
250_200
250_201
250_202
250_203
250_204
250_205
250_206
250_207
250_208
250_209
250_210
250_211
250_212
250_213
250_214
250_215
250_216
250_217
250_218
250_219
250_220
250_221
250_222
250_223
250_224
250_225
250_226
250_227
250_228
250_229
250_230
250_231
250_232
250_233
250_234
250_235
250_236
250_237
250_238
250_239
250_240
250_241
250_242
250_243
250_244
250_245
250_246
250_247
250_248
250_249
250_250
250_251
250_252
250_253
250_254
250_255
250_256
250_257
250_258
250_259
250_260
250_261
250_262
250_263
250_264
250_265
250_266
250_267
250_268
250_269
250_270
250_271
250_272
250_273
250_274
250_275
250_276
250_277
250_278
250_279
250_280
250_281
250_282
250_283
250_284
250_285
250_286
250_287
250_288
250_289
250_290
250_291
250_292
250_293
250_294
250_295
250_296
250_297
250_298
250_299
250_300
250_301
250_302
250_303
250_304
250_305
250_306
250_307
250_308
250_309
250_310
250_311
250_312
250_313
250_314
250_315
250_316
250_317
250_318
250_319
250_320
250_321
250_322
250_323
250_324
250_325
250_326
250_327
250_328
250_329
250_330
250_331
250_332
250_333
250_334
250_335
250_336
250_337
250_338
250_339
250_340
250_341
250_342
250_343
250_344
250_345
250_346
250_347
250_348
250_349
250_350
250_351
250_352
250_353
250_354
250_355
250_356
250_357
250_358
250_359
250_360
250_361
250_362
250_363
250_364
250_365
Time taken for inference:  592.2701046466827
